tier,mod_name,author,category,version,endorsements,last_updated,status,tier_reason,nexus_url,nexus_mod_id,mod_uid
1,Baldur's Gate 3 Mod Fixer,Chance Santana-Wees,Miscellaneous,1.1,95637,2023-08-22T14:47:25.000+00:00,published,dependency_floor_10plus,https://www.nexusmods.com/baldursgate3/mods/141,141,141
1,ImpUI (ImprovedUI),AlanaSP ShinyHobo Djmr Zee and bibsan,User Interface,2.1.0.82,86828,2025-04-22T19:54:35.000+00:00,published,"global_top3pct,category_top5pct,dependency_floor_10plus",https://www.nexusmods.com/baldursgate3/mods/366,366,366
1,Tav's Hair Salon,Toarie,Character Customisation,V.2.0.0.0,60915,2024-10-30T02:25:46.000+00:00,published,"global_top3pct,category_top5pct,dependency_floor_10plus",https://www.nexusmods.com/baldursgate3/mods/213,213,213
1,Basket Full of Equipment. NSFW version,AnteMaxx,Equipment,1.1.5,47203,2023-12-24T20:32:10.000+00:00,published,"category_top20pct_item,dependency_floor_10plus,prolific_author",https://www.nexusmods.com/baldursgate3/mods/97,97,97
1,5e Spells,Celes,Spells,2.4.3.0,42923,2026-05-24T15:56:11.000+00:00,published,"global_top3pct,category_top5pct,dependency_floor_10plus",https://www.nexusmods.com/baldursgate3/mods/125,125,125
1,Party Limit Begone,Sildur,Utilities,3.5,41885,2026-03-28T00:54:32.000+00:00,published,"global_top3pct,category_top5pct",https://www.nexusmods.com/baldursgate3/mods/327,327,327
1,Vessnelle's Hair Collection,Vessnelle,Character Customisation,1.0,30372,2024-03-30T02:59:23.000+00:00,published,dependency_closure_inherited,https://www.nexusmods.com/baldursgate3/mods/1420,1420,1420
1,Tutorial Chest Summoning,wesslen,Miscellaneous,2.10.2,29940,2026-05-18T16:53:13.000+00:00,published,"global_top3pct,category_top5pct,category_floor,dependency_floor_10plus,prolific_author",https://www.nexusmods.com/baldursgate3/mods/457,457,457
1,Native Camera Tweaks,Ersh,Gameplay,2.4.5,29824,2025-09-23T22:08:42.000+00:00,published,"global_top3pct,category_top5pct",https://www.nexusmods.com/baldursgate3/mods/945,945,945
1,New Character Creation Presets,Toarie,Character Customisation,V.1.7.0.0,28343,2024-10-30T02:35:32.000+00:00,published,"global_top3pct,category_top5pct",https://www.nexusmods.com/baldursgate3/mods/205,205,205
1,Basket Full of Equipment. SFW version,AnteMaxx,Equipment,1.1.5,25919,2023-12-24T21:02:15.000+00:00,published,"category_top20pct_item,dependency_floor_10plus,prolific_author",https://www.nexusmods.com/baldursgate3/mods/87,87,87
1,WASD Character Movement,Ch4nKyy,Gameplay,1.9.9,25134,2026-06-16T14:52:24.000+00:00,published,"global_top3pct,category_top5pct",https://www.nexusmods.com/baldursgate3/mods/781,781,781
1,Faces of Faerun,Aloija,Character Customisation,2.2.1.0,24965,2025-04-20T10:11:45.000+00:00,published,"global_top3pct,category_top5pct",https://www.nexusmods.com/baldursgate3/mods/429,429,429
1,Appearance Edit Enhanced,Eralyne,Character Customisation,3.1.3,24939,2026-01-31T22:28:17.000+00:00,published,"global_top3pct,category_top5pct,dependency_floor_10plus",https://www.nexusmods.com/baldursgate3/mods/899,899,899
1,UnlockLevelCurve - Level 13-20 I PATCH 8,Charis,Gameplay,2.0.0.27,23661,2026-04-19T14:10:28.000+00:00,published,"global_top3pct,category_top5pct,dependency_floor_10plus",https://www.nexusmods.com/baldursgate3/mods/377,377,377
1,Baldur's Gate 3 Script Extender (BG3SE),Norbyte,Utilities,v32-20260621-hotfix1,23476,2026-06-21T19:22:22.000+00:00,published,"global_top3pct,category_top5pct,category_floor,dependency_floor_10plus",https://www.nexusmods.com/baldursgate3/mods/2172,2172,2172
1,Carry Weight Increased - Up To Over 9000,Mharius,Gameplay,4.35-P8,19870,2025-07-23T19:19:35.000+00:00,published,"global_top3pct,category_top5pct,prolific_author",https://www.nexusmods.com/baldursgate3/mods/522,522,522
1,Eyes of the Beholder,labotor,Character Customisation,2.9.1,19710,2025-01-06T12:19:36.000+00:00,published,"global_top3pct,category_top5pct,dependency_floor_10plus,prolific_author",https://www.nexusmods.com/baldursgate3/mods/315,315,315
1,Horns of Faerun,Aloija,Character Customisation,2.0.1,19527,2026-01-25T15:32:28.000+00:00,published,"global_top3pct,category_top5pct",https://www.nexusmods.com/baldursgate3/mods/466,466,466
1,Transmog Enhanced,Eralyne and Wayden,Gameplay,1.1.2,19342,2024-05-03T07:57:49.000+00:00,published,"category_top5pct,dependency_floor_10plus",https://www.nexusmods.com/baldursgate3/mods/2922,2922,2922
1,Icon and Race Patches for Tav's Hair Salon,perseidipity,Miscellaneous,2.0.0,18699,2025-05-02T17:11:10.000+00:00,published,prolific_author,https://www.nexusmods.com/baldursgate3/mods/3346,3346,3346
1,Basket Equipment to Camp Clothing,AnteMaxx,Equipment,1.1.5,17705,2023-12-31T23:23:09.000+00:00,published,prolific_author,https://www.nexusmods.com/baldursgate3/mods/744,744,744
1,Trips' Shader Pack,Trips,Utilities,2.1.0.0,17037,2024-09-08T21:05:32.000+00:00,published,dependency_floor_10plus,https://www.nexusmods.com/baldursgate3/mods/4752,4752,4752
1,BG3SX - Sex Framework,Lune - Skiz - Satan,Gameplay,2.0.2,16827,2026-01-12T21:51:24.000+00:00,published,"global_top3pct,category_top5pct,dependency_floor_10plus",https://www.nexusmods.com/baldursgate3/mods/6045,6045,6045
1,Unique Tav Custom Appearance,kartoffel Trips KittHaven,Character Customisation,1.6.3,15822,2024-06-19T16:24:38.000+00:00,published,"category_top5pct,dependency_floor_10plus",https://www.nexusmods.com/baldursgate3/mods/2754,2754,2754
1,Less Wrinkled Expression and Forehead for Face,commanderstrawberry,Visuals,1,14984,2025-05-10T13:40:15.000+00:00,published,"global_top3pct,category_top5pct,dependency_floor_10plus,prolific_author",https://www.nexusmods.com/baldursgate3/mods/1058,1058,1058
1,Better Containers,Caites,User Interface,1.7.9,14578,2025-04-15T20:03:38.000+00:00,published,prolific_author,https://www.nexusmods.com/baldursgate3/mods/1416,1416,1416
1,Baldur's Gate 3 Community Library,BG3 Community Library Team,Resources,2.3.0.2,14071,2025-08-04T23:40:23.000+00:00,published,"global_top3pct,category_top5pct,dependency_floor_10plus,prolific_author",https://www.nexusmods.com/baldursgate3/mods/1333,1333,1333
1,Compatibility Framework,BG3 Community Library Team,Utilities,2.9.2.0,14030,2026-04-14T22:03:25.000+00:00,published,"global_top3pct,category_top5pct,dependency_floor_10plus,prolific_author",https://www.nexusmods.com/baldursgate3/mods/1933,1933,1933
1,P4 Patches,Padme4000,Character Customisation,VFX5.1.0.16,13430,2026-06-06T20:46:06.000+00:00,published,"global_top3pct,category_top5pct,category_floor,dependency_floor_10plus,prolific_author",https://www.nexusmods.com/baldursgate3/mods/353,353,353
1,Mod Configuration Menu (MCM),Volitio,Utilities,1.40.1,13372,2026-03-07T01:08:01.000+00:00,published,"global_top3pct,category_top5pct,dependency_floor_10plus,prolific_author",https://www.nexusmods.com/baldursgate3/mods/9162,9162,9162
1,Astralities' Hair Color Supplement,Astralities,Visuals,3.0,12646,2025-04-18T19:36:41.000+00:00,published,"global_top3pct,category_top5pct,prolific_author",https://www.nexusmods.com/baldursgate3/mods/2002,2002,2002
1,Scantily Camp Outfit,Crosscrusade,Clothing,2.0.83.2,12302,2025-01-26T19:58:18.000+00:00,published,"global_top3pct,category_top20pct_item",https://www.nexusmods.com/baldursgate3/mods/2617,2617,2617
1,Aether's Black Dye - Item Shipment Framework,Aether,Equipment,1.05,11989,2024-04-13T14:28:24.000+00:00,published,"category_top20pct_item,prolific_author",https://www.nexusmods.com/baldursgate3/mods/1177,1177,1177
1,Extra Gear,pooteeweet,Equipment,1.6,11189,2024-09-27T20:17:52.000+00:00,published,category_top20pct_item,https://www.nexusmods.com/baldursgate3/mods/3483,3483,3483
1,Everybody Dyes Unlimited Dyeing,Loktide,Gameplay,1.0,10866,2023-08-14T17:38:52.000+00:00,published,prolific_author,https://www.nexusmods.com/baldursgate3/mods/936,936,936
1,Artificer class and all subclasses,KiderionLykon,Classes,2.22.0,10435,2024-10-20T12:34:56.000+00:00,published,"global_top3pct,category_top5pct,dependency_floor_10plus",https://www.nexusmods.com/baldursgate3/mods/1779,1779,1779
1,Gold Zero Weight,Loktide,Gameplay,1.0,10399,2023-08-06T21:55:47.000+00:00,published,prolific_author,https://www.nexusmods.com/baldursgate3/mods/616,616,616
1,Better Hotbar 2,Caites Vova2112 Shad0wlife,User Interface,2.0.0.34,10131,2025-04-18T16:34:47.000+00:00,published,"global_top3pct,category_top5pct",https://www.nexusmods.com/baldursgate3/mods/2417,2417,2417
1,xx's New Female Head Preset for Human-Drow-Elf-HalfElf-Tiefling,Csxx520,Character Customisation,2.5,9819,2023-10-22T05:27:39.000+00:00,published,dependency_closure_inherited,https://www.nexusmods.com/baldursgate3/mods/3024,3024,3024
1,Feats Extra,LostSoulMan,Gameplay,1.71,9275,2026-02-10T00:33:21.000+00:00,published,"global_top3pct,category_top5pct,prolific_author",https://www.nexusmods.com/baldursgate3/mods/167,167,167
1,Ellian's Hair,hijimare,Character Customisation,2.3,8515,2023-10-01T20:25:28.000+00:00,published,prolific_author,https://www.nexusmods.com/baldursgate3/mods/1394,1394,1394
1,Basket Underwear to Underwear Slot,AnteMaxx,Equipment,1.0.8,8444,2023-09-09T14:32:32.000+00:00,published,prolific_author,https://www.nexusmods.com/baldursgate3/mods/1186,1186,1186
1,Volition Cabinet,Volitio - Focus,Resources,1.16.0,8232,2026-01-14T20:48:28.000+00:00,published,"global_top3pct,category_top5pct,category_floor,dependency_floor_10plus",https://www.nexusmods.com/baldursgate3/mods/7676,7676,7676
1,LegendaryItems Release Update,Oiff,Equipment,1.46,7850,2023-09-25T18:37:48.000+00:00,published,category_top20pct_item,https://www.nexusmods.com/baldursgate3/mods/146,146,146
1,More levels with feats,Serhii,Gameplay,7,7832,2024-06-29T13:23:49.000+00:00,published,category_top5pct,https://www.nexusmods.com/baldursgate3/mods/670,670,670
1,Whispers of the Divine - Aasimar Definitive Edition,Trips,Races,DE2.0.0.0,7779,2024-09-08T13:26:09.000+00:00,published,dependency_floor_10plus,https://www.nexusmods.com/baldursgate3/mods/4159,4159,4159
1,Gale's Wizardly Updo,Matrinyx,Character Customisation,1.2.0,7650,2024-10-14T14:03:46.000+00:00,published,"global_top3pct,category_top5pct",https://www.nexusmods.com/baldursgate3/mods/3546,3546,3546
1,Better Inventory UI,Caites,User Interface,1.4.4,7597,2025-09-23T17:58:54.000+00:00,published,"global_top3pct,category_top5pct,prolific_author",https://www.nexusmods.com/baldursgate3/mods/4597,4597,4597
1,Better Maps All-In-One,Caites,User Interface,1.3.3,7502,2025-04-16T06:01:53.000+00:00,published,prolific_author,https://www.nexusmods.com/baldursgate3/mods/2256,2256,2256
1,VFX Library by Shivero (Part 1),Shivero,Visuals,1.4.2.0,7465,2024-09-13T17:19:26.000+00:00,published,"category_top5pct,dependency_floor_10plus,prolific_author",https://www.nexusmods.com/baldursgate3/mods/3888,3888,3888
1,Better Character and Party Panels,Caites,User Interface,1.7.2,7266,2025-04-16T10:35:59.000+00:00,published,"global_top3pct,category_top5pct,prolific_author",https://www.nexusmods.com/baldursgate3/mods/1580,1580,1580
1,Half angel ( Aasimar 5E ),Ren,Races,1.4.1,7177,2024-10-19T16:10:42.000+00:00,published,"global_top3pct,category_top5pct,prolific_author",https://www.nexusmods.com/baldursgate3/mods/1824,1824,1824
1,Beautiful Curvy Body and Sexy Outfits (Over 700 Outfits),Sindae,Character Customisation,3.16a,7064,2026-04-29T21:18:52.000+00:00,published,"global_top3pct,category_top5pct,prolific_author",https://www.nexusmods.com/baldursgate3/mods/2351,2351,2351
1,Trips' Accessory Collection,Trips,Visuals,2.0.0.0,6899,2024-09-08T14:12:08.000+00:00,published,category_top5pct,https://www.nexusmods.com/baldursgate3/mods/2067,2067,2067
1,Better Target Info,Caites,User Interface,1.2.8,6538,2025-04-15T18:48:10.000+00:00,published,prolific_author,https://www.nexusmods.com/baldursgate3/mods/3269,3269,3269
1,No Intro,Caites,User Interface,1.0.4,6476,2026-01-20T14:33:11.000+00:00,published,prolific_author,https://www.nexusmods.com/baldursgate3/mods/680,680,680
1,OIO - Overexplained Interaction Options - DCs Approvals and Flags in Dialogues,xmas214,User Interface,8.0.0,6365,2025-04-15T22:10:35.000+00:00,published,"global_top3pct,category_top5pct",https://www.nexusmods.com/baldursgate3/mods/2631,2631,2631
1,Astralities' Skintone Expansion - Natural Tones,Astralities,Character Customisation,2.0,6207,2025-04-18T23:02:36.000+00:00,published,prolific_author,https://www.nexusmods.com/baldursgate3/mods/2536,2536,2536
1,Expansion Level 13-20 (Configurable),Celes,Gameplay,1.7.3.6,6005,2026-06-07T23:55:32.000+00:00,published,"global_top3pct,category_top5pct,category_floor,dependency_floor_10plus",https://www.nexusmods.com/baldursgate3/mods/279,279,279
1,Astral Sea Dice Set,JohnZyxx,Dice,1.4,5968,2024-10-13T08:30:33.000+00:00,published,"category_top5pct,category_floor",https://www.nexusmods.com/baldursgate3/mods/1266,1266,1266
1,Vlad's Grimoire - Spell VFX Library,VladmirFFXI,Visuals,1.9.0.9,5866,2024-10-30T03:41:06.000+00:00,published,"global_top3pct,category_top5pct,dependency_floor_10plus",https://www.nexusmods.com/baldursgate3/mods/1820,1820,1820
1,Dissidia Hair - ALL BODY TYPES -,suro,Character Customisation,2.5,5792,2023-12-28T05:28:24.000+00:00,published,dependency_closure_inherited,https://www.nexusmods.com/baldursgate3/mods/4021,4021,4021
1,Modular Equipment,wesslen,Clothing,2.8,5781,2025-11-17T17:33:28.000+00:00,published,"global_top3pct,category_top20pct_item,prolific_author",https://www.nexusmods.com/baldursgate3/mods/443,443,443
1,No Press Any Key Menu,Caites,User Interface,1.9.0,5706,2025-04-16T18:41:10.000+00:00,published,prolific_author,https://www.nexusmods.com/baldursgate3/mods/745,745,745
1,Aether's Immersive UI,Aether,User Interface,1.11.0.0,5688,2025-04-17T21:04:06.000+00:00,published,prolific_author,https://www.nexusmods.com/baldursgate3/mods/1279,1279,1279
1,Choose Your Stats (CYS),LostSoulMan,Gameplay,2.53,5654,2026-06-27T10:37:32.000+00:00,published,prolific_author,https://www.nexusmods.com/baldursgate3/mods/206,206,206
1,Myky's Heads,myky24,Character Customisation,1.7.2,5585,2025-10-15T13:18:16.000+00:00,published,"global_top3pct,category_top5pct",https://www.nexusmods.com/baldursgate3/mods/11274,11274,11274
1,Astralities' Fantasy Skintone Expansion,Astralities,Visuals,2.0,5552,2025-04-18T23:08:16.000+00:00,published,"global_top3pct,category_top5pct,prolific_author",https://www.nexusmods.com/baldursgate3/mods/2900,2900,2900
1,Astralities' Glow Eyes,Astralities,Character Customisation,2.1,5402,2026-01-27T17:37:28.000+00:00,published,"global_top3pct,category_top5pct,prolific_author",https://www.nexusmods.com/baldursgate3/mods/4964,4964,4964
1,Loulette Heads,Loulette,Character Customisation,1,5356,2026-06-04T16:26:07.000+00:00,published,"global_top3pct,category_top5pct",https://www.nexusmods.com/baldursgate3/mods/470,470,470
1,Dynamic Sidebar,Caites,User Interface,1.3.9,5310,2025-07-12T10:29:06.000+00:00,published,prolific_author,https://www.nexusmods.com/baldursgate3/mods/2668,2668,2668
1,Better Context Menu,Caites,User Interface,1.3.3,5261,2025-09-23T17:44:33.000+00:00,published,prolific_author,https://www.nexusmods.com/baldursgate3/mods/3617,3617,3617
1,Loviatar's Claws,ReallyLazyIcarus,Equipment,1.17.0,5170,2024-04-21T17:34:44.000+00:00,published,"category_top20pct_item,dependency_floor_10plus,prolific_author",https://www.nexusmods.com/baldursgate3/mods/2097,2097,2097
1,Drow Priestess Robe,Hexiplexer,Equipment,1.0,5140,2023-08-22T21:49:18.000+00:00,published,category_top20pct_item,https://www.nexusmods.com/baldursgate3/mods/800,800,800
1,Fancy Camp Clothes,pooteeweet,Equipment,1.1.0.1,5093,2024-09-29T13:20:16.000+00:00,published,category_top20pct_item,https://www.nexusmods.com/baldursgate3/mods/6919,6919,6919
1,Tasha's Cauldron of Hairstyles,TashaWeeds,Character Customisation,2.8,5045,2024-06-05T02:38:33.000+00:00,published,prolific_author,https://www.nexusmods.com/baldursgate3/mods/5549,5549,5549
1,Divine Curse Framework,ReallyLazyIcarus,Utilities,2.2.2,5004,2025-02-01T03:40:07.000+00:00,published,"global_top3pct,category_top5pct,prolific_author",https://www.nexusmods.com/baldursgate3/mods/3681,3681,3681
1,Astarion's Gear,Cerberry,Equipment,2.0,4966,2024-10-22T16:20:02.000+00:00,published,"global_top3pct,category_top20pct_item,prolific_author",https://www.nexusmods.com/baldursgate3/mods/8755,8755,8755
1,Universal Armour Fixer (Deprecated),wesslen,Miscellaneous,1.1.1,4917,2024-01-20T13:54:24.000+00:00,published,prolific_author,https://www.nexusmods.com/baldursgate3/mods/2092,2092,2092
1,Better Topbar,Caites,User Interface,1.2.9,4906,2025-04-15T19:26:31.000+00:00,published,prolific_author,https://www.nexusmods.com/baldursgate3/mods/2790,2790,2790
1,AV Item Shipment Framework (AV ISF),Aether and Volitio,Utilities,1.4.0,4694,2024-06-01T21:18:59.000+00:00,published,dependency_floor_10plus,https://www.nexusmods.com/baldursgate3/mods/8295,8295,8295
1,Auto Send Food To Camp,Volitio,Gameplay,2.4.0,4621,2025-05-15T21:01:26.000+00:00,published,prolific_author,https://www.nexusmods.com/baldursgate3/mods/6086,6086,6086
1,Remodelled Frame Body,ReallyLazyIcarus,Visuals,2.2.0,4619,2024-05-22T20:43:55.000+00:00,published,"category_top5pct,dependency_floor_10plus,prolific_author",https://www.nexusmods.com/baldursgate3/mods/3087,3087,3087
1,Lewd Add-on Animations for BG3SX Framework,ltptib,Animations,2.2.0.9,4504,2026-05-25T03:50:27.000+00:00,published,"global_top3pct,category_top5pct,category_floor",https://www.nexusmods.com/baldursgate3/mods/12097,12097,12097
1,SBBF Stylized Beautiful Body for Female,Fred_Karrera,Character Customisation,1.4,4453,2024-04-06T03:11:09.000+00:00,published,dependency_floor_10plus,https://www.nexusmods.com/baldursgate3/mods/4864,4864,4864
1,Angel Wings And Halos ____ By Ren,Ren,Character Customisation,1.0,4437,2024-02-16T20:38:06.000+00:00,published,prolific_author,https://www.nexusmods.com/baldursgate3/mods/4587,4587,4587
1,Damage Preview 2,Caites,User Interface,1.0.8,4418,2025-04-15T18:05:21.000+00:00,published,prolific_author,https://www.nexusmods.com/baldursgate3/mods/4137,4137,4137
1,Ellian's heads,hijimare,Character Customisation,1.1,4304,2023-12-10T03:50:28.000+00:00,published,prolific_author,https://www.nexusmods.com/baldursgate3/mods/2939,2939,2939
1,FaerunColors ( Dye and color sets),TechRoot,Character Customisation,1.6.7.10,4269,2026-05-09T16:23:19.000+00:00,published,"global_top3pct,category_top5pct",https://www.nexusmods.com/baldursgate3/mods/3661,3661,3661
1,Golden Death Dice,RubenLime,Dice,1,4207,2023-08-26T22:20:39.000+00:00,published,category_top5pct,https://www.nexusmods.com/baldursgate3/mods/1470,1470,1470
1,Sharess's Embrace,ReallyLazyIcarus,Equipment,2.1.0,4206,2024-05-21T04:18:38.000+00:00,published,"category_top20pct_item,prolific_author",https://www.nexusmods.com/baldursgate3/mods/2621,2621,2621
1,BG3AF - Animation Framework,Skiz and Satan,Animations,1.0.0,4196,2025-12-14T11:51:19.000+00:00,published,"global_top3pct,category_top5pct",https://www.nexusmods.com/baldursgate3/mods/16207,16207,16207
1,Hexblade Subclass and New Invocations (Separate Mods),Feriat111 and Areqa,Classes,1.9.7,4103,2024-01-05T19:57:48.000+00:00,published,dependency_closure_inherited,https://www.nexusmods.com/baldursgate3/mods/1100,1100,1100
1,Sindae's Texture Pack,Sindae,Visuals,1.15,4007,2026-04-29T20:32:17.000+00:00,published,"global_top3pct,category_top5pct,category_floor,prolific_author",https://www.nexusmods.com/baldursgate3/mods/9716,9716,9716
1,Ciri's Clothes,wesslen,Clothing,1.1.9,3991,2026-04-17T08:34:15.000+00:00,published,"global_top3pct,category_top20pct_item,category_floor,prolific_author",https://www.nexusmods.com/baldursgate3/mods/519,519,519
1,Myky's Hairstyles,myky24,Character Customisation,1.7.2,3985,2025-12-10T14:47:20.000+00:00,published,"global_top3pct,category_top5pct,dependency_floor_10plus",https://www.nexusmods.com/baldursgate3/mods/16198,16198,16198
1,Half-Tiefs (Tiefling Horns and Tail for All),labotor,Character Customisation,1.9.2,3958,2025-04-23T12:12:02.000+00:00,published,"global_top3pct,category_top5pct,prolific_author",https://www.nexusmods.com/baldursgate3/mods/2538,2538,2538
1,Lazy's Heads and Hair,ReallyLazyIcarus,Character Customisation,1.3.0,3947,2023-12-04T23:53:51.000+00:00,published,prolific_author,https://www.nexusmods.com/baldursgate3/mods/3633,3633,3633
1,Hugs,Cerberry,Miscellaneous,5.0,3873,2024-12-13T15:20:29.000+00:00,published,prolific_author,https://www.nexusmods.com/baldursgate3/mods/9117,9117,9117
1,P4 Bangs Bangs Everywhere (a Fringes and Extra Hair mod),Padme4000,Character Customisation,2.0.1.0,3869,2025-05-07T09:54:53.000+00:00,published,"global_top3pct,category_top5pct,prolific_author",https://www.nexusmods.com/baldursgate3/mods/4681,4681,4681
1,Demon Eyes - Eye Color Collection,Astralities,Visuals,2.0,3863,2025-04-18T21:57:29.000+00:00,published,prolific_author,https://www.nexusmods.com/baldursgate3/mods/4974,4974,4974
1,Cute dice collection,MentalHygiene,Dice,1.0,3840,2023-08-26T03:00:17.000+00:00,published,category_top5pct,https://www.nexusmods.com/baldursgate3/mods/1427,1427,1427
1,Blood Hunter Class - Lycan and Ghostslayer Subclasses,Wolfe,Classes,1.14,3830,2025-11-16T21:55:57.000+00:00,published,"global_top3pct,category_top5pct",https://www.nexusmods.com/baldursgate3/mods/2151,2151,2151
1,P4 Horn Makeup Lip and Tattoo Colours (Custom and Vanilla),Padme4000,Character Customisation,2.0.0.0,3772,2025-05-19T11:32:27.000+00:00,published,"global_top3pct,category_top5pct,dependency_floor_10plus,prolific_author",https://www.nexusmods.com/baldursgate3/mods/340,340,340
1,Better Combat Log 2,Caites,User Interface,1.2.9,3716,2025-04-15T18:20:13.000+00:00,published,prolific_author,https://www.nexusmods.com/baldursgate3/mods/2212,2212,2212
1,Necromancer Warlock - The Dread Overlord - Hotfix 36 Compatible,The Dread Overlord,Classes,9.11,3701,2025-12-30T21:25:59.000+00:00,published,"global_top3pct,category_top5pct,dependency_floor_10plus",https://www.nexusmods.com/baldursgate3/mods/394,394,394
1,Cloaks of Faerun,Araelynn,Equipment,2.2.0,3671,2024-10-07T04:36:32.000+00:00,published,category_top20pct_item,https://www.nexusmods.com/baldursgate3/mods/2811,2811,2811
1,Dragonborn and Dragonbreath Unleashed,Mharius,Races,11.5-P8,3660,2025-09-09T22:33:21.000+00:00,published,prolific_author,https://www.nexusmods.com/baldursgate3/mods/556,556,556
1,Necromancy Reanimated (Formerly Animate Dead Plus Plus),Sailor Cat,Spells,1.42.07,3650,2026-06-04T23:25:12.000+00:00,published,"global_top3pct,category_top5pct,dependency_floor_10plus",https://www.nexusmods.com/baldursgate3/mods/642,642,642
1,Ghouls Customization Compendium - Custom Heads Horns and Beards,Ghouls0Rules,Character Customisation,4.0.1,3599,2024-10-09T15:08:51.000+00:00,published,category_top5pct,https://www.nexusmods.com/baldursgate3/mods/2409,2409,2409
1,Muscular Male Dragonborn,raykie,Character Customisation,1.0.2,3573,2024-11-20T23:19:12.000+00:00,published,"global_top3pct,category_top5pct",https://www.nexusmods.com/baldursgate3/mods/1194,1194,1194
1,SBBF Vanilla Outfits Patch,Fred_Karrera,Character Customisation,1.21,3513,2024-04-11T23:00:45.000+00:00,published,dependency_closure_inherited,https://www.nexusmods.com/baldursgate3/mods/5040,5040,5040
1,Hearts' Heads,Hearts,Character Customisation,1.8,3506,2024-09-05T12:53:26.000+00:00,published,category_top5pct,https://www.nexusmods.com/baldursgate3/mods/5989,5989,5989
1,Companions Panel and Camp Chest Everywhere,Caites,User Interface,1.2.6,3424,2025-04-15T18:33:11.000+00:00,published,"global_top3pct,prolific_author",https://www.nexusmods.com/baldursgate3/mods/4968,4968,4968
1,Better Split Item Menu,Caites,User Interface,1.1.0,3374,2025-04-15T18:37:03.000+00:00,published,prolific_author,https://www.nexusmods.com/baldursgate3/mods/1722,1722,1722
1,Jerinski's Alt Hairs,jerinski,Character Customisation,2.0.4.21,3367,2025-04-21T20:40:21.000+00:00,published,"global_top3pct,category_top5pct",https://www.nexusmods.com/baldursgate3/mods/4163,4163,4163
1,Better Tooltips,Caites Juumeijin MaxStrengthWizard,User Interface,1.3.1,3332,2025-10-06T14:37:25.000+00:00,published,"global_top3pct,category_top5pct",https://www.nexusmods.com/baldursgate3/mods/6324,6324,6324
1,Boring Dyes,Hearts,Character Customisation,1.11,3305,2024-09-27T16:41:01.000+00:00,published,category_top5pct,https://www.nexusmods.com/baldursgate3/mods/3444,3444,3444
1,Mix armour - Vanilla and SBBF and Beautiful Curvy body,dtdtdta,Equipment,5.3,3295,2024-07-12T11:37:22.000+00:00,published,category_top20pct_item,https://www.nexusmods.com/baldursgate3/mods/8556,8556,8556
1,Better Various Widgets,Caites,User Interface,1.0.9,3279,2025-04-15T19:53:07.000+00:00,published,"global_top3pct,category_top5pct,prolific_author",https://www.nexusmods.com/baldursgate3/mods/5291,5291,5291
1,Ghouls Custom Piercings,Ghouls0Rules,Visuals,1,3261,2024-09-28T20:06:06.000+00:00,published,category_top5pct,https://www.nexusmods.com/baldursgate3/mods/5317,5317,5317
1,Astralities' Hair Color Collection,Astralities,Visuals,2.0,3260,2025-04-18T19:42:44.000+00:00,published,prolific_author,https://www.nexusmods.com/baldursgate3/mods/7852,7852,7852
1,Hexiplexer's Outfit Collection,Hexiplexer,Equipment,2.0.0.0,3248,2024-09-28T05:48:07.000+00:00,published,category_top20pct_item,https://www.nexusmods.com/baldursgate3/mods/1932,1932,1932
1,Secret Scrolls for 5e Spells,darkcharl,Spells,2.1.0.1,3234,2026-06-26T14:52:40.000+00:00,published,"global_top3pct,category_top5pct,category_floor",https://www.nexusmods.com/baldursgate3/mods/2145,2145,2145
1,Better Trade Menu,Caites,User Interface,1.3.4,3227,2024-09-05T06:47:07.000+00:00,published,prolific_author,https://www.nexusmods.com/baldursgate3/mods/1893,1893,1893
1,Essential Feats,Syrchalis,Gameplay,1.0.13,3202,2026-05-19T12:01:14.000+00:00,published,"global_top3pct,category_top5pct,prolific_author",https://www.nexusmods.com/baldursgate3/mods/5623,5623,5623
1,Dash Summons a Basket,AnteMaxx,Spells,1.0,3194,2023-08-04T16:29:07.000+00:00,published,prolific_author,https://www.nexusmods.com/baldursgate3/mods/512,512,512
1,Rings Expanded,Sey,Equipment,1.7.0.9,3186,2025-02-02T05:13:46.000+00:00,published,"global_top3pct,category_top20pct_item",https://www.nexusmods.com/baldursgate3/mods/1847,1847,1847
1,more dreadlocs and curly hairstyles,bububull,Character Customisation,1,3172,2024-01-17T09:18:06.000+00:00,published,prolific_author,https://www.nexusmods.com/baldursgate3/mods/4618,4618,4618
1,Astralities' Tiefling Compendium,Astralities,Races,4.0,3139,2026-03-27T22:30:14.000+00:00,published,"global_top3pct,category_top5pct,category_floor,prolific_author",https://www.nexusmods.com/baldursgate3/mods/2418,2418,2418
1,Kay's Hair Extensions,perseidipity,Character Customisation,1.5.1,3135,2025-05-07T17:29:02.000+00:00,published,prolific_author,https://www.nexusmods.com/baldursgate3/mods/5006,5006,5006
1,Ring of Graz'zt,ReallyLazyIcarus,Equipment,1.9.2,3121,2024-07-25T22:45:39.000+00:00,published,"category_top20pct_item,prolific_author",https://www.nexusmods.com/baldursgate3/mods/4207,4207,4207
1,Aether's No Party Limits,Aether,Utilities,1.0,3085,2023-11-03T00:55:00.000+00:00,published,prolific_author,https://www.nexusmods.com/baldursgate3/mods/3479,3479,3479
1,More Hairs (Full Release),tepkunset,Character Customisation,3.3,3072,2023-09-30T15:52:54.000+00:00,published,prolific_author,https://www.nexusmods.com/baldursgate3/mods/348,348,348
1,AnimAddon for BG3SX,Kit,Animations,2.0.2,3030,2025-12-29T13:03:50.000+00:00,published,"global_top3pct,category_top5pct",https://www.nexusmods.com/baldursgate3/mods/13823,13823,13823
1,VFX Vault by Shivero (Part 2),Shivero,Visuals,1.1.1.0,3025,2024-03-17T18:34:03.000+00:00,published,"dependency_floor_10plus,prolific_author",https://www.nexusmods.com/baldursgate3/mods/7633,7633,7633
1,Tag Framework,BG3 Community Library Team,Utilities,1.2.2.3,2954,2025-08-06T01:18:26.000+00:00,published,"global_top3pct,category_top5pct,dependency_floor_10plus,prolific_author",https://www.nexusmods.com/baldursgate3/mods/6545,6545,6545
1,Loviatar's Claws Thigh-High,ReallyLazyIcarus,Equipment,1.5.0,2937,2023-11-05T21:07:21.000+00:00,published,"category_top20pct_item,prolific_author",https://www.nexusmods.com/baldursgate3/mods/2718,2718,2718
1,Better Dyeing,Caites,User Interface,1.2.9,2924,2025-04-15T18:42:57.000+00:00,published,"global_top3pct,prolific_author",https://www.nexusmods.com/baldursgate3/mods/5673,5673,5673
1,Formless Anvil (Deprecated),ReallyLazyIcarus,Utilities,1.0.0,2918,2023-10-05T23:09:36.000+00:00,published,prolific_author,https://www.nexusmods.com/baldursgate3/mods/2964,2964,2964
1,Cambion and Gith Armor,Cerberry,Equipment,1.5,2918,2024-08-17T15:52:24.000+00:00,published,"category_top20pct_item,prolific_author",https://www.nexusmods.com/baldursgate3/mods/5334,5334,5334
1,Tasha's Cauldron of Faces,TashaWeeds,Character Customisation,1.9.5,2887,2024-09-06T06:02:54.000+00:00,published,prolific_author,https://www.nexusmods.com/baldursgate3/mods/6635,6635,6635
1,Umberlee's Nets,ReallyLazyIcarus,Equipment,1.4.0,2816,2024-04-21T17:25:47.000+00:00,published,"category_top20pct_item,prolific_author",https://www.nexusmods.com/baldursgate3/mods/3368,3368,3368
1,Sharess's Embrace Nightsong,ReallyLazyIcarus,Equipment,1.4.0,2810,2024-09-16T03:06:21.000+00:00,published,"category_top20pct_item,prolific_author",https://www.nexusmods.com/baldursgate3/mods/3815,3815,3815
1,Sorcerer Unleashed - The Bringer of Doom,Mharius,Classes,8.0-P8,2805,2025-04-16T14:32:41.000+00:00,published,prolific_author,https://www.nexusmods.com/baldursgate3/mods/650,650,650
1,Warlock Unleashed - The Age of Eldritch Blast,Mharius,Classes,9.1-P8,2762,2025-10-29T16:45:47.000+00:00,published,prolific_author,https://www.nexusmods.com/baldursgate3/mods/535,535,535
1,Drow Unleashed,Mharius,Races,9.1-P8,2714,2025-06-29T12:13:51.000+00:00,published,prolific_author,https://www.nexusmods.com/baldursgate3/mods/536,536,536
1,JWL Crafting Framework,Jewels,Utilities,2.0.0.0,2684,2023-09-17T20:19:08.000+00:00,published,dependency_floor_10plus,https://www.nexusmods.com/baldursgate3/mods/1624,1624,1624
1,Tav's Hair Mixer,Ren,Character Customisation,1.0,2682,2023-12-01T17:56:13.000+00:00,published,prolific_author,https://www.nexusmods.com/baldursgate3/mods/3854,3854,3854
1,High Heel Feet (Deprecated),ReallyLazyIcarus,Utilities,1.2.0,2663,2023-10-26T23:58:25.000+00:00,published,prolific_author,https://www.nexusmods.com/baldursgate3/mods/2973,2973,2973
1,Half-Elf Unleashed,Mharius,Races,6.3-P7,2657,2024-11-23T16:46:02.000+00:00,published,prolific_author,https://www.nexusmods.com/baldursgate3/mods/544,544,544
1,Paladin Unleashed - The Divine Warrior - Lay on Hands Restored and Auras Buffed,Mharius,Classes,9.1-P8,2649,2025-04-16T18:40:58.000+00:00,published,prolific_author,https://www.nexusmods.com/baldursgate3/mods/691,691,691
1,Bandit Armors and Camp Clothes,Cerberry,Equipment,1.7,2633,2024-10-03T13:06:39.000+00:00,published,"category_top20pct_item,prolific_author",https://www.nexusmods.com/baldursgate3/mods/4083,4083,4083
1,The witcher - Triss' wardrobe,bububull,Equipment,3,2614,2024-09-19T13:50:33.000+00:00,published,"category_top20pct_item,prolific_author",https://www.nexusmods.com/baldursgate3/mods/5747,5747,5747
1,Druid Wild Shape Overhaul,ShadyDax,Gameplay,1.1.1.5,2604,2026-06-22T21:55:44.000+00:00,published,"global_top3pct,category_top5pct",https://www.nexusmods.com/baldursgate3/mods/1148,1148,1148
1,Shirts Dresses Corsets,Cerberry,Equipment,1.7.3.0,2578,2024-09-13T21:48:38.000+00:00,published,"category_top20pct_item,prolific_author",https://www.nexusmods.com/baldursgate3/mods/5981,5981,5981
1,Spawn Any Item,AnteMaxx,Gameplay,1.0,2571,2023-08-09T15:09:36.000+00:00,published,prolific_author,https://www.nexusmods.com/baldursgate3/mods/426,426,426
1,Database Cleaner,wesslen,Miscellaneous,1.3,2527,2024-01-13T10:38:33.000+00:00,published,prolific_author,https://www.nexusmods.com/baldursgate3/mods/5612,5612,5612
1,Sharess's Embrace Dress,ReallyLazyIcarus,Equipment,1.5.0,2519,2023-12-02T22:31:43.000+00:00,published,"category_top20pct_item,prolific_author",https://www.nexusmods.com/baldursgate3/mods/2966,2966,2966
1,Loviatar's Claws Stiletto,ReallyLazyIcarus,Equipment,1.2.0,2507,2023-11-05T21:09:53.000+00:00,published,"category_top20pct_item,prolific_author",https://www.nexusmods.com/baldursgate3/mods/2965,2965,2965
1,Citizen Outfits as Camp Clothes,Cerberry,Clothing,1.3,2485,2024-09-10T19:34:34.000+00:00,published,prolific_author,https://www.nexusmods.com/baldursgate3/mods/4189,4189,4189
1,Slutty Closet,Seira123,Armor,1.0,2482,2024-10-23T00:43:22.000+00:00,published,category_top20pct_item,https://www.nexusmods.com/baldursgate3/mods/9714,9714,9714
1,TC Dyes,TC,Equipment,1.3.1,2448,2024-02-11T19:53:19.000+00:00,published,category_top20pct_item,https://www.nexusmods.com/baldursgate3/mods/3925,3925,3925
1,Elven Weaponry - Blades,kharneth,Weapons,2.2,2404,2024-11-09T11:50:18.000+00:00,published,"global_top3pct,category_top20pct_item,prolific_author",https://www.nexusmods.com/baldursgate3/mods/4073,4073,4073
1,Tiefling Unleashed,Mharius,Races,8.2-P8,2395,2026-01-29T13:14:13.000+00:00,published,prolific_author,https://www.nexusmods.com/baldursgate3/mods/545,545,545
1,Long Hairs,tepkunset,Character Customisation,2,2392,2024-02-22T13:07:22.000+00:00,published,prolific_author,https://www.nexusmods.com/baldursgate3/mods/2982,2982,2982
1,Circle of Stars Druid Subclass,havsglimt,Classes,2.9,2370,2024-09-22T11:32:07.000+00:00,published,"category_top5pct,prolific_author",https://www.nexusmods.com/baldursgate3/mods/505,505,505
1,Randomized Equipment Loot,Paramonov,Gameplay,4.0,2349,2024-12-06T08:47:56.000+00:00,published,"global_top3pct,category_top5pct",https://www.nexusmods.com/baldursgate3/mods/6326,6326,6326
1,Feywild Eyes - Eye Color Collection,Astralities,Character Customisation,2.0,2325,2025-04-18T22:01:00.000+00:00,published,prolific_author,https://www.nexusmods.com/baldursgate3/mods/9097,9097,9097
1,Piercing Improvement - Physics,NoiraFayn,Accessories,2.1.0,2323,2025-07-20T18:54:49.000+00:00,published,category_top20pct_item,https://www.nexusmods.com/baldursgate3/mods/6705,6705,6705
1,Oath of Conquest Paladin Subclass,havsglimt,Classes,3.4,2320,2025-06-19T22:48:01.000+00:00,published,"global_top3pct,category_top5pct,prolific_author",https://www.nexusmods.com/baldursgate3/mods/477,477,477
1,Rogue Unleashed - The Master of All,Mharius,Classes,6.0-P7,2318,2024-09-07T15:18:26.000+00:00,published,prolific_author,https://www.nexusmods.com/baldursgate3/mods/647,647,647
1,Wizard Unleashed - Master of the Arcane Arts,Mharius,Classes,8.1.-P8,2314,2025-05-09T18:42:26.000+00:00,published,prolific_author,https://www.nexusmods.com/baldursgate3/mods/710,710,710
1,Trade with Withers - Fully modular and customizable trader,yakuzadeso,Gameplay,1.0.0.8,2306,2026-04-12T10:45:52.000+00:00,published,"global_top3pct,category_top5pct",https://www.nexusmods.com/baldursgate3/mods/2458,2458,2458
1,Frosty Faces (More Heads),tepkunset,Character Customisation,1.3,2297,2025-09-11T14:20:35.000+00:00,published,"global_top3pct,category_top5pct,prolific_author",https://www.nexusmods.com/baldursgate3/mods/3641,3641,3641
1,Ellian's trinkets,hijimare,Equipment,1,2278,2023-08-12T12:27:11.000+00:00,published,"category_top20pct_item,prolific_author",https://www.nexusmods.com/baldursgate3/mods/813,813,813
1,The Witcher - Yennefer's wardrobe,bububull,Equipment,1,2271,2024-09-19T12:45:08.000+00:00,published,"category_top20pct_item,prolific_author",https://www.nexusmods.com/baldursgate3/mods/5100,5100,5100
1,Fighter Unleashed,Mharius,Classes,8.0-P8,2268,2025-05-07T18:58:34.000+00:00,published,prolific_author,https://www.nexusmods.com/baldursgate3/mods/648,648,648
1,Saer's Horns - New Horn Options For Everyone,Saer,Character Customisation,3.2,2267,2024-10-13T06:34:55.000+00:00,published,category_top5pct,https://www.nexusmods.com/baldursgate3/mods/1833,1833,1833
1,Underwear of Ability Scores,Belinn,Gameplay,3.1,2257,2024-10-01T19:15:15.000+00:00,published,prolific_author,https://www.nexusmods.com/baldursgate3/mods/841,841,841
1,Cleric Unleashed,Mharius,Classes,10.1-P8,2246,2025-04-21T14:23:08.000+00:00,published,prolific_author,https://www.nexusmods.com/baldursgate3/mods/672,672,672
1,Tasha's Cauldron of Hairstyles Pack 2,TashaWeeds,Character Customisation,1.8,2206,2024-06-04T14:31:30.000+00:00,published,prolific_author,https://www.nexusmods.com/baldursgate3/mods/7274,7274,7274
1,Ranger Unleashed - The Age of the Animal Companion,Mharius,Classes,8.0-P8,2202,2025-05-04T13:57:03.000+00:00,published,prolific_author,https://www.nexusmods.com/baldursgate3/mods/649,649,649
1,Orochigago's Homebrew Weapons and Wonders,Orochigago,Weapons,2.3.0.10,2202,2024-10-22T09:10:57.000+00:00,published,category_top20pct_item,https://www.nexusmods.com/baldursgate3/mods/5290,5290,5290
1,Human Unleashed,Mharius,Races,8.0-P8,2194,2025-05-24T10:59:19.000+00:00,published,prolific_author,https://www.nexusmods.com/baldursgate3/mods/542,542,542
1,Kylin's Piercings,Kylin3,Accessories,1.3,2183,2024-06-01T08:14:32.000+00:00,published,category_top20pct_item,https://www.nexusmods.com/baldursgate3/mods/9607,9607,9607
1,Barbarian Unleashed,Mharius,Classes,8.11,2180,2026-02-13T17:33:06.000+00:00,published,prolific_author,https://www.nexusmods.com/baldursgate3/mods/651,651,651
1,Monk Unleashed - The Way of Ki,Mharius,Classes,6.22-P7,2163,2024-11-13T15:01:29.000+00:00,published,prolific_author,https://www.nexusmods.com/baldursgate3/mods/671,671,671
1,Sharess's Embrace Leotard,ReallyLazyIcarus,Equipment,1.2.0,2161,2023-12-02T22:34:47.000+00:00,published,prolific_author,https://www.nexusmods.com/baldursgate3/mods/3629,3629,3629
1,Bard Unleashed - Fortune Favors The Bard,Mharius,Classes,5.4-P7,2160,2025-03-13T13:41:32.000+00:00,published,prolific_author,https://www.nexusmods.com/baldursgate3/mods/712,712,712
1,more dreadlocs and curly hairstyles Vol.02,bububull,Character Customisation,1,2154,2024-01-31T15:37:54.000+00:00,published,prolific_author,https://www.nexusmods.com/baldursgate3/mods/6333,6333,6333
1,Holy Armor of Selune,Halfbite,Equipment,0.0.0.55,2142,2026-06-12T23:02:15.000+00:00,published,"global_top3pct,category_top20pct_item",https://www.nexusmods.com/baldursgate3/mods/1660,1660,1660
1,More Gold -  pickpocketing hidden stashes merchants bosses and quest rewards,MaskedRPGFan,Miscellaneous,1.1.1,2125,2024-10-14T21:41:56.000+00:00,published,"category_top5pct,prolific_author",https://www.nexusmods.com/baldursgate3/mods/1400,1400,1400
1,Better Hints and New Loading Screens,Caites,User Interface,1.5.7,2119,2024-09-30T19:54:23.000+00:00,published,prolific_author,https://www.nexusmods.com/baldursgate3/mods/816,816,816
1,Half-Dragon,Val aka Jo,Races,2.4,2114,2025-05-21T23:06:03.000+00:00,published,"global_top3pct,category_top5pct",https://www.nexusmods.com/baldursgate3/mods/2634,2634,2634
1,Elf Unleashed,Mharius,Races,8.15-P8,2089,2025-06-10T20:48:34.000+00:00,published,prolific_author,https://www.nexusmods.com/baldursgate3/mods/543,543,543
1,Encounters Overhaul - Additional Enemies and Encounters,utut,Gameplay,v4.0.0,2084,2024-09-10T07:33:59.000+00:00,published,category_top5pct,https://www.nexusmods.com/baldursgate3/mods/7740,7740,7740
1,Pirates and Rebels,Cerberry,Equipment,1.5,2077,2024-10-02T09:47:43.000+00:00,published,"category_top20pct_item,prolific_author",https://www.nexusmods.com/baldursgate3/mods/8001,8001,8001
1,Wine and Revelry (Satyr Race),labotor,Races,3.1.2,2068,2025-05-05T13:17:00.000+00:00,published,"global_top3pct,category_top5pct,prolific_author",https://www.nexusmods.com/baldursgate3/mods/428,428,428
1,Elven Weaponry - Tutorial Chest,kharneth,Equipment,1.0,2062,2024-08-04T07:42:19.000+00:00,published,"category_top20pct_item,dependency_floor_10plus,prolific_author",https://www.nexusmods.com/baldursgate3/mods/9029,9029,9029
1,Aberrant Mind Sorcerer Subclass,havsglimt and Celes,Classes,2.1,2050,2025-08-02T13:33:33.000+00:00,published,"global_top3pct,category_top5pct",https://www.nexusmods.com/baldursgate3/mods/3901,3901,3901
1,Waypoint Inside Emerald Grove,Volitio,Gameplay,2.0.3,2047,2025-03-18T19:41:18.000+00:00,published,prolific_author,https://www.nexusmods.com/baldursgate3/mods/6995,6995,6995
1,Battlemage Armor,Cerberry,Equipment,2.1,2045,2024-10-17T07:52:12.000+00:00,published,"category_top20pct_item,prolific_author",https://www.nexusmods.com/baldursgate3/mods/10690,10690,10690
1,Trials of Tav - a roguelike mode,Hippo0o,Gameplay,1.12.1,2040,2024-09-15T08:38:39.000+00:00,published,category_top5pct,https://www.nexusmods.com/baldursgate3/mods/9907,9907,9907
1,EasyCheat with in-game UI (MCM)(SE),Aahz,Utilities,2.3.2,2037,2026-04-24T00:03:34.000+00:00,published,"global_top3pct,category_top5pct",https://www.nexusmods.com/baldursgate3/mods/9827,9827,9827
1,Druid Unleashed - Nature's Chosen One,Mharius,Classes,8.01-P8,2023,2026-03-31T23:46:18.000+00:00,published,prolific_author,https://www.nexusmods.com/baldursgate3/mods/711,711,711
1,Immersive Tutorial Chest Spawning and more,Syrchalis,Gameplay,1.2.3,2013,2025-04-26T11:35:45.000+00:00,published,"global_top3pct,category_top5pct,prolific_author",https://www.nexusmods.com/baldursgate3/mods/4687,4687,4687
1,Player and NPC - Old Shaders,KickingWriter,Utilities,1.0.1,1997,2024-04-10T03:24:13.000+00:00,published,dependency_floor_10plus,https://www.nexusmods.com/baldursgate3/mods/4821,4821,4821
1,Wyll's Devil Form,lumadaire,Character Customisation,1.4,1984,2025-06-09T18:38:43.000+00:00,published,"global_top3pct,category_top5pct",https://www.nexusmods.com/baldursgate3/mods/1582,1582,1582
1,Lab's Boratory (Misc Mods Collection),labotor,Miscellaneous,2.31,1981,2024-09-22T17:24:53.000+00:00,published,"category_top5pct,prolific_author",https://www.nexusmods.com/baldursgate3/mods/329,329,329
1,Mystic Class,Xhevo,Classes,4.3.1.1,1980,2025-04-15T15:40:07.000+00:00,published,"global_top3pct,category_top5pct",https://www.nexusmods.com/baldursgate3/mods/2786,2786,2786
1,Astralities' Hair Color Overhaul,Astralities,Visuals,2.0,1967,2025-04-18T23:35:42.000+00:00,published,"global_top3pct,category_top5pct,prolific_author",https://www.nexusmods.com/baldursgate3/mods/5020,5020,5020
1,Paladin and Cleric Gear,pooteeweet,Equipment,1.0,1951,2024-02-18T20:49:18.000+00:00,published,category_top20pct_item,https://www.nexusmods.com/baldursgate3/mods/6925,6925,6925
1,War Caster (2014 and 2024),wesslen,Gameplay,1.15.2,1948,2026-05-27T20:06:23.000+00:00,published,"global_top3pct,category_top5pct,prolific_author",https://www.nexusmods.com/baldursgate3/mods/5822,5822,5822
1,Knights and Dames,Aardi,Equipment,1.0.0.30,1943,2026-02-06T01:03:52.000+00:00,published,"global_top3pct,category_top20pct_item,dependency_floor_10plus",https://www.nexusmods.com/baldursgate3/mods/8208,8208,8208
1,Secret Scrolls,darkcharl,Spells,6.0.0.4,1940,2026-03-17T23:54:09.000+00:00,published,"global_top3pct,category_top5pct",https://www.nexusmods.com/baldursgate3/mods/416,416,416
1,Astralities' Sublime Skintones,Astralities,Visuals,2.0,1937,2025-04-18T23:12:53.000+00:00,published,prolific_author,https://www.nexusmods.com/baldursgate3/mods/8534,8534,8534
1,Hairstyles from the continent,bububull,Character Customisation,2.0,1935,2025-07-01T21:01:34.000+00:00,published,"global_top3pct,category_top5pct,prolific_author",https://www.nexusmods.com/baldursgate3/mods/5579,5579,5579
1,Elgoth's head and hair and scars,hijimare,Character Customisation,1.5,1930,2023-12-09T13:50:52.000+00:00,published,prolific_author,https://www.nexusmods.com/baldursgate3/mods/4176,4176,4176
1,Drakewarden (Ranger Subclass) with Dragon Companion and Draconic Gifts,KiderionLykon,Classes,1.10,1911,2024-09-11T19:40:55.000+00:00,published,category_top5pct,https://www.nexusmods.com/baldursgate3/mods/2838,2838,2838
1,Big Boobs and Busty Clothing 160 outfits (Deprecated),Sindae,Character Customisation,2.0,1885,2023-09-16T03:49:12.000+00:00,published,prolific_author,https://www.nexusmods.com/baldursgate3/mods/1385,1385,1385
1,Shivero's Icon Library,Shivero,Visuals,1.0.6.2,1884,2024-04-02T12:48:00.000+00:00,published,"dependency_floor_10plus,prolific_author",https://www.nexusmods.com/baldursgate3/mods/4745,4745,4745
1,Druid Quality of Life,Syrchalis,Gameplay,2.4.11.1,1870,2026-05-19T12:49:10.000+00:00,published,"global_top3pct,category_top5pct,prolific_author",https://www.nexusmods.com/baldursgate3/mods/3214,3214,3214
1,Izzli's Pigments - A Dye Mod,Izzli,Equipment,1.6.0,1868,2024-10-12T04:27:18.000+00:00,published,category_top20pct_item,https://www.nexusmods.com/baldursgate3/mods/4706,4706,4706
1,Myky's Tintable Piercings,myky24,Accessories,1.3.2,1859,2025-04-06T12:34:18.000+00:00,published,"global_top3pct,category_top20pct_item,category_floor",https://www.nexusmods.com/baldursgate3/mods/11941,11941,11941
1,(TMTS) Transmasc Top Surgery for Body 3 AND Body 1,Noctilumi,Character Customisation,2.0,1838,2023-11-12T14:35:30.000+00:00,published,dependency_closure_inherited,https://www.nexusmods.com/baldursgate3/mods/1255,1255,1255
1,AahzLib,Aahz,Utilities,1.1,1836,2024-11-06T19:50:24.000+00:00,published,dependency_closure_inherited,https://www.nexusmods.com/baldursgate3/mods/9832,9832,9832
1,Combat Extender,Zehtuka,Gameplay,1.1.8,1829,2024-09-05T15:22:58.000+00:00,published,category_top5pct,https://www.nexusmods.com/baldursgate3/mods/5207,5207,5207
1,KAVT - Kazstra's Virtual Tav x Tattoo Makeup and Scar Extender,Kazstralities,Character Customisation,1.5,1824,2026-02-19T20:28:06.000+00:00,published,"global_top3pct,category_top5pct,dependency_floor_10plus",https://www.nexusmods.com/baldursgate3/mods/16325,16325,16325
1,Invocations Expanded,Winterbrick,Classes,1.8.0,1818,2023-09-25T22:15:06.000+00:00,published,dependency_closure_inherited,https://www.nexusmods.com/baldursgate3/mods/831,831,831
1,Suan Eyes Preset,hijimare,Character Customisation,1,1772,2024-09-23T23:11:41.000+00:00,published,prolific_author,https://www.nexusmods.com/baldursgate3/mods/2972,2972,2972
1,Tepkunset Hair Collection,tepkunset,Character Customisation,2.4,1771,2026-01-01T13:02:20.000+00:00,published,"global_top3pct,category_top5pct,prolific_author",https://www.nexusmods.com/baldursgate3/mods/7156,7156,7156
1,Flutter and Whimsy (Fairy Race),labotor,Races,1.3.2,1770,2025-04-20T15:07:08.000+00:00,published,"global_top3pct,category_top5pct,dependency_floor_10plus,prolific_author",https://www.nexusmods.com/baldursgate3/mods/5127,5127,5127
1,Padmes Vanilla Masc Heads to Other Races,Padme4000,Character Customisation,2.0.0.2,1757,2025-04-15T13:48:57.000+00:00,published,"global_top3pct,category_top5pct,prolific_author",https://www.nexusmods.com/baldursgate3/mods/287,287,287
1,Scratch and Shovel,Syrchalis,Gameplay,1.3.6.6,1754,2025-06-22T16:37:56.000+00:00,published,"global_top3pct,category_top5pct,prolific_author",https://www.nexusmods.com/baldursgate3/mods/3423,3423,3423
1,Druid Wildshape Items,Syrchalis,Equipment,1.6.5,1752,2026-05-18T00:01:10.000+00:00,published,"global_top3pct,category_top20pct_item,prolific_author",https://www.nexusmods.com/baldursgate3/mods/4535,4535,4535
1,Fix Stragglers,Volitio,Utilities,1.6.1,1726,2025-12-31T21:11:03.000+00:00,published,prolific_author,https://www.nexusmods.com/baldursgate3/mods/10795,10795,10795
1,Fireproof Karlach,Belinn,Gameplay,1.0,1707,2024-03-15T16:28:48.000+00:00,published,prolific_author,https://www.nexusmods.com/baldursgate3/mods/1658,1658,1658
1,softer hair and beards,something65421,Visuals,1.1,1694,2024-06-14T17:20:05.000+00:00,published,dependency_closure_inherited,https://www.nexusmods.com/baldursgate3/mods/10278,10278,10278
1,Vestments of the Faithful,FrancisN934757,Equipment,5.7.1.1,1687,2026-06-20T15:05:59.000+00:00,published,category_top20pct_item,https://www.nexusmods.com/baldursgate3/mods/4718,4718,4718
1,Astralities Elven Anthology,Astralities,Races,1.4,1685,2025-06-27T09:29:16.000+00:00,published,"global_top3pct,category_top5pct,prolific_author",https://www.nexusmods.com/baldursgate3/mods/10230,10230,10230
1,Ranger's Leather Armor,Ghouls0Rules,Equipment,1,1683,2025-05-18T13:13:45.000+00:00,published,"global_top3pct,category_top20pct_item",https://www.nexusmods.com/baldursgate3/mods/5590,5590,5590
1,Psychotter's Goth Dyes,Psychotter,Miscellaneous,1.1,1681,2024-03-05T20:02:14.000+00:00,published,dependency_closure_inherited,https://www.nexusmods.com/baldursgate3/mods/7329,7329,7329
1,Phalar Aluve - Legendary,lautasantenni,Equipment,2.8,1680,2025-05-07T08:13:05.000+00:00,published,"global_top3pct,category_top20pct_item",https://www.nexusmods.com/baldursgate3/mods/2987,2987,2987
1,lokelani's lavish livery - outfit clothes clothing dress,lokelaniii,Armor,2.1,1680,2025-10-20T16:31:03.000+00:00,published,"global_top3pct,category_top20pct_item",https://www.nexusmods.com/baldursgate3/mods/6977,6977,6977
1,Shadowheart Cantrip Night Piercer,FrostShell,Spells,2.0,1672,2024-11-09T21:50:39.000+00:00,published,category_top5pct,https://www.nexusmods.com/baldursgate3/mods/1560,1560,1560
1,Customizable Auto Loot Aura - Item Pickup AoE for Obsessive Hoarders,unamazement,Gameplay,4,1671,2023-10-07T06:56:51.000+00:00,published,dependency_closure_inherited,https://www.nexusmods.com/baldursgate3/mods/2342,2342,2342
1,P4 Custom Hair Colours Highlights and Greying (Includes Darker Black),Padme4000,Character Customisation,1.0.2.0,1665,2025-03-16T15:07:05.000+00:00,published,prolific_author,https://www.nexusmods.com/baldursgate3/mods/339,339,339
1,hijimare hairs,hijimare,Character Customisation,1.7,1649,2025-10-11T21:08:58.000+00:00,published,"global_top3pct,category_top5pct,prolific_author",https://www.nexusmods.com/baldursgate3/mods/13881,13881,13881
1,Githyanki Unleashed - The Return of the Astral Guardians,Mharius,Races,8.0-P8,1634,2025-08-28T13:55:45.000+00:00,published,prolific_author,https://www.nexusmods.com/baldursgate3/mods/602,602,602
1,Tasha's Cauldron of Outfits,TashaWeeds,Equipment,1.7,1624,2024-12-06T03:40:02.000+00:00,published,"global_top3pct,category_top20pct_item,prolific_author",https://www.nexusmods.com/baldursgate3/mods/9923,9923,9923
1,Elven Weaponry - Daggers and Shortswords,kharneth,Weapons,2.0.1,1615,2024-09-24T08:07:55.000+00:00,published,"category_top20pct_item,prolific_author",https://www.nexusmods.com/baldursgate3/mods/6017,6017,6017
1,Auto Lockpicking,Volitio,Gameplay,2.0.1,1582,2024-05-11T22:26:41.000+00:00,published,prolific_author,https://www.nexusmods.com/baldursgate3/mods/6188,6188,6188
1,Object Character Support,wesslen,Miscellaneous,1.2.2,1578,2025-12-10T12:22:36.000+00:00,published,"global_top3pct,category_top5pct,prolific_author",https://www.nexusmods.com/baldursgate3/mods/3940,3940,3940
1,Gods Extra - allows all races and classes to choose a God,LostSoulMan,Character Customisation,1.18,1569,2026-04-09T01:08:58.000+00:00,published,"global_top3pct,category_top5pct,prolific_author",https://www.nexusmods.com/baldursgate3/mods/433,433,433
1,Bububull's hair pack 02,bububull,Character Customisation,1,1558,2024-07-19T20:17:40.000+00:00,published,prolific_author,https://www.nexusmods.com/baldursgate3/mods/10835,10835,10835
1,WotD Aasimar - Script Extender Edition,Trips,Races,3.0.1.0,1556,2024-11-28T07:55:47.000+00:00,published,"global_top3pct,category_top5pct",https://www.nexusmods.com/baldursgate3/mods/8932,8932,8932
1,Rebalance - Feats,Syrchalis,Gameplay,1.1.3,1553,2026-05-17T22:26:51.000+00:00,published,"global_top3pct,category_top5pct,prolific_author",https://www.nexusmods.com/baldursgate3/mods/5614,5614,5614
1,Epilogue Camp Clothes - Item Shipment Framework,Belinn,Equipment,2.1,1532,2024-09-06T09:02:17.000+00:00,published,prolific_author,https://www.nexusmods.com/baldursgate3/mods/4908,4908,4908
1,Humanoid Tag Scratch Fix,labotor,Miscellaneous,1,1531,2024-03-10T18:39:29.000+00:00,published,prolific_author,https://www.nexusmods.com/baldursgate3/mods/7786,7786,7786
1,Homebrew Spells,Celes,Spells,2.1.0.2,1524,2025-07-12T04:52:08.000+00:00,published,"global_top3pct,category_top5pct,dependency_floor_10plus",https://www.nexusmods.com/baldursgate3/mods/473,473,473
1,Bardic hairstyles,bububull,Character Customisation,1,1524,2023-11-14T01:27:34.000+00:00,published,prolific_author,https://www.nexusmods.com/baldursgate3/mods/4206,4206,4206
1,Lydia's Heads,Lydia,Character Customisation,2.11,1522,2026-06-17T19:19:42.000+00:00,published,"global_top3pct,category_top5pct",https://www.nexusmods.com/baldursgate3/mods/5706,5706,5706
1,Ghastly Ghouls - Playable Undead Race,Ghouls0Rules,Races,1,1522,2025-07-03T11:27:50.000+00:00,published,"global_top3pct,category_top5pct",https://www.nexusmods.com/baldursgate3/mods/5895,5895,5895
1,Larger and Smaller Penis With Flopping Physics,VinTheMan,Character Customisation,2.2.0.19,1520,2025-12-05T00:55:40.000+00:00,published,"global_top3pct,category_top5pct",https://www.nexusmods.com/baldursgate3/mods/4789,4789,4789
1,Astralities' Wondrous Skintones,Astralities,Visuals,2.0,1506,2025-04-18T23:18:52.000+00:00,published,prolific_author,https://www.nexusmods.com/baldursgate3/mods/8538,8538,8538
1,Graviturgy Magic Wizard Subclass,havsglimt,Classes,3.0,1505,2025-04-19T00:22:12.000+00:00,published,"global_top3pct,category_top5pct,prolific_author",https://www.nexusmods.com/baldursgate3/mods/484,484,484
1,Doom plate armor (from Lineage 2),Akumu,Armor,2.1.3.1,1498,2026-06-23T16:13:49.000+00:00,published,"global_top3pct,category_top20pct_item,category_floor",https://www.nexusmods.com/baldursgate3/mods/12716,12716,12716
1,Deathsong Set,Siael,Equipment,2.13,1488,2026-06-21T23:28:16.000+00:00,published,"global_top3pct,category_top20pct_item,category_floor",https://www.nexusmods.com/baldursgate3/mods/4572,4572,4572
1,Backgrounds Enhanced - Investigative Sage - Cunning Noble - And More,Mharius,Gameplay,5.1-P7,1485,2024-12-02T20:03:22.000+00:00,published,prolific_author,https://www.nexusmods.com/baldursgate3/mods/534,534,534
1,Karlach's Glowing Horns,Aether,Character Customisation,1.0,1484,2024-04-11T15:41:51.000+00:00,published,prolific_author,https://www.nexusmods.com/baldursgate3/mods/8636,8636,8636
1,Elven Weaponry - Katana,kharneth,Weapons,2.0.1,1483,2024-09-24T10:44:54.000+00:00,published,"category_top20pct_item,prolific_author",https://www.nexusmods.com/baldursgate3/mods/4145,4145,4145
1,Elven Weaponry - Smithing Kit,kharneth,Utilities,1.0,1479,2023-11-25T19:25:32.000+00:00,published,"dependency_floor_10plus,prolific_author",https://www.nexusmods.com/baldursgate3/mods/4549,4549,4549
1,Druid Wildshape Viability,Syrchalis,Gameplay,1.3.10,1467,2026-05-17T02:46:59.000+00:00,published,"global_top3pct,category_top5pct,prolific_author",https://www.nexusmods.com/baldursgate3/mods/4366,4366,4366
1,Draconic Dyes,RadonWolf,Equipment,2.0,1466,2024-01-20T04:29:46.000+00:00,published,category_top20pct_item,https://www.nexusmods.com/baldursgate3/mods/5061,5061,5061
1,Metamagic Extended,darkcharl,Spells,5.0.0.4,1451,2025-06-22T02:38:40.000+00:00,published,"global_top3pct,category_top5pct",https://www.nexusmods.com/baldursgate3/mods/405,405,405
1,Vanilla (and NPCs) Hair Mixer,LeminLinsky,Character Customisation,1.0.0,1430,2023-12-23T01:45:21.000+00:00,published,dependency_closure_inherited,https://www.nexusmods.com/baldursgate3/mods/5027,5027,5027
1,Mod Uninstaller,Volitio,Utilities,1.7.1,1429,2025-11-19T22:32:56.000+00:00,published,"global_top3pct,category_top5pct,prolific_author",https://www.nexusmods.com/baldursgate3/mods/9701,9701,9701
1,Rebalance - Cantrips,Syrchalis,Spells,1.1.5,1414,2025-07-22T14:13:44.000+00:00,published,"global_top3pct,category_top5pct,prolific_author",https://www.nexusmods.com/baldursgate3/mods/5217,5217,5217
1,Circle of Wildfire Druid Subclass,havsglimt,Classes,1.3,1409,2024-04-05T22:19:19.000+00:00,published,prolific_author,https://www.nexusmods.com/baldursgate3/mods/2855,2855,2855
1,Fox Ears And Cat Tails By Ren,DarthRen,Character Customisation,1.0,1404,2024-11-08T17:24:05.000+00:00,published,category_top5pct,https://www.nexusmods.com/baldursgate3/mods/3141,3141,3141
1,Various Beautiful Bodies and Revealing Outfits,Sindae,Character Customisation,1.18,1403,2026-04-29T20:36:44.000+00:00,published,"global_top3pct,category_top5pct,prolific_author",https://www.nexusmods.com/baldursgate3/mods/9720,9720,9720
1,Many More Monsters,Rob Lapham,Gameplay,4.4.0.0,1399,2026-06-22T01:55:58.000+00:00,published,"global_top3pct,category_top5pct",https://www.nexusmods.com/baldursgate3/mods/11639,11639,11639
1,Gale Edits - Piercings and Beard fix,NoiraFayn,Character Customisation,3.0.1,1391,2025-07-20T19:10:51.000+00:00,published,"global_top3pct,category_top5pct",https://www.nexusmods.com/baldursgate3/mods/9372,9372,9372
1,Warlock - The Undead - Official 5e Subclass,CyberSpektre,Classes,2.16.0,1390,2025-12-13T04:23:15.000+00:00,published,"global_top3pct,category_top5pct",https://www.nexusmods.com/baldursgate3/mods/3045,3045,3045
1,Penis Mega Mod - Formerly BFPP - AIO (Bigger Floppy Physics penises - All In One),ValkyrieGothic,Character Customisation,2.0.0,1387,2025-09-17T06:11:13.000+00:00,published,"global_top3pct,category_top5pct",https://www.nexusmods.com/baldursgate3/mods/6862,6862,6862
1,Dark Urge Banter Dialogue Fixes,Dajolie,Audio,1.0,1387,2024-10-08T13:01:45.000+00:00,published,category_top5pct,https://www.nexusmods.com/baldursgate3/mods/12683,12683,12683
1,PixellBytes' Adjustable Party Limit,PixellBytes w- support from hawchangJA,Utilities,3.1.0.0,1385,2025-04-27T19:33:13.000+00:00,published,"global_top3pct,category_top5pct",https://www.nexusmods.com/baldursgate3/mods/11939,11939,11939
1,Witcher Outfits - Dettlaff,Cerberry,Equipment,2.0,1382,2025-12-12T16:19:22.000+00:00,published,"global_top3pct,category_top20pct_item,prolific_author",https://www.nexusmods.com/baldursgate3/mods/8956,8956,8956
1,Aphrodite Outfit,BG3AddictedGal,Equipment,0.2,1361,2024-04-04T07:34:15.000+00:00,published,category_top20pct_item,https://www.nexusmods.com/baldursgate3/mods/8239,8239,8239
1,Understated - Eye Color Collection,Astralities,Visuals,2.0,1353,2025-04-18T22:04:34.000+00:00,published,prolific_author,https://www.nexusmods.com/baldursgate3/mods/10573,10573,10573
1,Advanced Tabletop Spells,celerev,Spells,1.1.9.1,1353,2026-02-28T01:44:55.000+00:00,published,"global_top3pct,category_top5pct",https://www.nexusmods.com/baldursgate3/mods/14429,14429,14429
1,Kascayde's Lingerie - Corsets and Fishnets Galore,Kascayde,Armor,2.0.1.0,1353,2025-02-17T03:21:25.000+00:00,published,"global_top3pct,category_top20pct_item",https://www.nexusmods.com/baldursgate3/mods/14627,14627,14627
1,Echo Knight Fighter Subclass,wesslen,Classes,1.5.7,1350,2026-04-23T17:20:02.000+00:00,published,"global_top3pct,category_top5pct,prolific_author",https://www.nexusmods.com/baldursgate3/mods/3939,3939,3939
1,Auto Send Read Books To Camp,Volitio,Gameplay,2.0.2,1347,2025-05-13T22:46:03.000+00:00,published,prolific_author,https://www.nexusmods.com/baldursgate3/mods/7035,7035,7035
1,Alt-Shadowheart Head Presets,ArthurRevan,Character Customisation,2.3.5,1325,2025-04-28T15:29:40.000+00:00,published,"global_top3pct,category_top5pct",https://www.nexusmods.com/baldursgate3/mods/506,506,506
1,College of Spirits Bard Subclass,havsglimt,Classes,1.4,1315,2024-03-20T15:11:33.000+00:00,published,prolific_author,https://www.nexusmods.com/baldursgate3/mods/4309,4309,4309
1,Dark Urges - Male T2 and T4 Head Presets -,suro,Character Customisation,1.0.1.0,1309,2025-10-15T20:42:15.000+00:00,published,"global_top3pct,category_top5pct",https://www.nexusmods.com/baldursgate3/mods/10551,10551,10551
1,Lesser Restoration - Assorted Bug Fixes,HyperspaceTowel,Gameplay,3.0.0.5,1302,2026-03-01T16:45:31.000+00:00,published,"global_top3pct,category_top5pct",https://www.nexusmods.com/baldursgate3/mods/15125,15125,15125
1,Level 30,Elmvick,Gameplay,1.7,1299,2026-01-25T07:17:32.000+00:00,published,"global_top3pct,category_top5pct",https://www.nexusmods.com/baldursgate3/mods/4311,4311,4311
1,Dark Urge Demonic Blood Swords,PavloGarmata,Equipment,1.0,1293,2024-03-02T20:19:30.000+00:00,published,category_top20pct_item,https://www.nexusmods.com/baldursgate3/mods/3366,3366,3366
1,Chronurgy Magic Wizard Subclass,havsglimt,Classes,1.6,1292,2024-05-15T17:22:08.000+00:00,published,prolific_author,https://www.nexusmods.com/baldursgate3/mods/3323,3323,3323
1,Illithid Powers Overhaul 2,Siael,Gameplay,2.20.2,1284,2026-06-27T02:57:22.000+00:00,published,"global_top3pct,category_top5pct",https://www.nexusmods.com/baldursgate3/mods/5105,5105,5105
1,Eldritch Blast Overhaul (Scarlet Warlock),VladmirFFXI,Spells,2.9.8.8,1283,2025-02-15T03:28:23.000+00:00,published,"global_top3pct,category_top5pct",https://www.nexusmods.com/baldursgate3/mods/1462,1462,1462
1,Moonlight Armor for Selunite Shadowheart,Syrchalis,Armor,1.2.2,1281,2026-05-17T02:45:49.000+00:00,published,"global_top3pct,category_top20pct_item,prolific_author",https://www.nexusmods.com/baldursgate3/mods/4100,4100,4100
1,Swarmkeeper Ranger Subclass,havsglimt,Classes,2.5,1279,2024-05-15T17:23:52.000+00:00,published,prolific_author,https://www.nexusmods.com/baldursgate3/mods/494,494,494
1,Druid Perfection,Syrchalis,Gameplay,1.2.6,1278,2026-05-19T12:58:18.000+00:00,published,"global_top3pct,category_top5pct,prolific_author",https://www.nexusmods.com/baldursgate3/mods/4939,4939,4939
1,Nymph's outfit,bububull,Equipment,1,1278,2024-09-19T14:14:21.000+00:00,published,"category_top20pct_item,prolific_author",https://www.nexusmods.com/baldursgate3/mods/8795,8795,8795
1,Magic Mirror Menu (MMM),Trips and klementineQt,User Interface,2.0.1.0,1266,2024-09-08T10:38:58.000+00:00,published,dependency_floor_10plus,https://www.nexusmods.com/baldursgate3/mods/7258,7258,7258
1,Camp Outfits of Skills,Belinn,Gameplay,3.2,1265,2024-10-24T22:18:04.000+00:00,published,prolific_author,https://www.nexusmods.com/baldursgate3/mods/848,848,848
1,Datamined Karlach,labotor,Gameplay,1.4,1258,2025-04-20T15:53:11.000+00:00,published,prolific_author,https://www.nexusmods.com/baldursgate3/mods/508,508,508
1,P4 NPC and Outfit Inspired Dyes (Character Class and Outfit Dyes),Padme4000,Equipment,2.0.6.0,1257,2025-09-22T17:47:55.000+00:00,published,"global_top3pct,category_top20pct_item,prolific_author",https://www.nexusmods.com/baldursgate3/mods/1318,1318,1318
1,Kay's Hair Mod,perseidipity,Character Customisation,1.3.0.1,1254,2024-10-21T22:37:27.000+00:00,published,prolific_author,https://www.nexusmods.com/baldursgate3/mods/4023,4023,4023
1,5e Arcane Archer - Fighter Subclasss,Sumradagnoth,Classes,2.9.0.1,1253,2024-11-08T00:10:23.000+00:00,published,"category_top5pct,prolific_author",https://www.nexusmods.com/baldursgate3/mods/4769,4769,4769
1,Elemental Spells - Chromatic Spells,Shivero,Spells,1.0.6.0,1251,2024-02-18T18:38:31.000+00:00,published,prolific_author,https://www.nexusmods.com/baldursgate3/mods/4751,4751,4751
1,Simple Sorting Bags,retroversion,Gameplay,1.4.6,1250,2024-09-07T15:32:30.000+00:00,published,category_top5pct,https://www.nexusmods.com/baldursgate3/mods/7891,7891,7891
1,Bububull's hair pack 01,bububull,Character Customisation,1,1242,2024-07-21T19:11:20.000+00:00,published,prolific_author,https://www.nexusmods.com/baldursgate3/mods/9098,9098,9098
1,Mod Manager Fixes and Tweaks,Caites,User Interface,1.3.0,1242,2024-10-03T19:38:19.000+00:00,published,prolific_author,https://www.nexusmods.com/baldursgate3/mods/11954,11954,11954
1,Power Hunger - Story Buffs Enhanced,Siael,Gameplay,2.8,1239,2026-05-13T00:33:11.000+00:00,published,"global_top3pct,category_top5pct",https://www.nexusmods.com/baldursgate3/mods/3989,3989,3989
1,Rebalance - Level 1 Spells,Syrchalis,Gameplay,1.0.16,1239,2026-05-17T21:48:43.000+00:00,published,"global_top3pct,category_top5pct,prolific_author",https://www.nexusmods.com/baldursgate3/mods/5221,5221,5221
1,Unofficial Bug Fixer,StuddMuffinn,Gameplay,2.9,1236,2024-09-18T23:03:58.000+00:00,published,category_top5pct,https://www.nexusmods.com/baldursgate3/mods/5595,5595,5595
1,Preemptively Label Containers,Volitio,Gameplay,3.2.0,1219,2026-01-14T20:49:58.000+00:00,published,prolific_author,https://www.nexusmods.com/baldursgate3/mods/6313,6313,6313
1,More Mithral Ore - More Mithril,MaskedRPGFan,Miscellaneous,1.1.0,1212,2024-10-15T22:43:57.000+00:00,published,prolific_author,https://www.nexusmods.com/baldursgate3/mods/1998,1998,1998
1,Immersive Nudity,Professional Degenerate,Miscellaneous,0.7,1209,2026-04-10T19:38:58.000+00:00,published,"global_top3pct,category_top5pct",https://www.nexusmods.com/baldursgate3/mods/15009,15009,15009
1,Rebalance - Level 2 Spells,Syrchalis,Gameplay,1.1.13,1195,2026-05-18T12:56:12.000+00:00,published,"global_top3pct,category_top5pct,prolific_author",https://www.nexusmods.com/baldursgate3/mods/5282,5282,5282
1,Voice Swaps - Gale - Wyll - Astarion - Shadowheart - Lae'zel - Karlach - Halsin - Jaheira - Minthara - Minsc,Arkien,Audio,2.0,1191,2025-12-29T17:07:57.000+00:00,published,category_top5pct,https://www.nexusmods.com/baldursgate3/mods/2652,2652,2652
1,Drow Weaponry - Rapiers,kharneth,Weapons,1.3,1189,2024-08-19T09:02:03.000+00:00,published,"category_top20pct_item,prolific_author",https://www.nexusmods.com/baldursgate3/mods/5937,5937,5937
1,Rebalance - Level 3 Spells,Syrchalis,Spells,1.1.6,1187,2025-06-22T18:09:22.000+00:00,published,"global_top3pct,category_top5pct,prolific_author",https://www.nexusmods.com/baldursgate3/mods/5325,5325,5325
1,Noble Couture - Armor and Robes,yogurtdrink,Equipment,2.0,1184,2024-09-27T09:18:41.000+00:00,published,category_top20pct_item,https://www.nexusmods.com/baldursgate3/mods/11864,11864,11864
1,Fade's Equipment Distribution (FED),GraphicFade,Equipment,1.0.0.25,1170,2025-09-01T23:41:32.000+00:00,published,"global_top3pct,category_top20pct_item,dependency_floor_10plus",https://www.nexusmods.com/baldursgate3/mods/13824,13824,13824
1,Solar Player Race,Laruses,Races,5.3.0,1169,2026-01-27T20:32:30.000+00:00,published,"global_top3pct,category_top5pct",https://www.nexusmods.com/baldursgate3/mods/3861,3861,3861
1,Enchanted Threads,arideyya,Equipment,1.0,1169,2024-11-04T10:39:26.000+00:00,published,category_top20pct_item,https://www.nexusmods.com/baldursgate3/mods/10580,10580,10580
1,Gothyanki Gear,jerinski,Armor,1.0.10,1164,2025-07-31T14:29:10.000+00:00,published,"global_top3pct,category_top20pct_item",https://www.nexusmods.com/baldursgate3/mods/5485,5485,5485
1,The Dawn maiden Outfit By REN,REN,Equipment,1.0,1156,2024-09-13T16:09:28.000+00:00,published,category_top20pct_item,https://www.nexusmods.com/baldursgate3/mods/10394,10394,10394
1,Bags of Sorting - Bean's Preset with auto-sort function,blackninjato2,User Interface,2.8,1154,2023-12-02T08:11:28.000+00:00,published,dependency_closure_inherited,https://www.nexusmods.com/baldursgate3/mods/2797,2797,2797
1,Elven Weaponry - Wands,kharneth,Weapons,1.5.1,1152,2024-11-29T07:41:55.000+00:00,published,"category_top20pct_item,prolific_author",https://www.nexusmods.com/baldursgate3/mods/5458,5458,5458
1,BG3SX - Climbable Beds,ltpitb,Equipment,2.0.0.7,1146,2025-12-16T04:05:18.000+00:00,published,category_top20pct_item,https://www.nexusmods.com/baldursgate3/mods/12809,12809,12809
1,Modular Skirts,beanedsprout,Equipment,2.0,1144,2025-02-27T20:04:12.000+00:00,published,category_top20pct_item,https://www.nexusmods.com/baldursgate3/mods/7280,7280,7280
1,Kai's Overhauled Appearance Interface aka KaiLimeUI,KaiLimePie,User Interface,1.1,1143,2025-07-12T02:37:34.000+00:00,published,"global_top3pct,category_top5pct",https://www.nexusmods.com/baldursgate3/mods/17443,17443,17443
1,Skin Beauty Textures,Sindae,Visuals,1.3,1137,2026-01-02T01:37:24.000+00:00,published,"category_top5pct,prolific_author",https://www.nexusmods.com/baldursgate3/mods/14677,14677,14677
1,Rebalance - Level 4 Spells,Syrchalis,Gameplay,1.1.2,1133,2025-05-01T22:55:17.000+00:00,published,"global_top3pct,category_top5pct,prolific_author",https://www.nexusmods.com/baldursgate3/mods/5389,5389,5389
1,Overpowered Rings,tepkunset,Gameplay,2,1132,2023-11-18T18:05:34.000+00:00,published,prolific_author,https://www.nexusmods.com/baldursgate3/mods/269,269,269
1,Rebalance - Level 6 Spells,Syrchalis,Gameplay,1.0.8,1129,2025-06-10T18:12:57.000+00:00,published,"global_top3pct,category_top5pct,prolific_author",https://www.nexusmods.com/baldursgate3/mods/5518,5518,5518
1,Mizora and Neres Hairstyle (plus Accessoires),Hearts,Character Customisation,1.4,1123,2024-05-10T12:32:12.000+00:00,published,dependency_closure_inherited,https://www.nexusmods.com/baldursgate3/mods/4057,4057,4057
1,Elven Weaponry - Shortbows,kharneth,Weapons,1.2,1121,2024-04-18T07:48:20.000+00:00,published,prolific_author,https://www.nexusmods.com/baldursgate3/mods/5669,5669,5669
1,Shadowheart's Better Starting Gear by AzazeL (Patch 7-8),AzazeL,Armor,2.2.1,1118,2025-10-02T14:40:14.000+00:00,published,"global_top3pct,category_top20pct_item",https://www.nexusmods.com/baldursgate3/mods/12551,12551,12551
1,Half-Orc Unleashed,Mharius,Races,5.5-P7,1112,2025-03-23T13:42:44.000+00:00,published,prolific_author,https://www.nexusmods.com/baldursgate3/mods/559,559,559
1,Rebalance - Level 5 Spells,Syrchalis,Gameplay,1.0.3,1112,2025-04-13T17:02:50.000+00:00,published,"global_top3pct,category_top5pct,prolific_author",https://www.nexusmods.com/baldursgate3/mods/5474,5474,5474
1,Corset Outfit Variations,Hearts,Equipment,1.3.1,1104,2024-04-19T19:24:09.000+00:00,published,category_top20pct_item,https://www.nexusmods.com/baldursgate3/mods/5889,5889,5889
1,Elven Weaponry - Spears,kharneth,Weapons,2.0,1102,2024-08-29T18:36:59.000+00:00,published,prolific_author,https://www.nexusmods.com/baldursgate3/mods/4944,4944,4944
1,Meet Everdawn (head),hijimare,Character Customisation,1.2.1,1101,2024-05-27T06:13:50.000+00:00,published,prolific_author,https://www.nexusmods.com/baldursgate3/mods/8799,8799,8799
1,Early Access Scenes Restored,HyperspaceTowel,Gameplay,1.4.1.1,1100,2026-05-29T18:48:17.000+00:00,published,"global_top3pct,category_top5pct",https://www.nexusmods.com/baldursgate3/mods/16830,16830,16830
1,Origin-Themed Weapons,JonHinkerton,Equipment,1.0,1097,2024-03-19T23:09:15.000+00:00,published,category_top20pct_item,https://www.nexusmods.com/baldursgate3/mods/6282,6282,6282
1,VIVIDS - Makeup Lip and Tattoo Color Collection,Astralities,Visuals,2.0,1089,2025-04-18T23:28:52.000+00:00,published,prolific_author,https://www.nexusmods.com/baldursgate3/mods/5946,5946,5946
1,Scantily Outfit Separator,NightmareThrenody,Equipment,1.8.0,1089,2025-03-30T01:06:36.000+00:00,published,category_top20pct_item,https://www.nexusmods.com/baldursgate3/mods/6643,6643,6643
1,Witcher 3 Armor (Keira Ciri Yennefer Margarita),hijimare,Equipment,1.4.3,1089,2024-09-12T16:06:59.000+00:00,published,"category_top20pct_item,prolific_author",https://www.nexusmods.com/baldursgate3/mods/6649,6649,6649
1,SR Divinity - Divine Dresses and Mystra Dress Replacer,Samson,Clothing,1.1.0,1085,2025-06-03T20:38:31.000+00:00,published,"global_top3pct,category_top20pct_item",https://www.nexusmods.com/baldursgate3/mods/10977,10977,10977
1,Elven Weaponry - Ranger Armor,kharneth,Armor,1.3.1,1079,2024-04-21T17:11:17.000+00:00,published,"category_top20pct_item,prolific_author",https://www.nexusmods.com/baldursgate3/mods/6384,6384,6384
1,Dastardly Accoutrements - Rogue Gear - Armor - Clothes,copperleaves,Armor,2.0.0.35,1074,2025-11-01T19:56:07.000+00:00,published,"global_top3pct,category_top20pct_item",https://www.nexusmods.com/baldursgate3/mods/13435,13435,13435
1,Wicked Anims - A BG3SX Animation Pack 4.0,Enemy,Animations,4.0,1065,2026-04-07T22:15:39.000+00:00,published,"global_top3pct,category_top5pct",https://www.nexusmods.com/baldursgate3/mods/19196,19196,19196
1,Utut's Core Library,utut,Utilities,1.0.1,1064,2024-07-22T09:45:24.000+00:00,published,dependency_closure_inherited,https://www.nexusmods.com/baldursgate3/mods/11061,11061,11061
1,P4 Custom Eye Colours,Padme4000,Character Customisation,1.0.1.0,1056,2024-10-22T13:00:26.000+00:00,published,prolific_author,https://www.nexusmods.com/baldursgate3/mods/423,423,423
1,Bububull's beard pack 01,bububull,Character Customisation,2.0,1051,2025-06-15T19:23:14.000+00:00,published,"global_top3pct,category_top5pct,prolific_author",https://www.nexusmods.com/baldursgate3/mods/6396,6396,6396
1,Ataraxia Dress (patch 8 ready),Obscen1ty,Armor,1.0.3,1050,2025-04-28T19:12:20.000+00:00,published,category_top20pct_item,https://www.nexusmods.com/baldursgate3/mods/15753,15753,15753
1,Myrkul Bane Armor and Helmets,Cerberry,Equipment,1.2,1047,2024-02-23T15:17:03.000+00:00,published,prolific_author,https://www.nexusmods.com/baldursgate3/mods/4518,4518,4518
1,Class Specialization Feats,BitterPast,Gameplay,1.2.2,1044,2025-05-16T19:41:28.000+00:00,published,"global_top3pct,category_top5pct,prolific_author",https://www.nexusmods.com/baldursgate3/mods/3931,3931,3931
1,Auto Use Soap,Volitio,Gameplay,2.0.3,1040,2024-09-08T15:46:53.000+00:00,published,"category_top5pct,prolific_author",https://www.nexusmods.com/baldursgate3/mods/6880,6880,6880
1,Glasses By Ren,Ren,Accessories,1.0,1035,2023-12-16T13:02:32.000+00:00,published,prolific_author,https://www.nexusmods.com/baldursgate3/mods/5067,5067,5067
1,Spell List Sorter,wesslen,Miscellaneous,1.2.1,1035,2025-05-09T06:58:20.000+00:00,published,"global_top3pct,category_top5pct,prolific_author",https://www.nexusmods.com/baldursgate3/mods/9608,9608,9608
1,Longstrider AoE,Loktide,Gameplay,1.0,1032,2023-08-10T13:46:49.000+00:00,published,prolific_author,https://www.nexusmods.com/baldursgate3/mods/624,624,624
1,Nightsong outfit for male (armor),hijimare,Armor,1.6,1031,2024-09-13T01:54:59.000+00:00,published,"category_top20pct_item,prolific_author",https://www.nexusmods.com/baldursgate3/mods/4594,4594,4594
1,Smart Autosaving,Volitio,Gameplay,3.2.3,1022,2025-05-15T20:58:47.000+00:00,published,prolific_author,https://www.nexusmods.com/baldursgate3/mods/5899,5899,5899
1,Astralities Fluffy Ears,Astralities,Character Customisation,2.0,1020,2025-04-18T23:52:52.000+00:00,published,prolific_author,https://www.nexusmods.com/baldursgate3/mods/10398,10398,10398
1,NPC Redesign - The Emerald Grove by AzazeL (Patch 7-8),AzazeL,Character Customisation,2.0,1014,2026-04-14T19:30:44.000+00:00,published,"global_top3pct,category_top5pct",https://www.nexusmods.com/baldursgate3/mods/14054,14054,14054
1,Custom Item Pack,Sumajin,Equipment,1.1.1,1011,2023-12-05T03:18:18.000+00:00,published,category_top20pct_item,https://www.nexusmods.com/baldursgate3/mods/3991,3991,3991
1,Reza head - for different races and body types,jerinski,Character Customisation,2.1.3.18,1010,2025-09-11T15:19:37.000+00:00,published,"global_top3pct,category_top5pct",https://www.nexusmods.com/baldursgate3/mods/1384,1384,1384
1,Kyra's head and hair,hijimare,Character Customisation,1.2,1008,2023-10-02T00:31:12.000+00:00,published,prolific_author,https://www.nexusmods.com/baldursgate3/mods/1301,1301,1301
1,Durge's mangled head - Dark Urge Dragonborn CC,AkELkA,Character Customisation,1.0.0.16,990,2026-04-30T10:20:28.000+00:00,published,"global_top3pct,category_top5pct,dependency_floor_10plus",https://www.nexusmods.com/baldursgate3/mods/9702,9702,9702
1,Rebalance - Common Effects,Syrchalis,Gameplay,1.0.13,989,2026-05-17T22:16:20.000+00:00,published,"global_top3pct,category_top5pct,prolific_author",https://www.nexusmods.com/baldursgate3/mods/5755,5755,5755
1,Simple Hairstyles,Cerberry,Character Customisation,2.0,977,2024-07-01T10:44:21.000+00:00,published,prolific_author,https://www.nexusmods.com/baldursgate3/mods/6795,6795,6795
1,Weapons of Olympus,dmarquez,Equipment,1.2,976,2023-11-12T20:22:00.000+00:00,published,category_top20pct_item,https://www.nexusmods.com/baldursgate3/mods/2455,2455,2455
1,5e Samurai - Fighter Subclasss (Deprecated),Sumradagnoth,Classes,1.9.1.0,975,2024-12-11T13:52:52.000+00:00,published,"category_top5pct,prolific_author",https://www.nexusmods.com/baldursgate3/mods/7236,7236,7236
1,Lovely Dresses,badwitch69,Armor,1.0.0,974,2025-04-27T22:34:54.000+00:00,published,"global_top3pct,category_top20pct_item",https://www.nexusmods.com/baldursgate3/mods/16161,16161,16161
1,Infernal Intimates - Stockings for all,Nikjima,Clothing,1.0.0.0,973,2025-01-17T12:39:59.000+00:00,published,category_top20pct_item,https://www.nexusmods.com/baldursgate3/mods/10653,10653,10653
1,Vivid Landscapes - Fire and Ashes - HD Textures,Hein84,Visuals,1.5.0,972,2026-04-12T16:54:14.000+00:00,published,category_top5pct,https://www.nexusmods.com/baldursgate3/mods/11520,11520,11520
1,FearTaylor's Camp Clothes,FearTaylor,Clothing,1.0.0.51,972,2026-03-14T22:52:00.000+00:00,published,category_top20pct_item,https://www.nexusmods.com/baldursgate3/mods/13885,13885,13885
1,More Soul Coins,MaskedRPGFan,Miscellaneous,1.1.0,969,2024-10-18T09:35:17.000+00:00,published,prolific_author,https://www.nexusmods.com/baldursgate3/mods/1634,1634,1634
1,Some Melee wepons on hip,Revan770,Equipment,1.0,962,2023-09-08T07:58:11.000+00:00,published,category_top20pct_item,https://www.nexusmods.com/baldursgate3/mods/1814,1814,1814
1,Rebalance - Class Spells,Syrchalis,Gameplay,1.0.10,960,2026-06-15T08:53:14.000+00:00,published,"global_top3pct,category_top5pct,prolific_author",https://www.nexusmods.com/baldursgate3/mods/5846,5846,5846
1,The Leg Thing - Astarion's Act 3 Camera Tweaks,Magnetuning,Animations,1.0.1.1,955,2025-04-23T03:42:58.000+00:00,published,category_top5pct,https://www.nexusmods.com/baldursgate3/mods/11460,11460,11460
1,Kascayde's Wardrobe of Hedonistic Debauchery,Kascayde,Armor,1.2.0.0,955,2025-01-23T05:28:32.000+00:00,published,category_top20pct_item,https://www.nexusmods.com/baldursgate3/mods/13983,13983,13983
1,Feat Every Level and Optional Spell Slots,BitterPast,Classes,1.0.3,952,2025-05-13T16:19:19.000+00:00,published,prolific_author,https://www.nexusmods.com/baldursgate3/mods/4123,4123,4123
1,Camp Event Overhaul,HyperspaceTowel,Gameplay,1.0.1.1,949,2025-10-23T11:32:03.000+00:00,published,category_top5pct,https://www.nexusmods.com/baldursgate3/mods/17753,17753,17753
1,Luminous Threads,arideyya,Equipment,1.0,947,2025-09-02T16:17:01.000+00:00,published,"global_top3pct,category_top20pct_item",https://www.nexusmods.com/baldursgate3/mods/14819,14819,14819
1,Ellian's trinkets (camp version),hijimare,Equipment,1,946,2023-08-20T01:01:27.000+00:00,published,"category_top20pct_item,prolific_author",https://www.nexusmods.com/baldursgate3/mods/1209,1209,1209
1,Elven Weaponry - Glaives,kharneth,Weapons,1.5,942,2024-07-13T12:15:37.000+00:00,published,prolific_author,https://www.nexusmods.com/baldursgate3/mods/6639,6639,6639
1,Mind Weaver Class,zx10r,Classes,9.5.2,942,2026-05-23T12:10:56.000+00:00,published,"global_top3pct,category_top5pct,category_floor",https://www.nexusmods.com/baldursgate3/mods/10431,10431,10431
1,The Inconstant Moon - Shar and Selune Cleric Gear - Armor - Shields,copperleaves,Armor,1.2.0.111,938,2025-12-30T07:55:34.000+00:00,published,"global_top3pct,category_top20pct_item",https://www.nexusmods.com/baldursgate3/mods/13774,13774,13774
1,Elven Weaponry - Chainmail,kharneth,Armor,1.4,935,2024-04-13T11:47:53.000+00:00,published,"category_top20pct_item,prolific_author",https://www.nexusmods.com/baldursgate3/mods/4489,4489,4489
1,HomeBrew - Comprehensive Reworks,HaVeNII7,Gameplay,8.3.5,935,2026-05-19T10:46:02.000+00:00,published,"global_top3pct,category_top5pct",https://www.nexusmods.com/baldursgate3/mods/9052,9052,9052
1,Myky's CC Color Collection,myky24,Character Customisation,1.0.0,932,2024-12-08T13:38:45.000+00:00,published,category_top5pct,https://www.nexusmods.com/baldursgate3/mods/14167,14167,14167
1,Laboutique (CC Mods Collection),labotor,Character Customisation,1.2,931,2024-03-17T16:37:32.000+00:00,published,prolific_author,https://www.nexusmods.com/baldursgate3/mods/5194,5194,5194
1,Aether's Better Loading Screens,Aether,User Interface,1.0.4,930,2025-04-20T16:44:48.000+00:00,published,"global_top3pct,prolific_author",https://www.nexusmods.com/baldursgate3/mods/757,757,757
1,More Horns,tepkunset,Character Customisation,1.1,930,2023-10-24T11:38:09.000+00:00,published,prolific_author,https://www.nexusmods.com/baldursgate3/mods/2655,2655,2655
1,5e Path of the Zealot - Barbarian Subclasss (Deprecated),Sumradagnoth,Classes,1.9.0.2,924,2024-11-05T16:00:22.000+00:00,published,"category_top5pct,prolific_author",https://www.nexusmods.com/baldursgate3/mods/5587,5587,5587
1,SCO - Toolkit,Crosscrusade,Clothing,3.0.4.169,924,2025-02-24T05:22:45.000+00:00,published,"global_top3pct,category_top20pct_item",https://www.nexusmods.com/baldursgate3/mods/14765,14765,14765
1,Draconic Scales - Color Expansion,Astralities,Visuals,2.0,922,2025-04-18T23:40:30.000+00:00,published,prolific_author,https://www.nexusmods.com/baldursgate3/mods/10686,10686,10686
1,Wasteland Weaponry - Barbarian Armory,kharneth,Armor,1.2.1,919,2024-09-15T10:25:35.000+00:00,published,"category_top20pct_item,prolific_author",https://www.nexusmods.com/baldursgate3/mods/9762,9762,9762
1,Queen Marika Outfit By REN,RyanReos and  Ren,Equipment,1.0,915,2024-09-16T07:06:25.000+00:00,published,category_top20pct_item,https://www.nexusmods.com/baldursgate3/mods/10576,10576,10576
1,Half loose hairstyle,bububull,Character Customisation,1,914,2023-11-12T07:55:00.000+00:00,published,prolific_author,https://www.nexusmods.com/baldursgate3/mods/3855,3855,3855
1,Elven Weaponry - Sword Dancer,kharneth,Armor,1.1.2,914,2024-09-11T11:27:38.000+00:00,published,prolific_author,https://www.nexusmods.com/baldursgate3/mods/9243,9243,9243
1,Kitty Party - Displacer Beast Summon,Laruses,Gameplay,2.0.0,913,2024-10-02T17:28:15.000+00:00,published,category_top5pct,https://www.nexusmods.com/baldursgate3/mods/2529,2529,2529
1,Books Notes Zero Weight,Loktide,Gameplay,1.0,910,2023-08-09T04:45:18.000+00:00,published,prolific_author,https://www.nexusmods.com/baldursgate3/mods/697,697,697
1,The First Vampire Warlock Subclass,havsglimt,Classes,1.2,907,2024-06-09T22:37:58.000+00:00,published,prolific_author,https://www.nexusmods.com/baldursgate3/mods/9487,9487,9487
1,Secrua Armour,Obscen1ty,Armor,1.0.2,905,2025-05-15T14:44:06.000+00:00,published,"global_top3pct,category_top20pct_item",https://www.nexusmods.com/baldursgate3/mods/15294,15294,15294
1,Elven Weaponry - Bladesinger,kharneth,Armor,1.1.2,904,2024-09-11T09:35:48.000+00:00,published,prolific_author,https://www.nexusmods.com/baldursgate3/mods/10090,10090,10090
1,Sussur Weapons Expanded,CLV,Equipment,V3.1.0.0-Craft,902,2026-01-04T11:11:26.000+00:00,published,"global_top3pct,category_top20pct_item",https://www.nexusmods.com/baldursgate3/mods/2356,2356,2356
1,Kirby's Hair Pack,CobraChai,Character Customisation,Oct192024,902,2024-10-20T01:11:37.000+00:00,published,category_top5pct,https://www.nexusmods.com/baldursgate3/mods/11052,11052,11052
1,Blackguard - A Homebrew Dark Paladin Class,xarara,Classes,4.914,901,2026-03-16T22:26:08.000+00:00,published,"global_top3pct,category_top5pct",https://www.nexusmods.com/baldursgate3/mods/6612,6612,6612
1,MJK HEADS,mrjack,Character Customisation,1.3,900,2026-03-25T07:22:42.000+00:00,published,"global_top3pct,category_top5pct",https://www.nexusmods.com/baldursgate3/mods/3917,3917,3917
1,Infinite Consumables,Belinn,Gameplay,1.1,896,2024-09-15T07:42:07.000+00:00,published,prolific_author,https://www.nexusmods.com/baldursgate3/mods/2075,2075,2075
1,Harpy Hairs,tepkunset,Character Customisation,1.1,892,2023-10-24T16:35:05.000+00:00,published,prolific_author,https://www.nexusmods.com/baldursgate3/mods/2840,2840,2840
1,Interesting Origins,Siael,Gameplay,1.15,891,2026-06-23T02:22:21.000+00:00,published,"global_top3pct,category_top5pct",https://www.nexusmods.com/baldursgate3/mods/9359,9359,9359
1,Celestial Warlock,FluffyDragon,Classes,1.3.0,889,2024-09-23T21:57:54.000+00:00,published,category_top5pct,https://www.nexusmods.com/baldursgate3/mods/1567,1567,1567
1,Beautiful Curvy Unique Tav with 200 Outfits,Sindae,Character Customisation,2.7a,885,2025-09-14T04:34:11.000+00:00,published,"global_top3pct,category_top5pct,prolific_author",https://www.nexusmods.com/baldursgate3/mods/7719,7719,7719
1,Cunning Strike and UA6 Swashbuckler,wesslen,Classes,1.6.1,879,2026-04-12T11:56:40.000+00:00,published,"global_top3pct,category_top5pct,prolific_author",https://www.nexusmods.com/baldursgate3/mods/507,507,507
1,Dwarf Unleashed -  Deralt of Dwarvia,Mharius,Races,8.2026-P8,878,2026-01-01T15:05:39.000+00:00,published,prolific_author,https://www.nexusmods.com/baldursgate3/mods/601,601,601
1,Half-Tiefs - Flora and Fauna (Custom Horn Pack),labotor,Character Customisation,1.1.1,876,2024-09-20T11:50:31.000+00:00,published,prolific_author,https://www.nexusmods.com/baldursgate3/mods/8871,8871,8871
1,More Noblestalk,MaskedRPGFan,Miscellaneous,1.2.0,870,2024-11-03T07:27:32.000+00:00,published,prolific_author,https://www.nexusmods.com/baldursgate3/mods/3055,3055,3055
1,NPC (And Origins) Eye Skin and Hair Colours for Tav,Padme4000,Character Customisation,1.0.8.0,869,2025-03-16T15:08:39.000+00:00,published,"global_top3pct,category_top5pct,prolific_author",https://www.nexusmods.com/baldursgate3/mods/362,362,362
1,Big Dwarven Beards,bububull,Character Customisation,2,866,2025-06-18T21:09:23.000+00:00,published,"global_top3pct,category_top5pct,prolific_author",https://www.nexusmods.com/baldursgate3/mods/3810,3810,3810
1,Increase Ability Scores,BitterPast,Gameplay,1.0.1,866,2024-01-27T18:31:44.000+00:00,published,prolific_author,https://www.nexusmods.com/baldursgate3/mods/5444,5444,5444
1,Transmog Enhanced Revamped,GosuDRM,Gameplay,v1.3.6,865,2026-01-12T13:40:34.000+00:00,published,"global_top3pct,category_top5pct",https://www.nexusmods.com/baldursgate3/mods/20407,20407,20407
1,SBBF Bikini Armors (TAWOBA port),Fred_Karrera,Equipment,1.13,857,2024-01-19T01:05:52.000+00:00,published,category_top20pct_item,https://www.nexusmods.com/baldursgate3/mods/4867,4867,4867
1,Camp Shoes of Advantages,Belinn,Gameplay,3.1,856,2024-10-01T19:17:03.000+00:00,published,prolific_author,https://www.nexusmods.com/baldursgate3/mods/852,852,852
1,Dialogue Voice Quality Restoration (DVQR),Arbitality,Audio,3.0,856,2026-03-21T00:01:04.000+00:00,published,"global_top3pct,category_top5pct,category_floor",https://www.nexusmods.com/baldursgate3/mods/8224,8224,8224
1,Elven Weaponry - Rogue,kharneth,Armor,1.3.1,854,2024-09-12T12:47:55.000+00:00,published,"category_top20pct_item,prolific_author",https://www.nexusmods.com/baldursgate3/mods/8588,8588,8588
1,5e Horizon Walker - Ranger Subclasss (Deprecated),Sumradagnoth,Classes,1.9.0,853,2024-09-10T15:36:36.000+00:00,published,prolific_author,https://www.nexusmods.com/baldursgate3/mods/5442,5442,5442
1,Selune Dice,EllieGreenArt,Dice,1.0.1,853,2024-09-05T18:43:10.000+00:00,published,category_top5pct,https://www.nexusmods.com/baldursgate3/mods/6105,6105,6105
1,Elven Weaponry - Dryad,kharneth,Armor,1.1.2,853,2024-04-22T11:23:38.000+00:00,published,"category_top20pct_item,prolific_author",https://www.nexusmods.com/baldursgate3/mods/7405,7405,7405
1,More Makeup and Tattoos,jawstarion,Character Customisation,3.1.0,852,2025-07-03T10:36:29.000+00:00,published,"global_top3pct,category_top5pct",https://www.nexusmods.com/baldursgate3/mods/14424,14424,14424
1,Configurable Party Limit,Volitio,Utilities,1.2.1,851,2026-05-05T03:46:52.000+00:00,published,"global_top3pct,category_top5pct,prolific_author",https://www.nexusmods.com/baldursgate3/mods/11172,11172,11172
1,Containers Extended,darkcharl,Gameplay,3.2.0.11,849,2026-03-06T23:59:46.000+00:00,published,"global_top3pct,category_top5pct",https://www.nexusmods.com/baldursgate3/mods/7980,7980,7980
1,Trials of Tav - Reloaded,celerev,Gameplay,2.3.4.0,848,2026-06-08T03:00:57.000+00:00,published,"global_top3pct,category_top5pct",https://www.nexusmods.com/baldursgate3/mods/14430,14430,14430
1,5e Rune Knight - Fighter Subclasss (Deprecated),Sumradagnoth,Classes,1.9.1.2,845,2024-12-08T02:02:10.000+00:00,published,"category_top5pct,prolific_author",https://www.nexusmods.com/baldursgate3/mods/6831,6831,6831
1,Firearms,Anxiety The Ork,Equipment,4.1.0.0,844,2024-11-03T05:29:05.000+00:00,published,category_top20pct_item,https://www.nexusmods.com/baldursgate3/mods/1217,1217,1217
1,Trade With Anyone,Caites,User Interface,1.2.2,842,2025-04-15T19:16:05.000+00:00,published,prolific_author,https://www.nexusmods.com/baldursgate3/mods/2082,2082,2082
1,Horned Hairstyles,bububull,Character Customisation,1.5,841,2024-08-10T20:31:01.000+00:00,published,prolific_author,https://www.nexusmods.com/baldursgate3/mods/3586,3586,3586
1,Myky's Accessories,myky24,Accessories,1.1.1,839,2025-07-19T16:50:37.000+00:00,published,category_top20pct_item,https://www.nexusmods.com/baldursgate3/mods/17679,17679,17679
1,Rose Bard Outfit,wrenanigans,Equipment,2.1.0,838,2026-03-11T15:52:23.000+00:00,published,"global_top3pct,category_top20pct_item",https://www.nexusmods.com/baldursgate3/mods/5512,5512,5512
1,Gnome Unleashed - Last but not Least,Mharius,Races,5.0-P7,836,2024-09-09T13:31:34.000+00:00,published,prolific_author,https://www.nexusmods.com/baldursgate3/mods/612,612,612
1,Less Blood And Dirt - For A Cleaner Society - Or More Blood and Dirt,Mharius,Visuals,3.30-P7,833,2024-09-12T16:32:18.000+00:00,published,prolific_author,https://www.nexusmods.com/baldursgate3/mods/1244,1244,1244
1,Cheaters Spell Scroll - Formerly Cheaters Ring,Xelphos,Miscellaneous,3.1.9.219,833,2025-04-28T09:53:20.000+00:00,published,"global_top3pct,category_top5pct",https://www.nexusmods.com/baldursgate3/mods/12023,12023,12023
1,Ione's Clerical Eyeglasses,perseidipity,Visuals,2.1.0,830,2024-07-11T02:55:05.000+00:00,published,prolific_author,https://www.nexusmods.com/baldursgate3/mods/6981,6981,6981
1,Unarmed and Upgraded - Monk Equipment,GraphicFade,Equipment,1.0.0.12,828,2026-02-16T21:38:32.000+00:00,published,"global_top3pct,category_top20pct_item",https://www.nexusmods.com/baldursgate3/mods/7254,7254,7254
1,Asymmetrical Shadowheart Concept Outfit,commanderstrawberry,Equipment,3.6,827,2026-05-25T13:24:48.000+00:00,published,"global_top3pct,category_top20pct_item,prolific_author",https://www.nexusmods.com/baldursgate3/mods/6578,6578,6578
1,Elven Weaponry - Academy Robes,kharneth,Armor,1.5.1,826,2024-09-15T18:56:03.000+00:00,published,"category_top20pct_item,prolific_author",https://www.nexusmods.com/baldursgate3/mods/8137,8137,8137
1,Dark Urge (Durge) Dice - Path of Nightmares,EllieGreenArt,Dice,1.0.1,826,2024-09-05T18:11:59.000+00:00,published,category_top5pct,https://www.nexusmods.com/baldursgate3/mods/9080,9080,9080
1,Fickle Mistress Collection,Obscen1ty,Armor,1.0.1,824,2025-05-12T12:48:07.000+00:00,published,category_top20pct_item,https://www.nexusmods.com/baldursgate3/mods/16432,16432,16432
1,P4 Custom Dyes,Padme4000,Equipment,1.0.1.0,823,2024-10-31T14:38:03.000+00:00,published,prolific_author,https://www.nexusmods.com/baldursgate3/mods/1280,1280,1280
1,Aasimar - xx's New Female Head Preset patch,MaskedRPGFan,Character Customisation,1.1.0,821,2023-10-24T19:51:46.000+00:00,published,prolific_author,https://www.nexusmods.com/baldursgate3/mods/3591,3591,3591
1,Spellsword Class - Arcane Martial Half-Caster,Gawesome,Classes,5.7.4,819,2026-01-01T00:15:52.000+00:00,published,"global_top3pct,category_top5pct",https://www.nexusmods.com/baldursgate3/mods/3686,3686,3686
1,Speak With Animals For All,Aether,Spells,1.0,817,2023-10-10T01:05:44.000+00:00,published,prolific_author,https://www.nexusmods.com/baldursgate3/mods/3128,3128,3128
1,Tav's Dadbod,NachoPango,Character Customisation,0.3.0,812,2025-05-08T10:13:48.000+00:00,published,category_top5pct,https://www.nexusmods.com/baldursgate3/mods/2568,2568,2568
1,Calimshan Pirate Outfit,Aloija,Equipment,1.0.1,810,2024-03-27T12:16:57.000+00:00,published,category_top20pct_item,https://www.nexusmods.com/baldursgate3/mods/8298,8298,8298
1,5e Monster Slayer - Ranger Subclasss  (Deprecated),Sumradagnoth,Classes,1.9.0.1,808,2024-09-20T16:52:58.000+00:00,published,prolific_author,https://www.nexusmods.com/baldursgate3/mods/5842,5842,5842
1,ImpUI_P8_Fork (ImprovedUI),bibsan,User Interface,8.0.3,808,2025-05-18T15:06:25.000+00:00,published,"global_top3pct,category_top5pct,dependency_floor_10plus",https://www.nexusmods.com/baldursgate3/mods/16649,16649,16649
1,Fancy noble gear,bububull,Equipment,3,806,2024-09-19T13:21:13.000+00:00,published,"category_top20pct_item,prolific_author",https://www.nexusmods.com/baldursgate3/mods/5397,5397,5397
1,More stoic facial expressions (replacer),FluffySpider,Miscellaneous,1.2,802,2024-09-05T14:15:51.000+00:00,published,category_top5pct,https://www.nexusmods.com/baldursgate3/mods/9475,9475,9475
1,Faith and Fortitude - Cleric Equipment,GraphicFade,Equipment,1.0.0.21,801,2026-03-25T17:59:17.000+00:00,published,category_top20pct_item,https://www.nexusmods.com/baldursgate3/mods/9415,9415,9415
1,Reliable Rolls - No Critical Failure or Always Critical Success,MaskedRPGFan,Miscellaneous,4.2.0,800,2025-04-22T13:15:37.000+00:00,published,prolific_author,https://www.nexusmods.com/baldursgate3/mods/2825,2825,2825
1,Lunar Sorcery Sorcerer Subclass,havsglimt and Celes,Classes,2.0.1,800,2025-04-23T20:23:54.000+00:00,published,"global_top3pct,category_top5pct",https://www.nexusmods.com/baldursgate3/mods/8218,8218,8218
1,The Voidborne,Reinfall,Classes,3.0.9,798,2025-04-26T08:03:18.000+00:00,published,category_top5pct,https://www.nexusmods.com/baldursgate3/mods/5239,5239,5239
1,Dragon Age Gear (Veilguard-Inquisition),TashaWeeds,Armor,1.3,795,2024-12-26T11:09:15.000+00:00,published,"category_top20pct_item,prolific_author",https://www.nexusmods.com/baldursgate3/mods/14273,14273,14273
1,Encounters Overhaul Addon - 5e Spells,utut,Gameplay,1.0.0,793,2024-07-19T13:19:01.000+00:00,published,dependency_closure_inherited,https://www.nexusmods.com/baldursgate3/mods/11063,11063,11063
1,Mythral accessories,hijimare,Equipment,1,791,2024-05-05T07:12:33.000+00:00,published,"category_top20pct_item,prolific_author",https://www.nexusmods.com/baldursgate3/mods/9214,9214,9214
1,Physics Hair Pack,Lynia,Character Customisation,1.0,787,2024-11-04T23:56:40.000+00:00,published,category_top5pct,https://www.nexusmods.com/baldursgate3/mods/13616,13616,13616
1,Male Elf and Drow Heads,tepkunset,Character Customisation,2.3,786,2023-10-26T21:55:23.000+00:00,published,prolific_author,https://www.nexusmods.com/baldursgate3/mods/342,342,342
1,Underdark Dice - Seldarine Drow,EllieGreenArt,Dice,1.0.1,785,2024-09-05T18:37:22.000+00:00,published,category_top5pct,https://www.nexusmods.com/baldursgate3/mods/8193,8193,8193
1,Lilith's Armors (Patch 7 Update),badwitch69,Armor,1.1.0,782,2025-03-23T13:06:53.000+00:00,published,category_top20pct_item,https://www.nexusmods.com/baldursgate3/mods/15420,15420,15420
1,Fade's Equipment Distribution AIO,GraphicFade,Equipment,1.0.0.15,781,2026-05-11T23:04:42.000+00:00,published,"global_top3pct,category_top20pct_item",https://www.nexusmods.com/baldursgate3/mods/16328,16328,16328
1,Summon Tara - Gale's Beloved Tressym,JonHinkerton,Companions,1.0,780,2024-02-25T13:48:37.000+00:00,published,dependency_closure_inherited,https://www.nexusmods.com/baldursgate3/mods/5742,5742,5742
1,Alfira Joins The Party,adriant1978,Companions,3.0.2.0,779,2026-04-16T06:20:08.000+00:00,published,"global_top3pct,category_top5pct,category_floor",https://www.nexusmods.com/baldursgate3/mods/12257,12257,12257
1,V-Neck Rich Clothes,KinntheGreen,Armor,5,778,2024-10-15T13:20:16.000+00:00,published,category_top20pct_item,https://www.nexusmods.com/baldursgate3/mods/10989,10989,10989
1,JWL Discordant Instruments - New Equipment Slot,Jewels,Equipment,1.2.0.0,777,2024-05-05T21:25:57.000+00:00,published,category_top20pct_item,https://www.nexusmods.com/baldursgate3/mods/9119,9119,9119
1,Dark Urge Tweeaks,HyperspaceTowel,Gameplay,3.0.0.6,774,2026-03-11T15:29:42.000+00:00,published,category_top5pct,https://www.nexusmods.com/baldursgate3/mods/15031,15031,15031
1,Spell List Combiner,3XC4L1B3R,Utilities,1.4.4,773,2023-10-23T03:56:01.000+00:00,published,dependency_closure_inherited,https://www.nexusmods.com/baldursgate3/mods/2577,2577,2577
1,Dr. Kekyll's Grappling Framework,drkekyll,Gameplay,1.2.4.15,771,2025-09-28T02:06:09.000+00:00,published,"global_top3pct,category_top5pct,dependency_floor_10plus",https://www.nexusmods.com/baldursgate3/mods/3382,3382,3382
1,Elven Weaponry - Phoenix and Valkyrie,kharneth,Armor,1.4,771,2024-07-29T14:42:41.000+00:00,published,"category_top20pct_item,prolific_author",https://www.nexusmods.com/baldursgate3/mods/6923,6923,6923
1,Grove and Growl - Druid Equipment,GraphicFade,Equipment,1.0.0.15,770,2026-03-25T18:06:37.000+00:00,published,"global_top3pct,category_top20pct_item",https://www.nexusmods.com/baldursgate3/mods/10304,10304,10304
1,Izzli's Snazzy Salon - A Hair Mod,Izzli,Character Customisation,5.0.0,767,2025-12-18T19:20:02.000+00:00,published,"global_top3pct,category_top5pct",https://www.nexusmods.com/baldursgate3/mods/8334,8334,8334
1,Meet Naelyn (female gith head),hijimare,Character Customisation,1.1,766,2024-11-26T20:24:25.000+00:00,published,prolific_author,https://www.nexusmods.com/baldursgate3/mods/13477,13477,13477
1,Extra Heads,Cerberry,Character Customisation,1.2.3.0,763,2024-07-23T06:46:29.000+00:00,published,prolific_author,https://www.nexusmods.com/baldursgate3/mods/7273,7273,7273
1,Food and Supplies Zero Weight,Loktide,Gameplay,1.0,762,2023-08-23T04:33:50.000+00:00,published,prolific_author,https://www.nexusmods.com/baldursgate3/mods/1341,1341,1341
1,Alchemy Ingredients Zero Weight,Loktide,Gameplay,1.0,761,2023-09-07T21:57:44.000+00:00,published,prolific_author,https://www.nexusmods.com/baldursgate3/mods/1966,1966,1966
1,The Gunslingers,Tet42,Classes,2.3.0.0,759,2024-09-18T00:13:57.000+00:00,published,category_top5pct,https://www.nexusmods.com/baldursgate3/mods/7223,7223,7223
1,Universal Feat Every X Level(s) - MCM,wtfbengt,Classes,5.0.3.1,759,2026-01-31T10:08:38.000+00:00,published,category_top5pct,https://www.nexusmods.com/baldursgate3/mods/13193,13193,13193
1,Kay's Material Library,perseidipity,Resources,1.0.0,758,2025-05-01T00:37:27.000+00:00,published,"global_top3pct,category_top5pct,prolific_author",https://www.nexusmods.com/baldursgate3/mods/16222,16222,16222
1,Valkyrie Queen Armor BY REN,REN,Clothing,1.0,757,2024-12-19T11:17:48.000+00:00,published,category_top20pct_item,https://www.nexusmods.com/baldursgate3/mods/14349,14349,14349
1,Meet Mythral (male gith head),hijimare,Character Customisation,1.2.4,755,2024-05-27T06:15:29.000+00:00,published,prolific_author,https://www.nexusmods.com/baldursgate3/mods/9023,9023,9023
1,Stay still in camp and play idle animations everywhere,Alithea Ancunin and Satan,Animations,1.0.0.0,754,2024-06-17T20:04:56.000+00:00,published,category_top5pct,https://www.nexusmods.com/baldursgate3/mods/9731,9731,9731
1,Drow Weaponry - Scimitars,kharneth,Weapons,1.1,753,2024-10-01T19:14:49.000+00:00,published,"category_top20pct_item,prolific_author",https://www.nexusmods.com/baldursgate3/mods/12339,12339,12339
1,Path Of Undeath,Siael,Gameplay,2.0.1,748,2026-06-27T02:54:59.000+00:00,published,"global_top3pct,category_top5pct",https://www.nexusmods.com/baldursgate3/mods/9164,9164,9164
1,Astarion's Alternative Starter Equipment,Kascayde,Armor,1.1.0.0,746,2025-04-21T14:41:53.000+00:00,published,category_top20pct_item,https://www.nexusmods.com/baldursgate3/mods/15615,15615,15615
1,Celestial Threads,arideyya,Equipment,2.0,745,2025-02-14T09:18:50.000+00:00,published,category_top20pct_item,https://www.nexusmods.com/baldursgate3/mods/12122,12122,12122
1,Gale's Better Starting Gear by AzazeL (Patch 7-8),AzazeL,Companions,1.0,745,2026-03-01T14:30:13.000+00:00,published,"global_top3pct,category_top5pct",https://www.nexusmods.com/baldursgate3/mods/15833,15833,15833
1,Lathander's Armory - Shields Armour Books - Cleric Paladin,commanderstrawberry,Equipment,1.4,743,2025-07-16T11:05:36.000+00:00,published,"global_top3pct,category_top20pct_item,prolific_author",https://www.nexusmods.com/baldursgate3/mods/4711,4711,4711
1,Armory - Auto-Transmog Vanity Outfit Manager,Osiris,Character Customisation,1.8.5,743,2026-05-02T17:58:40.000+00:00,published,"global_top3pct,category_top5pct",https://www.nexusmods.com/baldursgate3/mods/14717,14717,14717
1,Beast and Bow - Ranger Equipment,GraphicFade,Equipment,1.0.0.17,741,2026-02-16T21:45:59.000+00:00,published,category_top20pct_item,https://www.nexusmods.com/baldursgate3/mods/12016,12016,12016
1,No Astral Tadpole Required for Half-Illithid Powers,Belinn,Gameplay,1.0,740,2023-09-16T07:33:33.000+00:00,published,prolific_author,https://www.nexusmods.com/baldursgate3/mods/2337,2337,2337
1,5e Fighter Subclasses Combined,Sumradagnoth,Classes,1.1.9.2,739,2026-01-26T23:52:26.000+00:00,published,"global_top3pct,category_top5pct,prolific_author",https://www.nexusmods.com/baldursgate3/mods/15060,15060,15060
1,Paladin - increased auras range - bigger auras,MaskedRPGFan,Spells,1.6.0,738,2024-11-13T16:08:32.000+00:00,published,prolific_author,https://www.nexusmods.com/baldursgate3/mods/3180,3180,3180
1,Various Dialogue Fixes,Kelocena,Gameplay,1.4.0,733,2026-01-11T19:43:41.000+00:00,published,category_top5pct,https://www.nexusmods.com/baldursgate3/mods/17091,17091,17091
1,Aether's Half-Illithid Begone,Aether,Character Customisation,1.0,731,2024-01-06T19:42:29.000+00:00,published,prolific_author,https://www.nexusmods.com/baldursgate3/mods/5710,5710,5710
1,Legendary Equipment by Shivero,Shivero,Equipment,1.1.1.0,729,2024-09-13T17:37:03.000+00:00,published,prolific_author,https://www.nexusmods.com/baldursgate3/mods/3673,3673,3673
1,Dragonborn Extra Tabs - Horns and Hair,AkELkA,User Interface,1.0.0.6,728,2026-05-24T21:15:46.000+00:00,published,"global_top3pct,category_top5pct,category_floor,dependency_floor_10plus",https://www.nexusmods.com/baldursgate3/mods/12876,12876,12876
1,Better Starting Gear for Lae'zel by AzazeL (Patch 7-8),AzazeL,Companions,2.0,724,2025-06-19T15:05:27.000+00:00,published,"global_top3pct,category_top5pct",https://www.nexusmods.com/baldursgate3/mods/13562,13562,13562
1,Padme's BG3 Tutorials Templates and Modding Resources,Padme4000,Miscellaneous,1.0,722,2026-03-15T12:40:53.000+00:00,published,prolific_author,https://www.nexusmods.com/baldursgate3/mods/132,132,132
1,Drow Weaponry - Hand Crossbows,kharneth,Weapons,1.0.1,719,2024-08-12T07:39:39.000+00:00,published,"category_top20pct_item,prolific_author",https://www.nexusmods.com/baldursgate3/mods/11486,11486,11486
1,FANG's Dress,Kascayde,Armor,1.0.0.0,719,2025-02-01T05:23:31.000+00:00,published,category_top20pct_item,https://www.nexusmods.com/baldursgate3/mods/14858,14858,14858
1,Vulpine Starter Pack - Colourable Fox Tails and Ears,Laruses,Character Customisation,2.0.0,716,2026-04-30T19:43:05.000+00:00,published,"global_top3pct,category_top5pct",https://www.nexusmods.com/baldursgate3/mods/11924,11924,11924
1,Soaring Ambition - Ascended Fiend Wings,Nikjima,Accessories,1.0.0.65,715,2025-04-22T14:24:26.000+00:00,published,category_top20pct_item,https://www.nexusmods.com/baldursgate3/mods/14583,14583,14583
1,Oath of the Bleak Walkers Paladin Subclass,havsglimt,Classes,1.4,710,2024-05-15T17:25:22.000+00:00,published,prolific_author,https://www.nexusmods.com/baldursgate3/mods/6598,6598,6598
1,Vanilla Enhanced - A Simple ReShade Preset,mantiiiss,Visuals,1.0,707,2024-11-30T10:46:26.000+00:00,published,category_top5pct,https://www.nexusmods.com/baldursgate3/mods/4577,4577,4577
1,Elven Weaponry - Axes,kharneth,Weapons,1.0,703,2024-07-01T11:03:14.000+00:00,published,"category_top20pct_item,prolific_author",https://www.nexusmods.com/baldursgate3/mods/10688,10688,10688
1,Halfling Unleashed - Lady Frodina the Bane of Hobbits,Mharius,Races,8.0-P8,701,2025-05-15T16:08:30.000+00:00,published,prolific_author,https://www.nexusmods.com/baldursgate3/mods/609,609,609
1,The Fathomless Patron for Warlock,veenab,Classes,6.1.3,701,2026-04-03T13:23:55.000+00:00,published,"global_top3pct,category_top5pct",https://www.nexusmods.com/baldursgate3/mods/2724,2724,2724
1,Male Body 1 for Tav (MB1),hijimare,Character Customisation,1.2,698,2025-01-30T10:13:45.000+00:00,published,"category_top5pct,prolific_author",https://www.nexusmods.com/baldursgate3/mods/8247,8247,8247
1,Hans makeup and tattoo and scars,hijimare,Character Customisation,1.2,698,2024-04-15T14:56:11.000+00:00,published,prolific_author,https://www.nexusmods.com/baldursgate3/mods/8597,8597,8597
1,Wands and Weave - Wizard Equipment,GraphicFade,Equipment,1.0.0.11,698,2026-03-25T18:14:51.000+00:00,published,category_top20pct_item,https://www.nexusmods.com/baldursgate3/mods/13829,13829,13829
1,Unlocked Unarmed Strike,AzraelTheSorrowful,Gameplay,1.3.2,695,2024-11-18T19:52:54.000+00:00,published,category_top5pct,https://www.nexusmods.com/baldursgate3/mods/1345,1345,1345
1,Drow Weaponry - Greataxes,kharneth,Weapons,1.1.1,694,2024-09-01T12:31:31.000+00:00,published,"category_top20pct_item,prolific_author",https://www.nexusmods.com/baldursgate3/mods/10595,10595,10595
1,Glowing Accessories and Dyes,Cerberry,Equipment,1.1,688,2024-07-20T10:55:04.000+00:00,published,"category_top20pct_item,prolific_author",https://www.nexusmods.com/baldursgate3/mods/11055,11055,11055
1,Conjure Any Item,AnteMaxx,Gameplay,1.0,686,2023-08-09T16:27:31.000+00:00,published,prolific_author,https://www.nexusmods.com/baldursgate3/mods/421,421,421
1,5e Path of the Beast - Barbarian Subclasss (Deprecated),Sumradagnoth,Classes,1.9.0.6,684,2024-11-12T20:56:00.000+00:00,published,"category_top5pct,prolific_author",https://www.nexusmods.com/baldursgate3/mods/6404,6404,6404
1,Astarion's Nightmare - Restored from Early Access,HyperspaceTowel,Companions,2.0.0.1,684,2025-07-21T14:04:03.000+00:00,published,"global_top3pct,category_top5pct",https://www.nexusmods.com/baldursgate3/mods/17511,17511,17511
1,Black Hand Armor,hijimare,Armor,1.4.1,683,2024-10-28T15:32:23.000+00:00,published,prolific_author,https://www.nexusmods.com/baldursgate3/mods/13404,13404,13404
1,Agile Armor,OnigiriSAN,Clothing,1.2.3,682,2026-05-10T14:39:59.000+00:00,published,"global_top3pct,category_top20pct_item",https://www.nexusmods.com/baldursgate3/mods/14565,14565,14565
1,Armoury - Equipment of the Githyanki Commanders,TrueSoulNatasha,Armor,1.0.0.7,681,2025-08-07T00:55:11.000+00:00,published,"global_top3pct,category_top20pct_item",https://www.nexusmods.com/baldursgate3/mods/5434,5434,5434
1,Ponytail Hairstyles,Cerberry,Character Customisation,1.1.1.0,680,2024-09-25T21:15:56.000+00:00,published,prolific_author,https://www.nexusmods.com/baldursgate3/mods/10002,10002,10002
1,More Sussur Tree Bark,MaskedRPGFan,Miscellaneous,1.1.0,679,2024-11-15T09:49:29.000+00:00,published,prolific_author,https://www.nexusmods.com/baldursgate3/mods/902,902,902
1,P4 Dragonborn Scale Colours,Padme4000,Races,Enhanced2.0.0.1,676,2025-07-16T13:15:16.000+00:00,published,prolific_author,https://www.nexusmods.com/baldursgate3/mods/2981,2981,2981
1,Origin-Themed Cloaks,JonHinkerton,Equipment,1.0,676,2024-02-19T15:12:20.000+00:00,published,category_top20pct_item,https://www.nexusmods.com/baldursgate3/mods/6960,6960,6960
1,Ethereal Threads,arideyya,Clothing,1,676,2025-07-30T14:13:02.000+00:00,published,category_top20pct_item,https://www.nexusmods.com/baldursgate3/mods/17775,17775,17775
1,Fake Tadpoles (Get Illithid and Mind Flayer Powers) - Item Shipment Framework,Belinn,Gameplay,2.0,675,2024-07-24T09:37:51.000+00:00,published,prolific_author,https://www.nexusmods.com/baldursgate3/mods/1377,1377,1377
1,Dryad Male Outfit (armor),hijimare,Equipment,1.3,674,2023-12-04T11:41:12.000+00:00,published,"category_top20pct_item,prolific_author",https://www.nexusmods.com/baldursgate3/mods/4662,4662,4662
1,Ash's Armor,OneEyeAskew,Equipment,1.0.0,674,2024-10-16T23:36:06.000+00:00,published,category_top20pct_item,https://www.nexusmods.com/baldursgate3/mods/10220,10220,10220
1,CBR Strong Heads,Cerberry,Character Customisation,1.4,673,2024-07-24T14:34:17.000+00:00,published,prolific_author,https://www.nexusmods.com/baldursgate3/mods/6610,6610,6610
1,Spells Enhanced - Guidance,MaskedRPGFan,Spells,3.0.0,672,2023-12-05T12:05:49.000+00:00,published,prolific_author,https://www.nexusmods.com/baldursgate3/mods/938,938,938
1,Extra Shields (Updated),badwitch69,Equipment,2.4.1.0,669,2025-09-14T07:11:58.000+00:00,published,category_top20pct_item,https://www.nexusmods.com/baldursgate3/mods/15393,15393,15393
1,Drow Weaponry - Fencer,kharneth,Armor,1.1.3,666,2024-09-23T07:14:44.000+00:00,published,"category_top20pct_item,prolific_author",https://www.nexusmods.com/baldursgate3/mods/10873,10873,10873
1,Blood Hunter Expanded (Profane Soul and Mutant) Full Release Patch 8,xBernos and bibsan,Classes,1.0.0.1,665,2025-05-19T15:49:22.000+00:00,published,category_top5pct,https://www.nexusmods.com/baldursgate3/mods/5527,5527,5527
1,Violet's Head Boutique,ViLottie,Character Customisation,2.9,664,2026-01-03T07:52:56.000+00:00,published,category_top5pct,https://www.nexusmods.com/baldursgate3/mods/15752,15752,15752
1,Bhaal Scars for All,Midnight Voyager,Character Customisation,2.3,662,2025-06-09T18:07:14.000+00:00,published,"global_top3pct,category_top5pct",https://www.nexusmods.com/baldursgate3/mods/2800,2800,2800
1,Armory Bundle,Elle,Equipment,4.15,661,2026-05-05T10:42:47.000+00:00,published,category_top20pct_item,https://www.nexusmods.com/baldursgate3/mods/6251,6251,6251
1,The Dunmer - Playable Dark Elf Race,Ghouls0Rules,Races,1,658,2025-04-21T14:03:23.000+00:00,published,"global_top3pct,category_top5pct",https://www.nexusmods.com/baldursgate3/mods/4076,4076,4076
1,Randomized Equipment Loot Generator One Click - SE Support,Rilissimo,Utilities,1.3.1,658,2024-11-02T10:41:18.000+00:00,published,dependency_closure_inherited,https://www.nexusmods.com/baldursgate3/mods/8811,8811,8811
1,5e Barbarian Subclasses Combined,Sumradagnoth,Classes,1.1.9,658,2025-11-16T23:28:42.000+00:00,published,"global_top3pct,category_top5pct,prolific_author",https://www.nexusmods.com/baldursgate3/mods/15141,15141,15141
1,LongRest Guidance,Loktide,Gameplay,1.0.3,654,2023-08-14T20:59:54.000+00:00,published,prolific_author,https://www.nexusmods.com/baldursgate3/mods/518,518,518
1,Color Presets As Dyes - Item Shipment Framework,Belinn,Equipment,3.2,653,2024-04-15T04:36:37.000+00:00,published,"category_top20pct_item,prolific_author",https://www.nexusmods.com/baldursgate3/mods/6175,6175,6175
1,Elven Weaponry - Paladin,kharneth,Armor,1.1.2,652,2024-09-13T08:05:57.000+00:00,published,"category_top20pct_item,prolific_author",https://www.nexusmods.com/baldursgate3/mods/10253,10253,10253
1,Succubus Attire,Seph,Armor,8,652,2026-03-16T22:55:45.000+00:00,published,category_top20pct_item,https://www.nexusmods.com/baldursgate3/mods/12106,12106,12106
1,Elemental Power - Playable Genasi,tekunset,Races,2.5,648,2026-04-04T19:42:32.000+00:00,published,"global_top3pct,category_top5pct",https://www.nexusmods.com/baldursgate3/mods/4741,4741,4741
1,5e Path of the Giant - Barbarian Subclasss,Sumradagnoth,Classes,1.9.1.1,648,2024-11-05T00:30:37.000+00:00,published,"category_top5pct,prolific_author",https://www.nexusmods.com/baldursgate3/mods/8037,8037,8037
1,5e Ranger Subclasses Combined,Sumradagnoth,Classes,2.0.1.1,646,2026-02-05T01:03:24.000+00:00,published,"global_top3pct,category_top5pct,prolific_author",https://www.nexusmods.com/baldursgate3/mods/15037,15037,15037
1,Eilistraee Cleric and Paladin Gear,Starlight Sammy,Equipment,1.0.0.0,645,2024-04-26T04:15:22.000+00:00,published,category_top20pct_item,https://www.nexusmods.com/baldursgate3/mods/8868,8868,8868
1,Kazstra's CC Body Tattoo Selector,Kazstralities,User Interface,1.0,644,2025-07-31T06:53:45.000+00:00,published,"global_top3pct,category_top5pct,dependency_floor_10plus",https://www.nexusmods.com/baldursgate3/mods/17702,17702,17702
1,Lydia's Heads - Dark Seldarine,Lydia,Character Customisation,1.4,636,2025-05-23T17:24:36.000+00:00,published,"global_top3pct,category_top5pct",https://www.nexusmods.com/baldursgate3/mods/10692,10692,10692
1,She Who Guides - Armor for Clerics of Selune,spek7re,Armor,1.11.0.13,633,2025-06-12T08:11:36.000+00:00,published,"global_top3pct,category_top20pct_item",https://www.nexusmods.com/baldursgate3/mods/11526,11526,11526
1,Alternate hairstyle for Wyll,bububull,Character Customisation,1,631,2023-11-24T14:51:27.000+00:00,published,prolific_author,https://www.nexusmods.com/baldursgate3/mods/4446,4446,4446
1,The Debug Book,Rukongai,Utilities,1.0.0.8,627,2024-09-10T23:21:53.000+00:00,published,dependency_closure_inherited,https://www.nexusmods.com/baldursgate3/mods/2119,2119,2119
1,Poesielibre's Fantastical Hairstyles,Poesielibre,Character Customisation,1.0,625,2026-02-15T21:34:12.000+00:00,published,"global_top3pct,category_top5pct",https://www.nexusmods.com/baldursgate3/mods/19556,19556,19556
1,Oath of Redemption Paladin Subclass,havsglimt and Celes,Classes,1.2,624,2024-04-05T22:38:35.000+00:00,published,dependency_closure_inherited,https://www.nexusmods.com/baldursgate3/mods/7635,7635,7635
1,Ember's Lute (A Music Performance Mod),Ariefel,Spells,v3.1.0.0,624,2026-06-19T22:56:29.000+00:00,published,category_top5pct,https://www.nexusmods.com/baldursgate3/mods/9678,9678,9678
1,Demon Player Race,Laruses,Races,1.0.0,623,2026-05-18T00:58:49.000+00:00,published,"global_top3pct,category_top5pct",https://www.nexusmods.com/baldursgate3/mods/3703,3703,3703
1,Heir of thunder - Thrud's Hairstyle,bububull,Character Customisation,1,623,2023-11-11T17:57:05.000+00:00,published,prolific_author,https://www.nexusmods.com/baldursgate3/mods/4011,4011,4011
1,Path of the Storm Herald - Barbarian Subclass,Nitreaux,Classes,1.0.4,617,2024-05-09T22:37:08.000+00:00,published,dependency_closure_inherited,https://www.nexusmods.com/baldursgate3/mods/2996,2996,2996
1,Infinity Weapons. Ranged Weapons,PavloGarmata,Equipment,1.0,614,2023-10-01T17:26:17.000+00:00,published,category_top20pct_item,https://www.nexusmods.com/baldursgate3/mods/2835,2835,2835
1,Crystal Crown - Gem Dragonborn CC,AkELkA,Character Customisation,1.0.0.25,613,2026-03-26T12:36:28.000+00:00,published,"global_top3pct,category_top5pct",https://www.nexusmods.com/baldursgate3/mods/10292,10292,10292
1,Rage Queen Barbarian Gear,copperleaves,Armor,2.3.0.57,612,2025-10-13T12:38:36.000+00:00,published,category_top20pct_item,https://www.nexusmods.com/baldursgate3/mods/13219,13219,13219
1,Familiar Casting and Fixes,wesslen,Spells,1.4.1,609,2026-05-17T10:24:28.000+00:00,published,"category_top5pct,prolific_author",https://www.nexusmods.com/baldursgate3/mods/6149,6149,6149
1,Spirited Seasons - Playable Eladrin,tepkunset,Races,2,608,2025-01-06T16:46:13.000+00:00,published,prolific_author,https://www.nexusmods.com/baldursgate3/mods/7037,7037,7037
1,Helm's Armory - Shield and Longsword for Paladin Cleric,commanderstrawberry,Equipment,3.4,607,2026-04-14T10:33:08.000+00:00,published,"global_top3pct,category_top20pct_item,prolific_author",https://www.nexusmods.com/baldursgate3/mods/6345,6345,6345
1,PHOENIX SOUL - Sorcerer Subclass,Astralities,Classes,3.1,606,2026-01-27T18:14:22.000+00:00,published,"global_top3pct,category_top5pct,prolific_author",https://www.nexusmods.com/baldursgate3/mods/10926,10926,10926
1,5e Cleric Subclasses Combined,Sumradagnoth,Classes,1.6.2.1,606,2026-02-14T01:27:12.000+00:00,published,"global_top3pct,category_top5pct,prolific_author",https://www.nexusmods.com/baldursgate3/mods/16007,16007,16007
1,Rebalance - Nerfs,Syrchalis,Gameplay,1.0.8,605,2026-05-17T23:50:55.000+00:00,published,"global_top3pct,category_top5pct,prolific_author",https://www.nexusmods.com/baldursgate3/mods/5712,5712,5712
1,Morrigan Dragon Age Set By REN,REN,Armor,1.0,605,2024-09-22T09:01:27.000+00:00,published,category_top20pct_item,https://www.nexusmods.com/baldursgate3/mods/12366,12366,12366
1,Lord Rabenherz (Updated),deleted209684172,Armor,2.1.1,604,2025-03-30T17:05:09.000+00:00,published,category_top20pct_item,https://www.nexusmods.com/baldursgate3/mods/15552,15552,15552
1,Leaves of Grass - Druid Gear - Armor - Clothing,copperleaves,Armor,1.0.0.49,600,2026-01-14T00:05:28.000+00:00,published,"global_top3pct,category_top20pct_item",https://www.nexusmods.com/baldursgate3/mods/15154,15154,15154
1,P4_CC Blonde and White Hair Edits,Padme4000,Character Customisation,1.0.0.1,599,2023-10-06T17:19:41.000+00:00,published,prolific_author,https://www.nexusmods.com/baldursgate3/mods/562,562,562
1,Modular Pants and Skirts,Cerberry,Equipment,1.2,599,2024-04-13T10:35:39.000+00:00,published,prolific_author,https://www.nexusmods.com/baldursgate3/mods/8587,8587,8587
1,Deepspace Collection - vol. 2,OneEyeAskew,Armor,1.0.0,599,2025-03-28T11:49:44.000+00:00,published,category_top20pct_item,https://www.nexusmods.com/baldursgate3/mods/15492,15492,15492
1,Sam's Monk Backpack,Samerrah,Equipment,1.3.9.0,598,2024-09-13T20:19:01.000+00:00,published,category_top20pct_item,https://www.nexusmods.com/baldursgate3/mods/10448,10448,10448
1,Spells Enhanced - Bless,MaskedRPGFan,Spells,3.0.0,597,2023-11-22T21:10:30.000+00:00,published,prolific_author,https://www.nexusmods.com/baldursgate3/mods/890,890,890
1,Shar's Chakrams,VladMT3D_MaestroMetty,Equipment,2.1.0.0,597,2025-06-07T17:50:45.000+00:00,published,category_top20pct_item,https://www.nexusmods.com/baldursgate3/mods/3412,3412,3412
1,Fang and Claw - Dragonborn,Astralities,Gameplay,1.0,590,2024-09-06T17:01:25.000+00:00,published,prolific_author,https://www.nexusmods.com/baldursgate3/mods/5172,5172,5172
1,more dreadlocs and curly hairstyles Vol.03,bububull,Character Customisation,1.1,589,2025-03-04T18:25:53.000+00:00,published,"category_top5pct,prolific_author",https://www.nexusmods.com/baldursgate3/mods/15196,15196,15196
1,Astarion Confession Edit 2,HyperspaceTowel,Gameplay,2.0.0.1,585,2025-05-23T12:06:55.000+00:00,published,"global_top3pct,category_top5pct",https://www.nexusmods.com/baldursgate3/mods/14775,14775,14775
1,Legacy of Death - True Dark Urge Experience,Z4hr4,Gameplay,1.7,583,2025-04-05T06:11:11.000+00:00,published,category_top5pct,https://www.nexusmods.com/baldursgate3/mods/7030,7030,7030
1,Witcher Outfits - Manticore,Cerberry,Armor,1.1.2.0,583,2024-12-25T09:42:42.000+00:00,published,"category_top20pct_item,prolific_author",https://www.nexusmods.com/baldursgate3/mods/14352,14352,14352
1,Final Fantasy XIV Gear,TashaWeeds,Equipment,1.5,582,2025-05-29T12:25:26.000+00:00,published,"category_top20pct_item,prolific_author",https://www.nexusmods.com/baldursgate3/mods/10633,10633,10633
1,Shadows of the Gate,gosh,Visuals,1.8.8.8,582,2025-09-15T21:13:08.000+00:00,published,category_top5pct,https://www.nexusmods.com/baldursgate3/mods/17611,17611,17611
1,M1911 -  GUN MOD,Palmaman33,Weapons,1.2.1,578,2024-01-03T13:34:21.000+00:00,published,category_top20pct_item,https://www.nexusmods.com/baldursgate3/mods/5501,5501,5501
1,Selunite Weaponry,koboldJuno AzazeL,Equipment,2.2,578,2025-05-13T06:02:35.000+00:00,published,category_top20pct_item,https://www.nexusmods.com/baldursgate3/mods/10940,10940,10940
1,Shadowheart Unleashed - Cleric Domain Combinations - Life Light Trickery Tempest War Nature,Mharius,Gameplay,6.0-P7,576,2024-09-08T15:55:26.000+00:00,published,prolific_author,https://www.nexusmods.com/baldursgate3/mods/530,530,530
1,PixellBytes' Tactician Enhanced,PixellBytes,Gameplay,1.3.0.0,576,2025-04-27T19:34:51.000+00:00,published,category_top5pct,https://www.nexusmods.com/baldursgate3/mods/13685,13685,13685
1,Script Extender Configuration,Sai,Utilities,1.0,574,2024-10-20T10:38:57.000+00:00,published,dependency_floor_10plus,https://www.nexusmods.com/baldursgate3/mods/13200,13200,13200
1,Tav's Hairpins Box,almasy87,Equipment,2.2,572,2024-05-04T00:19:08.000+00:00,published,category_top20pct_item,https://www.nexusmods.com/baldursgate3/mods/5662,5662,5662
1,Male Body 1 Clothes (MB1 Clothes),hijimare,Armor,1.4,572,2024-05-05T07:32:32.000+00:00,published,"category_top20pct_item,prolific_author",https://www.nexusmods.com/baldursgate3/mods/8288,8288,8288
1,Get Gold On Each Load,BitterPast,Gameplay,1.0.1,571,2024-01-11T13:59:59.000+00:00,published,prolific_author,https://www.nexusmods.com/baldursgate3/mods/4386,4386,4386
1,Undead Thralls Fix,Sailor Cat,Gameplay,1.00.03,571,2025-03-20T22:52:50.000+00:00,published,category_top5pct,https://www.nexusmods.com/baldursgate3/mods/15033,15033,15033
1,Waypoints Expanded,Kaz,Maps,1.0.0.0,568,2025-06-07T22:39:34.000+00:00,published,category_top5pct,https://www.nexusmods.com/baldursgate3/mods/17050,17050,17050
1,Pact and Power - Warlock Equipment,GraphicFade,Equipment,1.0.0.11,567,2026-01-16T13:18:19.000+00:00,published,category_top20pct_item,https://www.nexusmods.com/baldursgate3/mods/14327,14327,14327
1,No MindFlayers Needed to Defeat the Absolute,FirmDesigns,Quests,V3.0,566,2023-12-07T17:28:01.000+00:00,published,category_top5pct,https://www.nexusmods.com/baldursgate3/mods/3118,3118,3118
1,Camp Clothes in the Camp Chest - Item Shipment Framework,Aether,Armor,1.0,565,2024-04-13T16:01:45.000+00:00,published,prolific_author,https://www.nexusmods.com/baldursgate3/mods/8637,8637,8637
1,Spells Enhanced - Haste,MaskedRPGFan,Spells,3.0.0,563,2023-12-07T20:18:55.000+00:00,published,prolific_author,https://www.nexusmods.com/baldursgate3/mods/1075,1075,1075
1,Valkrana's Skeleton Emporium - Over 50 New Animate Dead Options,Sailor Cat,Classes,1.04.02,557,2026-03-29T04:17:07.000+00:00,published,"global_top3pct,category_top5pct",https://www.nexusmods.com/baldursgate3/mods/5808,5808,5808
1,NPC Redesign - Cazador Szarr by AzazeL and Moon Blossom,AzazeL and Moon Blossom,Visuals,2.1,557,2025-11-02T13:05:09.000+00:00,published,category_top5pct,https://www.nexusmods.com/baldursgate3/mods/17073,17073,17073
1,More Piercing Combos,Cerberry,Character Customisation,1.1,556,2024-05-17T09:18:51.000+00:00,published,prolific_author,https://www.nexusmods.com/baldursgate3/mods/8689,8689,8689
1,Dark Consort Outfit,almasy87,Equipment,3.2,555,2025-04-11T23:51:51.000+00:00,published,category_top20pct_item,https://www.nexusmods.com/baldursgate3/mods/6329,6329,6329
1,Devotee of Shar Class,Ayasta,Classes,4.2,554,2025-11-30T14:18:22.000+00:00,published,"global_top3pct,category_top5pct",https://www.nexusmods.com/baldursgate3/mods/5965,5965,5965
1,Neil's Bangin' Bard Gear VOLUME 2 - Armour - Clothes,copperleaves,Armor,1.3.0.57,554,2025-05-18T02:44:02.000+00:00,published,category_top20pct_item,https://www.nexusmods.com/baldursgate3/mods/13571,13571,13571
1,5e Monk Subclasses Combined,Sumradagnoth,Classes,1.0.5.4,554,2026-02-08T12:20:34.000+00:00,published,"global_top3pct,category_top5pct,prolific_author",https://www.nexusmods.com/baldursgate3/mods/15907,15907,15907
1,LIFELIKE - Skin Tone Expansion,Astralities,Character Customisation,1.1,552,2025-05-05T16:59:04.000+00:00,published,prolific_author,https://www.nexusmods.com/baldursgate3/mods/15934,15934,15934
1,Goon's Library - Passives Functions Spells and More,BaldursGoonsack,Utilities,4.7.1.0,551,2026-06-25T04:28:01.000+00:00,published,"global_top3pct,category_top5pct,dependency_floor_10plus",https://www.nexusmods.com/baldursgate3/mods/12834,12834,12834
1,Character Creation Overhaul,jawstarion,Character Customisation,1.2.0,551,2025-07-03T10:18:47.000+00:00,published,"global_top3pct,category_top5pct,dependency_floor_10plus",https://www.nexusmods.com/baldursgate3/mods/16955,16955,16955
1,Amulet (and more) of Rituals,Hu5k,Equipment,1.2.0,549,2023-09-20T14:16:03.000+00:00,published,category_top20pct_item,https://www.nexusmods.com/baldursgate3/mods/2230,2230,2230
1,Sun Princess Outfit BY REN,REN,Equipment,1.0,546,2024-07-25T23:03:31.000+00:00,published,category_top20pct_item,https://www.nexusmods.com/baldursgate3/mods/11232,11232,11232
1,AnimationUnlocker,XiphiasRex,Animations,1.0.5.4,546,2025-12-20T22:32:19.000+00:00,published,"global_top3pct,category_top5pct,dependency_floor_10plus",https://www.nexusmods.com/baldursgate3/mods/16058,16058,16058
1,Monk 5e Adjustments,PlatypusVenom,Classes,3.4.2,544,2026-01-30T08:01:49.000+00:00,published,"global_top3pct,category_top5pct",https://www.nexusmods.com/baldursgate3/mods/1411,1411,1411
1,Lighty Lights and Photo Mode stuff,rakor and lovely people,Photo Mode,1.9.1,544,2026-05-17T17:00:33.000+00:00,published,"global_top3pct,category_top5pct,dependency_floor_10plus",https://www.nexusmods.com/baldursgate3/mods/14364,14364,14364
1,Veil and Venom - Rogue Equipment,GraphicFade,Equipment,1.0.0.10,544,2026-02-16T21:47:29.000+00:00,published,category_top20pct_item,https://www.nexusmods.com/baldursgate3/mods/14586,14586,14586
1,Witcher Outfits - Wolven Gear,Cerberry,Equipment,2.0,541,2025-10-25T16:21:50.000+00:00,published,"global_top3pct,category_top20pct_item,prolific_author",https://www.nexusmods.com/baldursgate3/mods/11301,11301,11301
1,Song and Steel - Bard Equipment,GraphicFade,Equipment,1.0.0.8,540,2026-03-25T18:12:18.000+00:00,published,category_top20pct_item,https://www.nexusmods.com/baldursgate3/mods/14078,14078,14078
1,Dice of Eilistraee - Seldarine Drow Dice,EllieGreenArt,Dice,1.0.1,537,2024-09-05T18:41:14.000+00:00,published,category_top5pct,https://www.nexusmods.com/baldursgate3/mods/7614,7614,7614
1,Angel Scar and make up,Ren,Character Customisation,1.0,536,2023-09-28T19:53:54.000+00:00,published,prolific_author,https://www.nexusmods.com/baldursgate3/mods/2751,2751,2751
1,Marika Dress,EzioMaverick,Armor,1.0,536,2025-04-12T13:05:13.000+00:00,published,category_top20pct_item,https://www.nexusmods.com/baldursgate3/mods/15719,15719,15719
1,The Genie Patron for Warlock,veenab,Classes,6.1.0,534,2025-02-26T18:34:39.000+00:00,published,category_top5pct,https://www.nexusmods.com/baldursgate3/mods/2895,2895,2895
1,Checkmate Armour,Obscen1ty,Armor,1.0.2,534,2025-06-02T13:41:56.000+00:00,published,category_top20pct_item,https://www.nexusmods.com/baldursgate3/mods/16928,16928,16928
1,Recruit Karlach Earlier,Kelocena,Companions,1.1.0,534,2026-03-08T20:29:42.000+00:00,published,"global_top3pct,category_top5pct",https://www.nexusmods.com/baldursgate3/mods/18255,18255,18255
1,Dual Wielding Overhaul,Siael,Gameplay,2.4,531,2026-05-13T00:31:58.000+00:00,published,"global_top3pct,category_top5pct",https://www.nexusmods.com/baldursgate3/mods/4500,4500,4500
1,Circle of Spores Enhanced,havsglimt,Classes,1.3,530,2024-03-07T11:29:37.000+00:00,published,prolific_author,https://www.nexusmods.com/baldursgate3/mods/2586,2586,2586
1,Vlad's Codex - Enhanced VFX Library,VladmirFFXI,Visuals,1.0.0.3,530,2024-11-26T22:20:47.000+00:00,published,category_top5pct,https://www.nexusmods.com/baldursgate3/mods/13797,13797,13797
1,Unique Companion Equipment,Padme4000,Companions,Equip1.0.1.0,528,2024-05-04T11:38:35.000+00:00,published,prolific_author,https://www.nexusmods.com/baldursgate3/mods/7787,7787,7787
1,Hoslow Armor Edit (Patch 7),badwitch69,Armor,1.1.0,528,2025-03-31T08:11:32.000+00:00,published,category_top20pct_item,https://www.nexusmods.com/baldursgate3/mods/15456,15456,15456
1,Wearable Backpacks Full Release,Code5Y,Equipment,2.1,527,2023-08-26T23:06:06.000+00:00,published,category_top20pct_item,https://www.nexusmods.com/baldursgate3/mods/282,282,282
1,Wizard - War Magic (Patch 8 Updated),fierrof,Classes,2.0.6,524,2025-05-21T11:12:26.000+00:00,published,category_top5pct,https://www.nexusmods.com/baldursgate3/mods/924,924,924
1,Goblin Armors,Cerberry,Equipment,1.1,524,2024-02-21T12:30:32.000+00:00,published,prolific_author,https://www.nexusmods.com/baldursgate3/mods/6879,6879,6879
1,Threads of Azeroth,arideyya,Armor,1.0,523,2025-04-19T19:41:07.000+00:00,published,category_top20pct_item,https://www.nexusmods.com/baldursgate3/mods/15893,15893,15893
1,Vanilla Heads for WotD Aasimar,perseidipity,Character Customisation,1.2.0,521,2024-04-29T04:48:35.000+00:00,published,prolific_author,https://www.nexusmods.com/baldursgate3/mods/4306,4306,4306
1,Heads unlocked ( WIP ),bububull,Character Customisation,0.4,521,2026-05-26T18:30:19.000+00:00,published,prolific_author,https://www.nexusmods.com/baldursgate3/mods/9363,9363,9363
1,A Few Misc Sexy Outfits,Sindae,Clothing,1.1,520,2023-11-09T02:06:08.000+00:00,published,prolific_author,https://www.nexusmods.com/baldursgate3/mods/4063,4063,4063
1,Chaos and Control - Sorcerer Equipment,GraphicFade,Equipment,1.0.0.14,519,2026-03-25T18:02:27.000+00:00,published,category_top20pct_item,https://www.nexusmods.com/baldursgate3/mods/15116,15116,15116
1,Speak With Dead For All,Aether,Spells,1.0,518,2023-10-10T00:56:02.000+00:00,published,prolific_author,https://www.nexusmods.com/baldursgate3/mods/3127,3127,3127
1,5e Banneret (Purple Dragon Knight) - Fighter Subclasss (Deprecated),Sumradagnoth,Classes,1.9.0.2,518,2024-11-07T23:41:52.000+00:00,published,prolific_author,https://www.nexusmods.com/baldursgate3/mods/5210,5210,5210
1,Rathgor - Reforged  head - Dark Urge Dragonborn CC,AkELkA,Character Customisation,1.0.0.14,518,2026-04-30T10:24:22.000+00:00,published,"global_top3pct,category_top5pct",https://www.nexusmods.com/baldursgate3/mods/10343,10343,10343
1,Quick Small Animation Thingy (QSAT),rakor,Photo Mode,1.3.1.1,514,2026-01-19T06:18:19.000+00:00,published,"global_top3pct,category_top5pct,dependency_floor_10plus",https://www.nexusmods.com/baldursgate3/mods/17737,17737,17737
1,Customized Subclass Icons,GraphicFade,Visuals,1.5.3,513,2024-07-07T15:50:26.000+00:00,published,dependency_closure_inherited,https://www.nexusmods.com/baldursgate3/mods/8807,8807,8807
1,Clawstep - Dragonborn body - Digitigrade legs,AkELkA,Character Customisation,1.0.0.41,513,2026-06-11T04:22:18.000+00:00,published,"global_top3pct,category_top5pct,dependency_floor_10plus",https://www.nexusmods.com/baldursgate3/mods/16384,16384,16384
1,Phalar Aluve and the Moonsong ensemble of Eilistraee,Siael,Equipment,1.7.4,512,2026-06-12T18:41:34.000+00:00,published,"global_top3pct,category_top20pct_item",https://www.nexusmods.com/baldursgate3/mods/15046,15046,15046
1,Pearl - Seadragon - Dragonborn CC,AkELkA,Character Customisation,1.0.0.14,509,2026-04-30T10:22:19.000+00:00,published,"global_top3pct,category_top5pct",https://www.nexusmods.com/baldursgate3/mods/10761,10761,10761
1,Prismatic Dress - Armor - Weapons,Lynia,Armor,1.3,508,2025-06-30T22:42:54.000+00:00,published,category_top20pct_item,https://www.nexusmods.com/baldursgate3/mods/17312,17312,17312
1,Might and Metal - Fighter Equipment,GraphicFade,Equipment,1.0.0.12,507,2026-05-11T23:03:24.000+00:00,published,category_top20pct_item,https://www.nexusmods.com/baldursgate3/mods/14894,14894,14894
1,UT - KAVT - Universal Automatic Patcher (UAP),Volitio,Utilities,2.1.0,507,2026-03-29T01:23:45.000+00:00,published,"global_top3pct,category_top5pct,dependency_floor_10plus,prolific_author",https://www.nexusmods.com/baldursgate3/mods/20629,20629,20629
1,VFX and SFX Remover - Visual and Sound Effects Begone - Longstrider - Hex - Imp Familiar Silencer,Mharius,Audio,3.88,506,2026-06-21T21:46:12.000+00:00,published,"category_top5pct,prolific_author",https://www.nexusmods.com/baldursgate3/mods/596,596,596
1,Angel Wings and Halos ___ Solar Race Patch,Ren,Character Customisation,1.0,504,2023-11-27T18:35:26.000+00:00,published,prolific_author,https://www.nexusmods.com/baldursgate3/mods/4624,4624,4624
1,Astra's Spellbook,Astralities,Spells,1.2,504,2024-09-06T02:23:21.000+00:00,published,"category_top5pct,prolific_author",https://www.nexusmods.com/baldursgate3/mods/11134,11134,11134
1,Ultimate Feats Enhanced - Sharpshooter and Great Weapon Master Unleashed,Mharius,Gameplay,3.30-P7,503,2024-09-09T16:54:21.000+00:00,published,prolific_author,https://www.nexusmods.com/baldursgate3/mods/1068,1068,1068
1,The Sculptors Dreamcache,tabatha,Character Customisation,1.0.0.74,502,2026-02-09T01:06:19.000+00:00,published,category_top5pct,https://www.nexusmods.com/baldursgate3/mods/16251,16251,16251
1,SCAG Cantrips and Shadow Blade - Patch 7,GVie,Spells,1.7.4,501,2024-12-06T05:12:03.000+00:00,published,category_top5pct,https://www.nexusmods.com/baldursgate3/mods/592,592,592
1,Raven Queen Outfit by REN,REN,Armor,1.0,501,2025-01-19T13:45:23.000+00:00,published,category_top20pct_item,https://www.nexusmods.com/baldursgate3/mods/14712,14712,14712
1,Wyll's Keyart Armor,labotor,Companions,2.3,499,2024-10-12T12:35:38.000+00:00,published,prolific_author,https://www.nexusmods.com/baldursgate3/mods/13008,13008,13008
1,Karlach's Long Hair,TashaWeeds,Character Customisation,1.1,498,2025-01-28T05:00:38.000+00:00,published,prolific_author,https://www.nexusmods.com/baldursgate3/mods/10435,10435,10435
1,Magic and Might - Wizard Sorcerer Warlock Armor and Gear,copperleaves,Equipment,2.2.0.28,495,2025-07-10T19:06:10.000+00:00,published,"global_top3pct,category_top20pct_item",https://www.nexusmods.com/baldursgate3/mods/14081,14081,14081
1,Myrkul's Weaponry - War Scythes,kharneth,Weapons,1.0.1,494,2025-03-05T10:31:33.000+00:00,published,"category_top20pct_item,prolific_author",https://www.nexusmods.com/baldursgate3/mods/11798,11798,11798
1,Rage and Resilience - Barbarian Equipment,GraphicFade,Equipment,1.0.0.9,493,2025-12-19T13:27:56.000+00:00,published,category_top20pct_item,https://www.nexusmods.com/baldursgate3/mods/14744,14744,14744
1,Tail-less Tieflings,FluffySpider,Races,3.0.0,491,2026-04-17T09:18:11.000+00:00,published,"global_top3pct,category_top5pct",https://www.nexusmods.com/baldursgate3/mods/11761,11761,11761
1,Orochigago's Homebrew Weapons and Wonders Vol. 2,Orochigago,Weapons,1.3.2,489,2024-08-27T14:15:09.000+00:00,published,category_top20pct_item,https://www.nexusmods.com/baldursgate3/mods/11535,11535,11535
1,Immersive Nudity - Naked Start,Professional Degenerate,Miscellaneous,1.01,489,2025-09-04T15:56:31.000+00:00,published,"global_top3pct,category_top5pct",https://www.nexusmods.com/baldursgate3/mods/12561,12561,12561
1,Ornamental Body Jewellery,baeator,Equipment,3.2.2,488,2026-06-21T15:33:38.000+00:00,published,"global_top3pct,category_top20pct_item",https://www.nexusmods.com/baldursgate3/mods/17713,17713,17713
1,NPC Redesign - Vampire Spawns by AzazeL (WIP),AzazeL,Visuals,1.5,487,2025-09-21T17:30:16.000+00:00,published,category_top5pct,https://www.nexusmods.com/baldursgate3/mods/17268,17268,17268
1,Awakened Spear of Selune,Siael,Weapons,1.5.1,486,2026-06-21T23:24:30.000+00:00,published,category_top20pct_item,https://www.nexusmods.com/baldursgate3/mods/13832,13832,13832
1,Azazel's Outfit,KinntheGreen,Equipment,1,484,2025-02-22T15:13:41.000+00:00,published,category_top20pct_item,https://www.nexusmods.com/baldursgate3/mods/7159,7159,7159
1,Lagardia's Arcane Head Presets,Lagardia,Character Customisation,1.2,484,2025-04-10T08:24:48.000+00:00,published,category_top5pct,https://www.nexusmods.com/baldursgate3/mods/13377,13377,13377
1,Glock 19 - Gun mod,Palmaman33,Weapons,1.0.0,481,2024-01-04T07:49:57.000+00:00,published,category_top20pct_item,https://www.nexusmods.com/baldursgate3/mods/5613,5613,5613
1,Lydia's Heads - Serafina,Lydia,Character Customisation,1.3,481,2025-01-28T18:05:00.000+00:00,published,dependency_closure_inherited,https://www.nexusmods.com/baldursgate3/mods/11364,11364,11364
1,Family Legacy Full Release,Code5Y,Quests,5.0,479,2024-09-29T16:47:51.000+00:00,published,category_top5pct,https://www.nexusmods.com/baldursgate3/mods/251,251,251
1,Oath and Order - Paladin Equipment,GraphicFade,Equipment,1.0.0.12,479,2026-05-11T23:02:15.000+00:00,published,category_top20pct_item,https://www.nexusmods.com/baldursgate3/mods/15236,15236,15236
1,More Gith Armor and Clothes,Starlight Sammy,Equipment,1.0.0.0,478,2024-03-31T02:01:57.000+00:00,published,category_top20pct_item,https://www.nexusmods.com/baldursgate3/mods/8390,8390,8390
1,Mizora's Human Form Restored,PoisonValentineXIII - Whatsontheflip,Visuals,1.0.0.1,476,2025-07-26T08:17:02.000+00:00,published,"global_top3pct,category_top5pct",https://www.nexusmods.com/baldursgate3/mods/16825,16825,16825
1,Circle of the Shepherd Druid Subclass,havsglimt,Classes,1.3,475,2025-06-14T16:33:19.000+00:00,published,"global_top3pct,category_top5pct,prolific_author",https://www.nexusmods.com/baldursgate3/mods/8515,8515,8515
1,Spells Enhanced - Enhance Leap - Enhance Jump,MaskedRPGFan,Spells,3.0.1,473,2023-12-03T01:29:37.000+00:00,published,prolific_author,https://www.nexusmods.com/baldursgate3/mods/1085,1085,1085
1,A Beautiful Webbing - Minthara's Romance Scene Unlocked,whatsontheflip,Companions,4.0.0.1,473,2026-04-20T05:54:28.000+00:00,published,"global_top3pct,category_top5pct",https://www.nexusmods.com/baldursgate3/mods/18685,18685,18685
1,Randomised Equipment Loot- Script Extender plugin,Eumeta,Gameplay,3.4.4,471,2025-07-17T16:40:09.000+00:00,published,category_top5pct,https://www.nexusmods.com/baldursgate3/mods/9262,9262,9262
1,Shovel Evolved,Exaen,Companions,3.3.2.0,471,2026-06-25T18:42:39.000+00:00,published,"global_top3pct,category_top5pct",https://www.nexusmods.com/baldursgate3/mods/14242,14242,14242
1,Lucanis Dellamorte Camp Outfit BY REN,REN,Clothing,1.0,470,2024-11-21T00:05:29.000+00:00,published,category_top20pct_item,https://www.nexusmods.com/baldursgate3/mods/13916,13916,13916
1,Water Spells,Dawnstar,Spells,1.0.0.48,470,2025-04-22T00:50:11.000+00:00,published,category_top5pct,https://www.nexusmods.com/baldursgate3/mods/15328,15328,15328
1,Wyll - Theo Solomon Banter,nyilas7,Audio,1.3,470,2026-06-26T14:09:36.000+00:00,published,"global_top3pct,category_top5pct",https://www.nexusmods.com/baldursgate3/mods/19832,19832,19832
1,Dwarven Weaponry - Hammers,kharneth,Weapons,1.0,469,2024-08-03T18:17:39.000+00:00,published,"category_top20pct_item,prolific_author",https://www.nexusmods.com/baldursgate3/mods/11379,11379,11379
1,Gifts of the Absolute - Branded Equipment,GraphicFade,Equipment,1.0.0.8,469,2026-02-16T20:27:09.000+00:00,published,category_top20pct_item,https://www.nexusmods.com/baldursgate3/mods/11487,11487,11487
1,Compatibility Patch for Photo Mode Pose Mods,Cat and the squad,Photo Mode,1.0.0.69,469,2026-06-27T11:06:25.000+00:00,published,"global_top3pct,category_top5pct,category_floor,dependency_floor_10plus",https://www.nexusmods.com/baldursgate3/mods/19414,19414,19414
1,Padme's Blender Addons,Padme4000,Miscellaneous,1.0.0.0,468,2025-06-24T13:40:47.000+00:00,published,prolific_author,https://www.nexusmods.com/baldursgate3/mods/346,346,346
1,Gale Dinner - Item Shipment Framework,Belinn,Gameplay,2.0,468,2024-04-13T23:00:57.000+00:00,published,prolific_author,https://www.nexusmods.com/baldursgate3/mods/4016,4016,4016
1,Magical Musical Instruments (for Bards etc.) (Dye Support),Bluesatin,Equipment,0.2.11.7,468,2024-08-24T12:25:50.000+00:00,published,category_top20pct_item,https://www.nexusmods.com/baldursgate3/mods/9238,9238,9238
1,Immersive Character Lighting,lexo1000,Visuals,1.2,468,2025-10-29T11:58:29.000+00:00,published,category_top5pct,https://www.nexusmods.com/baldursgate3/mods/19337,19337,19337
1,Ultimate Guidance - Shadowheart's Supreme Boon - VFX Remover,Mharius,Gameplay,6.6-P7,467,2024-09-10T16:49:02.000+00:00,published,prolific_author,https://www.nexusmods.com/baldursgate3/mods/541,541,541
1,Darkness Domain - Cleric Subclass,xarara,Classes,4.03,466,2026-06-26T10:12:32.000+00:00,published,"global_top3pct,category_top5pct",https://www.nexusmods.com/baldursgate3/mods/8654,8654,8654
1,New CC Colors for Lae'zel by AzazeL (Patch 7-8),AzazeL,Companions,1.0.0.0,466,2024-11-09T13:55:27.000+00:00,published,dependency_closure_inherited,https://www.nexusmods.com/baldursgate3/mods/13560,13560,13560
1,Evelyn's Ziva Dress,EzioMaverick,Armor,1.1,466,2025-04-28T11:05:25.000+00:00,published,category_top20pct_item,https://www.nexusmods.com/baldursgate3/mods/14613,14613,14613
1,P4 Custom Skins,Padme4000,Character Customisation,1.0,465,2023-08-11T16:57:50.000+00:00,published,prolific_author,https://www.nexusmods.com/baldursgate3/mods/341,341,341
1,The Raven Queen Patron for Warlock,GladoffelLp,Classes,1.1.3,465,2025-11-10T18:13:16.000+00:00,published,"global_top3pct,category_top5pct",https://www.nexusmods.com/baldursgate3/mods/1895,1895,1895
1,Bububull's hair pack 03,bububull,Character Customisation,1.01,465,2025-05-08T21:32:35.000+00:00,published,prolific_author,https://www.nexusmods.com/baldursgate3/mods/16240,16240,16240
1,Dwarven Weaponry - Drakefire Flintlock,kharneth,Weapons,1.2.2,463,2024-08-12T07:17:21.000+00:00,published,"category_top20pct_item,prolific_author",https://www.nexusmods.com/baldursgate3/mods/8797,8797,8797
1,Aeries' Gale Dekarios - Hugs Kisses Voiced Dialog,Moxi,Audio,2.0.1,463,2024-12-03T06:41:33.000+00:00,published,category_top5pct,https://www.nexusmods.com/baldursgate3/mods/10179,10179,10179
1,M Human Head 8 for Body Type 4,jerinski,Character Customisation,1.0.1.8,462,2025-05-10T21:45:57.000+00:00,published,category_top5pct,https://www.nexusmods.com/baldursgate3/mods/2316,2316,2316
1,Inquisition Domain Cleric Subclass,havsglimt,Classes,1.3,462,2024-05-28T11:04:09.000+00:00,published,prolific_author,https://www.nexusmods.com/baldursgate3/mods/8931,8931,8931
1,Ninja-to and Katana sets,blackninjato2,Equipment,1.6,461,2026-05-03T15:48:03.000+00:00,published,category_top20pct_item,https://www.nexusmods.com/baldursgate3/mods/2405,2405,2405
1,Druid Quality of Life - Hotbar Restore,Syrchalis,User Interface,1.0.1,459,2024-01-21T14:12:04.000+00:00,published,prolific_author,https://www.nexusmods.com/baldursgate3/mods/5877,5877,5877
1,Do Not Eat Owlbear Egg,Belinn,Gameplay,1.0,459,2024-09-09T22:21:01.000+00:00,published,prolific_author,https://www.nexusmods.com/baldursgate3/mods/12077,12077,12077
1,Snapshots,rdekarios,Maps,1.3.0.41,458,2025-12-21T13:15:01.000+00:00,published,"global_top3pct,category_top5pct,category_floor",https://www.nexusmods.com/baldursgate3/mods/17934,17934,17934
1,Rebalance - Gear,Syrchalis,Equipment,1.0.16,457,2026-05-19T20:44:35.000+00:00,published,"global_top3pct,category_top20pct_item,prolific_author",https://www.nexusmods.com/baldursgate3/mods/16874,16874,16874
1,Become a Vampire,Yoesph,Gameplay,3.2.4,456,2025-08-21T17:41:19.000+00:00,published,"global_top3pct,category_top5pct",https://www.nexusmods.com/baldursgate3/mods/4907,4907,4907
1,Command Undead - Necromancy Subclass Feature,Sailor Cat,Classes,1.04.01,456,2026-06-08T00:57:41.000+00:00,published,"global_top3pct,category_top5pct",https://www.nexusmods.com/baldursgate3/mods/6291,6291,6291
1,5e Path of the Battlerager - Barbarian Subclass (Deprecated),Sumradagnoth,Classes,1.9.0.2,455,2024-11-05T16:15:22.000+00:00,published,prolific_author,https://www.nexusmods.com/baldursgate3/mods/5085,5085,5085
1,Woman's World - All Men Transformed into Women (with Voices),Sindae,Visuals,1.11,455,2025-07-16T22:59:40.000+00:00,published,prolific_author,https://www.nexusmods.com/baldursgate3/mods/9820,9820,9820
1,5e Way of the Astral Self - Monk Subclass (Deprecated),Sumradagnoth,Classes,1.9.1.2,455,2024-12-02T22:47:20.000+00:00,published,prolific_author,https://www.nexusmods.com/baldursgate3/mods/10078,10078,10078
1,Robes and Armor of the Absolute - Nere Z'rell and The Warden,Syrchalis,Armor,1.2.8,454,2025-05-10T00:30:48.000+00:00,published,"category_top20pct_item,prolific_author",https://www.nexusmods.com/baldursgate3/mods/4143,4143,4143
1,Camp Pants - Item Shipment Framework,Belinn,Equipment,2.1,454,2024-04-14T21:16:47.000+00:00,published,"category_top20pct_item,prolific_author",https://www.nexusmods.com/baldursgate3/mods/4437,4437,4437
1,Neutral Facial Expressions,Cerberry,Animations,1.0,454,2024-11-13T08:53:52.000+00:00,published,prolific_author,https://www.nexusmods.com/baldursgate3/mods/11491,11491,11491
1,DnD 5.5e All-in-One BEYOND,Yoonmoonsik,Gameplay,4.7.4.1,454,2026-06-27T09:58:17.000+00:00,published,"global_top3pct,category_top5pct",https://www.nexusmods.com/baldursgate3/mods/12727,12727,12727
1,Extra Attack Fix SE,wesslen,Gameplay,1.5.7,451,2024-03-02T17:59:24.000+00:00,published,prolific_author,https://www.nexusmods.com/baldursgate3/mods/5475,5475,5475
1,Dwarven Weaponry - Battleaxes,kharneth,Weapons,1.0.3,451,2024-09-10T12:06:46.000+00:00,published,"category_top20pct_item,prolific_author",https://www.nexusmods.com/baldursgate3/mods/10539,10539,10539
1,Adventurer's Armour Collection,beanedsprout,Equipment,3.2,450,2025-07-03T22:23:51.000+00:00,published,category_top20pct_item,https://www.nexusmods.com/baldursgate3/mods/8401,8401,8401
1,Early Access Karlach,tepkunset,Character Customisation,1.3,447,2023-10-27T15:23:32.000+00:00,published,prolific_author,https://www.nexusmods.com/baldursgate3/mods/1189,1189,1189
1,xpcheatmode,LostSoulMan,Gameplay,1.00,445,2023-08-15T08:57:08.000+00:00,published,prolific_author,https://www.nexusmods.com/baldursgate3/mods/108,108,108
1,Wings Character Customization - WCC,Aardi,Character Customisation,1.0.0.129,445,2026-02-28T16:55:03.000+00:00,published,"global_top3pct,category_top5pct",https://www.nexusmods.com/baldursgate3/mods/15257,15257,15257
1,Forest Friends - Playable Firbolgs,tepkunset,Races,2,444,2026-03-18T12:02:32.000+00:00,published,"global_top3pct,category_top5pct,prolific_author",https://www.nexusmods.com/baldursgate3/mods/7757,7757,7757
1,5e Path of the Storm Herald - Barbarian Subclasss (Deprecated),Sumradagnoth,Classes,1.9.0.1,444,2024-10-27T00:52:59.000+00:00,published,prolific_author,https://www.nexusmods.com/baldursgate3/mods/8419,8419,8419
1,The witcher - Annarietta's wardrobe,bububull,Clothing,1.1,444,2024-09-19T14:29:33.000+00:00,published,prolific_author,https://www.nexusmods.com/baldursgate3/mods/8908,8908,8908
1,Weightless Consumables,Belinn,Gameplay,1.1,443,2024-09-07T10:54:15.000+00:00,published,prolific_author,https://www.nexusmods.com/baldursgate3/mods/9025,9025,9025
1,more beards for Dwarves,bububull,Character Customisation,1,440,2025-06-16T13:49:46.000+00:00,published,"category_top5pct,prolific_author",https://www.nexusmods.com/baldursgate3/mods/3934,3934,3934
1,5e Psi Warrior - Fighter Subclasss (Deprecated),Sumradagnoth,Classes,1.9.0.5,439,2024-12-08T02:17:33.000+00:00,published,prolific_author,https://www.nexusmods.com/baldursgate3/mods/11413,11413,11413
1,Asgorath Chaos Sorcerer - Subclass,Shivero,Classes,1.0.1.1,438,2024-09-13T17:29:29.000+00:00,published,prolific_author,https://www.nexusmods.com/baldursgate3/mods/5979,5979,5979
1,Land of Reeds Samurai Armor,Lukasdaman,Equipment,2.7,437,2024-10-27T03:15:01.000+00:00,published,category_top20pct_item,https://www.nexusmods.com/baldursgate3/mods/2766,2766,2766
1,Various NPCs Restyled,whatsontheflip,Visuals,2.0.3.1,437,2026-05-16T01:43:09.000+00:00,published,category_top5pct,https://www.nexusmods.com/baldursgate3/mods/13937,13937,13937
1,Spells Enhanced - Speak with Dead,MaskedRPGFan,Spells,2.0.0,434,2023-10-01T21:27:50.000+00:00,published,prolific_author,https://www.nexusmods.com/baldursgate3/mods/992,992,992
1,Find Familiar - Owlbear Cub,Aether,Gameplay,1.1,434,2024-05-08T01:52:46.000+00:00,published,prolific_author,https://www.nexusmods.com/baldursgate3/mods/3943,3943,3943
1,Weapon Skills Extra with Echo Knight,LostSoulMan,Gameplay,0.06,432,2024-07-28T04:13:43.000+00:00,published,prolific_author,https://www.nexusmods.com/baldursgate3/mods/137,137,137
1,Martial Adept Feat Enhanced,Mharius,Gameplay,2.0-FullRelease,432,2024-09-23T15:22:42.000+00:00,published,prolific_author,https://www.nexusmods.com/baldursgate3/mods/718,718,718
1,Various Rings and Amulets,empressio,Equipment,1.2.0,430,2026-01-08T12:25:26.000+00:00,published,"global_top3pct,category_top20pct_item",https://www.nexusmods.com/baldursgate3/mods/10406,10406,10406
1,Bog Witch Armour and Variations,beanedsprout,Equipment,1.10,429,2024-10-09T17:40:21.000+00:00,published,category_top20pct_item,https://www.nexusmods.com/baldursgate3/mods/8075,8075,8075
1,Cozier Sleepy Times (default sleep animation replacer),almasy87,Animations,1,429,2025-04-25T23:39:44.000+00:00,published,category_top5pct,https://www.nexusmods.com/baldursgate3/mods/13318,13318,13318
1,Bhaalist Leathers (Updated to non-VT),deleted209684172,Armor,3.0.0.0,429,2025-08-29T21:30:37.000+00:00,published,category_top20pct_item,https://www.nexusmods.com/baldursgate3/mods/15602,15602,15602
1,Dialogue and Reactivity Tags (DART) Framework,Cheek,Miscellaneous,1.0.1.1,426,2026-03-07T07:29:56.000+00:00,published,"global_top3pct,category_top5pct,dependency_floor_10plus",https://www.nexusmods.com/baldursgate3/mods/17561,17561,17561
1,NPC Hairs for Tav,Padme4000,Character Customisation,1.0.0.2,425,2025-04-15T13:41:14.000+00:00,published,prolific_author,https://www.nexusmods.com/baldursgate3/mods/194,194,194
1,Clockwork Soul Sorcerer Subclass,havsglimt,Classes,1.1,421,2024-05-28T11:11:33.000+00:00,published,prolific_author,https://www.nexusmods.com/baldursgate3/mods/9081,9081,9081
1,Bardic Knight Armour,beanedsprout,Equipment,2.0,420,2025-02-01T21:57:01.000+00:00,published,category_top20pct_item,https://www.nexusmods.com/baldursgate3/mods/9433,9433,9433
1,Awakened Blood of Lathander,Siael,Gameplay,1.11.2,420,2026-06-07T20:25:16.000+00:00,published,category_top5pct,https://www.nexusmods.com/baldursgate3/mods/12628,12628,12628
1,Spells Enhanced - Detect Thoughts,MaskedRPGFan,Spells,2.0.0,419,2023-11-16T21:56:54.000+00:00,published,prolific_author,https://www.nexusmods.com/baldursgate3/mods/983,983,983
1,HairUnlocked,ShaneH147,Character Customisation,3.1.0.26,419,2025-06-02T07:40:51.000+00:00,published,category_top5pct,https://www.nexusmods.com/baldursgate3/mods/12482,12482,12482
1,Spells Enhanced - Longstrider,MaskedRPGFan,Spells,2.0.0,418,2023-10-14T22:02:10.000+00:00,published,prolific_author,https://www.nexusmods.com/baldursgate3/mods/1048,1048,1048
1,All Item UUIDs - Item Spawner,YokiruGohan,Equipment,1.3.3,418,2026-05-27T16:12:51.000+00:00,published,category_top20pct_item,https://www.nexusmods.com/baldursgate3/mods/9444,9444,9444
1,Tasha's Fighting Styles RAW,drkekyll,Gameplay,1.0.1.2,417,2026-03-04T17:32:08.000+00:00,published,"global_top3pct,category_top5pct",https://www.nexusmods.com/baldursgate3/mods/3903,3903,3903
1,All Dyes in the Camp Chest - Item Shipment Framework,Aether,Armor,1.0,417,2024-04-13T16:01:32.000+00:00,published,prolific_author,https://www.nexusmods.com/baldursgate3/mods/8699,8699,8699
1,Immersive Loading Screens,lexo1000,User Interface,4.5,416,2026-04-19T15:35:48.000+00:00,published,"global_top3pct,category_top5pct",https://www.nexusmods.com/baldursgate3/mods/1758,1758,1758
1,Astarion - Serana Female Voice,Arbitality,Audio,5.0,416,2026-04-05T21:18:08.000+00:00,published,category_top5pct,https://www.nexusmods.com/baldursgate3/mods/7706,7706,7706
1,Instruments of Proficiencies,Belinn,Gameplay,2.1,414,2024-10-01T19:17:55.000+00:00,published,prolific_author,https://www.nexusmods.com/baldursgate3/mods/2221,2221,2221
1,Spells Extra - DND 5E Library,Lumaterian,Spells,1.5.0,414,2026-01-16T19:50:51.000+00:00,published,"global_top3pct,category_top5pct,dependency_floor_10plus",https://www.nexusmods.com/baldursgate3/mods/11291,11291,11291
1,True Darkness - 5e RAW,jjdoorframe,Gameplay,1.3.3.0,414,2025-08-27T10:27:18.000+00:00,published,"global_top3pct,category_top5pct",https://www.nexusmods.com/baldursgate3/mods/13542,13542,13542
1,Brightest Star - A New Act 3 Romance Scene For Wyll (WCU),Magnetuning and Aimryax,Gameplay,2.1.1.0,410,2026-05-20T21:57:24.000+00:00,published,category_top5pct,https://www.nexusmods.com/baldursgate3/mods/12174,12174,12174
1,Appointments of the Dreamlord,OneEyeAskew,Armor,1.1.0,409,2025-10-03T00:31:27.000+00:00,published,category_top20pct_item,https://www.nexusmods.com/baldursgate3/mods/11635,11635,11635
1,Longbows without spikes,kharneth,Equipment,1.0,407,2024-02-10T20:16:55.000+00:00,published,prolific_author,https://www.nexusmods.com/baldursgate3/mods/6657,6657,6657
1,Raphael Restored - Last Light Fixes,Nikjima,Miscellaneous,1.0.1.46,407,2025-10-08T21:52:59.000+00:00,published,category_top5pct,https://www.nexusmods.com/baldursgate3/mods/17508,17508,17508
1,Kaz Virtual Tav - Custom Appearance System,Kaz and Kart,Character Customisation,1.1.0,405,2024-09-21T20:40:19.000+00:00,published,dependency_floor_10plus,https://www.nexusmods.com/baldursgate3/mods/8912,8912,8912
1,Woodland Druid Outfit By REN,REN,Equipment,1.0,405,2024-08-05T11:12:13.000+00:00,published,category_top20pct_item,https://www.nexusmods.com/baldursgate3/mods/11419,11419,11419
1,Spells Enhanced - Hex,MaskedRPGFan,Spells,3.0.0,404,2023-12-07T21:02:37.000+00:00,published,prolific_author,https://www.nexusmods.com/baldursgate3/mods/935,935,935
1,Immersive Gear,Unholy,Equipment,1.3,404,2024-12-10T20:21:08.000+00:00,published,category_top20pct_item,https://www.nexusmods.com/baldursgate3/mods/13840,13840,13840
1,Vivid Landscapes - All in One - PAK only,Hein84,Visuals,1.2.0,404,2026-04-14T00:18:46.000+00:00,published,"global_top3pct,category_top5pct",https://www.nexusmods.com/baldursgate3/mods/20021,20021,20021
1,Orc Half-Elf Subrace,Soriyumi,Races,2.0,403,2025-09-05T22:25:22.000+00:00,published,global_top3pct,https://www.nexusmods.com/baldursgate3/mods/5943,5943,5943
1,Customized - Companion Tents,Karalyn,Visuals,1.1,403,2025-04-30T19:07:27.000+00:00,published,category_top5pct,https://www.nexusmods.com/baldursgate3/mods/14973,14973,14973
1,Dawnstar's Grimoire,Dawnstar,Spells,1.0.0.20,403,2025-09-12T08:38:19.000+00:00,published,"global_top3pct,category_top5pct",https://www.nexusmods.com/baldursgate3/mods/15598,15598,15598
1,Sarevok Set,InzzGreyer,Equipment,1.7.5,400,2026-04-28T07:06:14.000+00:00,published,category_top20pct_item,https://www.nexusmods.com/baldursgate3/mods/3448,3448,3448
1,Mutant Class (Based on X-Men),somd3v,Classes,2.2.3,400,2025-06-07T20:20:58.000+00:00,published,category_top5pct,https://www.nexusmods.com/baldursgate3/mods/7348,7348,7348
1,Astarion's Greetings,Cerberry,Companions,1.1,400,2024-10-24T17:01:27.000+00:00,published,prolific_author,https://www.nexusmods.com/baldursgate3/mods/13306,13306,13306
1,Fly For All,Aether,Spells,1.01,399,2023-10-13T13:29:49.000+00:00,published,prolific_author,https://www.nexusmods.com/baldursgate3/mods/3098,3098,3098
1,Dawnstar's Telekinetic Spells,Dawnstar,Spells,1.0.0.39,399,2025-05-26T03:24:05.000+00:00,published,category_top5pct,https://www.nexusmods.com/baldursgate3/mods/16781,16781,16781
1,Unique Gear - Titanstring - Sussur Adamantine Infernal and more,MaskedRPGFan,Equipment,3.3.0,397,2023-12-10T20:05:12.000+00:00,published,prolific_author,https://www.nexusmods.com/baldursgate3/mods/1261,1261,1261
1,Automated Summons,Sailor Cat,Gameplay,1.00.19,397,2025-09-13T15:44:48.000+00:00,published,"global_top3pct,category_top5pct",https://www.nexusmods.com/baldursgate3/mods/10922,10922,10922
1,Astarion's Messy Curls,preciouslittle-bhaalbabe,Companions,1.1,397,2026-02-16T15:53:37.000+00:00,published,category_top5pct,https://www.nexusmods.com/baldursgate3/mods/16903,16903,16903
1,More Eye Colors,Cerberry,Character Customisation,1.0.1.0,396,2024-04-01T15:18:57.000+00:00,published,prolific_author,https://www.nexusmods.com/baldursgate3/mods/8344,8344,8344
1,Veenab Library,veenab,Spells,3.5.3.1,396,2026-04-29T11:28:44.000+00:00,published,"global_top3pct,category_top5pct",https://www.nexusmods.com/baldursgate3/mods/11461,11461,11461
1,baeator's accessories,baeator,Equipment,3.0.0,395,2025-03-06T20:11:56.000+00:00,published,category_top20pct_item,https://www.nexusmods.com/baldursgate3/mods/10346,10346,10346
1,Big Boob Big Butt Body,Sindae,Clothing,1.04,395,2025-03-12T02:15:19.000+00:00,published,prolific_author,https://www.nexusmods.com/baldursgate3/mods/12950,12950,12950
1,Incubate Death - Necromancy Spell,Sailor Cat,Spells,1.01.00,394,2026-01-30T15:57:05.000+00:00,published,"global_top3pct,category_top5pct",https://www.nexusmods.com/baldursgate3/mods/5716,5716,5716
1,Ranger Gear,tepkunset,Armor,1.1,393,2024-03-03T04:12:40.000+00:00,published,prolific_author,https://www.nexusmods.com/baldursgate3/mods/7429,7429,7429
1,FacesUnlocked,ShaneH147,Character Customisation,2.0.0.40,393,2025-05-26T19:31:58.000+00:00,published,category_top5pct,https://www.nexusmods.com/baldursgate3/mods/12483,12483,12483
1,Skybound Wings - Primal Pack - Dragonborn CC,AkELkA,Character Customisation,1.0.0.14,393,2026-02-20T03:04:42.000+00:00,published,"global_top3pct,category_top5pct",https://www.nexusmods.com/baldursgate3/mods/14473,14473,14473
1,Faun-tastic Fashion (Outfits and Accessories for Satyrs),labotor,Equipment,1.2,392,2024-10-11T11:31:32.000+00:00,published,"category_top20pct_item,prolific_author",https://www.nexusmods.com/baldursgate3/mods/8611,8611,8611
1,Unique Companion Assets,Padme4000,Companions,UCA-2.0.2.0,392,2026-05-15T16:18:04.000+00:00,published,"global_top3pct,category_top5pct,dependency_floor_10plus,prolific_author",https://www.nexusmods.com/baldursgate3/mods/8832,8832,8832
1,Alpha Dither Shader Fix - Replacer and Standalone,Lynia,Visuals,1.1,391,2025-09-14T15:46:58.000+00:00,published,"global_top3pct,category_top5pct",https://www.nexusmods.com/baldursgate3/mods/18585,18585,18585
1,Dwarven Weaponry - Steam Carbine,kharneth,Weapons,1.0.2,389,2024-07-22T10:57:00.000+00:00,published,prolific_author,https://www.nexusmods.com/baldursgate3/mods/10614,10614,10614
1,Shields of the Fallen (Updated to non-VT),deleted209684172,Equipment,1.1.0.0,388,2025-09-16T18:49:29.000+00:00,published,category_top20pct_item,https://www.nexusmods.com/baldursgate3/mods/16412,16412,16412
1,Pixie Dress,bububull,Equipment,1,387,2025-11-09T20:50:44.000+00:00,published,"category_top20pct_item,prolific_author",https://www.nexusmods.com/baldursgate3/mods/5011,5011,5011
1,Aether's Useful Bows,Aether,Equipment,1.0,387,2023-12-24T02:26:53.000+00:00,published,prolific_author,https://www.nexusmods.com/baldursgate3/mods/5351,5351,5351
1,Standalone Flat Vanilla Camp Clothing for TMTS,Lydia,Equipment,1.9,387,2024-03-11T21:56:58.000+00:00,published,category_top20pct_item,https://www.nexusmods.com/baldursgate3/mods/5840,5840,5840
1,Smart Containers - More Sorting Containers,ChizFreak,Gameplay,1.2.0,387,2024-12-05T06:22:47.000+00:00,published,category_top5pct,https://www.nexusmods.com/baldursgate3/mods/13369,13369,13369
1,Elven Weaponry - Needle of the Outlaw Rogue,kharneth,Weapons,1.1,385,2024-04-20T20:01:57.000+00:00,published,prolific_author,https://www.nexusmods.com/baldursgate3/mods/6117,6117,6117
1,Shadow Magic - Sorcerer Subclass,xarara,Classes,3.02,385,2026-03-16T22:35:09.000+00:00,published,"global_top3pct,category_top5pct",https://www.nexusmods.com/baldursgate3/mods/9420,9420,9420
1,Seadragon Assets - Dragonborn CC,AkELkA,Character Customisation,1.0.0.12,385,2025-04-15T18:58:59.000+00:00,published,category_top5pct,https://www.nexusmods.com/baldursgate3/mods/13324,13324,13324
1,Caites' Mods Compatibility Page,Caites,Miscellaneous,6.9,383,2025-12-02T16:39:53.000+00:00,published,prolific_author,https://www.nexusmods.com/baldursgate3/mods/2031,2031,2031
1,Reduce NPC Banter Repetitiveness,Volitio,Gameplay,1.0.2,383,2024-09-20T22:57:38.000+00:00,published,prolific_author,https://www.nexusmods.com/baldursgate3/mods/7034,7034,7034
1,CmdrSkele Outfits  - Spooky outfits and accessories- boot glove scarf,commanderstrawberry,Armor,4,382,2026-02-24T12:16:07.000+00:00,published,"category_top20pct_item,prolific_author",https://www.nexusmods.com/baldursgate3/mods/7502,7502,7502
1,Sample Equipment Mod,AnteMaxx,Equipment,1.0.1,380,2023-08-20T16:09:45.000+00:00,published,prolific_author,https://www.nexusmods.com/baldursgate3/mods/249,249,249
1,Bloodless Begone,BitterPast,Spells,1.0.3,379,2024-09-27T15:19:10.000+00:00,published,prolific_author,https://www.nexusmods.com/baldursgate3/mods/4520,4520,4520
1,Power Word Kill Scroll - Item Shipment Framework,Belinn,Gameplay,3.1,378,2024-04-13T17:51:19.000+00:00,published,prolific_author,https://www.nexusmods.com/baldursgate3/mods/953,953,953
1,Tiefling Claws,Astralities,Gameplay,2.2,378,2024-09-22T20:49:23.000+00:00,published,prolific_author,https://www.nexusmods.com/baldursgate3/mods/2595,2595,2595
1,Bunny Ears By Ren,Ren,Character Customisation,1.0,378,2023-10-28T14:51:14.000+00:00,published,prolific_author,https://www.nexusmods.com/baldursgate3/mods/3731,3731,3731
1,Bububull's head pack 01,bububull,Character Customisation,1,377,2026-01-07T22:30:05.000+00:00,published,prolific_author,https://www.nexusmods.com/baldursgate3/mods/8438,8438,8438
1,Ultimate Cut Content Restoration Mod,MaxStrengthWizard,Equipment,1.7.3.15,377,2026-03-18T14:10:42.000+00:00,published,"global_top3pct,category_top20pct_item",https://www.nexusmods.com/baldursgate3/mods/20353,20353,20353
1,Arcanist Feat,Sailor Cat,Gameplay,1.02.01,376,2025-09-15T23:46:36.000+00:00,published,category_top5pct,https://www.nexusmods.com/baldursgate3/mods/1087,1087,1087
1,Twinkle and Icingdeath - Drizzt's Swords,Haytur,Weapons,1.2.3,376,2026-01-24T04:14:05.000+00:00,published,"global_top3pct,category_top20pct_item,category_floor",https://www.nexusmods.com/baldursgate3/mods/7551,7551,7551
1,Vexa - Dark Urge Slayer Dragonborn CC,AkELkA,Character Customisation,1.0.0.15,375,2026-04-30T10:25:57.000+00:00,published,"global_top3pct,category_top5pct",https://www.nexusmods.com/baldursgate3/mods/11622,11622,11622
1,Warlock Spell List Fixer,Sailor Cat,Spells,1.00.06,374,2026-04-27T16:07:26.000+00:00,published,"global_top3pct,category_top5pct",https://www.nexusmods.com/baldursgate3/mods/11239,11239,11239
1,Big...Darn Heroes Paladin Gear,copperleaves,Armor,1.2.0.33,373,2025-12-26T03:32:00.000+00:00,published,category_top20pct_item,https://www.nexusmods.com/baldursgate3/mods/13321,13321,13321
1,Simply Unbalanced Feats,BitterPast,Gameplay,1.0.8,372,2024-09-29T16:38:15.000+00:00,published,prolific_author,https://www.nexusmods.com/baldursgate3/mods/4169,4169,4169
1,Avernus Weaponry - Cursed Weapons,kharneth,Weapons,1.0,372,2024-11-15T11:20:22.000+00:00,published,"category_top20pct_item,prolific_author",https://www.nexusmods.com/baldursgate3/mods/13806,13806,13806
1,Shadowheart's Orchid,KinntheGreen,Armor,1,371,2024-11-20T21:28:32.000+00:00,published,category_top20pct_item,https://www.nexusmods.com/baldursgate3/mods/13906,13906,13906
1,Shower More Blood and Dirt Timer and Active,Loktide,Gameplay,1.0,370,2023-08-29T23:23:39.000+00:00,published,prolific_author,https://www.nexusmods.com/baldursgate3/mods/1656,1656,1656
1,Dwarven Weaponry - Kingsguard,kharneth,Armor,1.1,368,2024-07-24T05:26:05.000+00:00,published,prolific_author,https://www.nexusmods.com/baldursgate3/mods/11114,11114,11114
1,5e Reckless Attack,Sumradagnoth,Gameplay,1.0.2.1,366,2024-11-12T17:04:12.000+00:00,published,"category_top5pct,prolific_author",https://www.nexusmods.com/baldursgate3/mods/10924,10924,10924
1,Armouries of the Allegiant,FrancisN934757,Equipment,2.1.1.3,366,2026-05-10T01:10:38.000+00:00,published,"global_top3pct,category_top20pct_item",https://www.nexusmods.com/baldursgate3/mods/14505,14505,14505
1,Secrua Weapons,Obscen1ty,Weapons,1.0.4,366,2025-06-25T22:13:26.000+00:00,published,category_top20pct_item,https://www.nexusmods.com/baldursgate3/mods/15426,15426,15426
1,Oath of the Watchers - Paladin Subclass,BigGreenMako,Classes,1.1.0,365,2023-10-26T02:30:21.000+00:00,published,dependency_closure_inherited,https://www.nexusmods.com/baldursgate3/mods/3634,3634,3634
1,Hexiplexer's - Githyanki Armoury,Hexiplexer,Equipment,1.3.2.0,365,2024-09-26T23:07:45.000+00:00,published,category_top20pct_item,https://www.nexusmods.com/baldursgate3/mods/6142,6142,6142
1,Musical Instrument Proficiency For All,Aether,Gameplay,1.0,362,2024-02-19T00:14:13.000+00:00,published,prolific_author,https://www.nexusmods.com/baldursgate3/mods/6936,6936,6936
1,Chivalry - Expansion,Halomaster481 and Sumradagnoth8,Equipment,1.0,362,2025-11-19T03:01:52.000+00:00,published,"global_top3pct,category_top20pct_item",https://www.nexusmods.com/baldursgate3/mods/19120,19120,19120
1,A.P.E.X. - Additional Photo Mode Expressions,lumadaire,Photo Mode,1.0,361,2025-07-24T19:18:55.000+00:00,published,category_top5pct,https://www.nexusmods.com/baldursgate3/mods/17711,17711,17711
1,Arcane Threads,arideyya,Clothing,1.0,360,2025-08-05T05:58:16.000+00:00,published,category_top20pct_item,https://www.nexusmods.com/baldursgate3/mods/16367,16367,16367
1,Xara's Library and Patches,xarara,Miscellaneous,1.08,360,2026-04-03T16:19:00.000+00:00,published,"global_top3pct,category_top5pct",https://www.nexusmods.com/baldursgate3/mods/17107,17107,17107
1,Ambient AI,ExcelsiorOne,Gameplay,1.0.1.0,360,2026-01-31T03:31:11.000+00:00,published,"global_top3pct,category_top5pct",https://www.nexusmods.com/baldursgate3/mods/20820,20820,20820
1,Helms of Faerun,OneEyeAskew,Armor,1.0.0,359,2024-06-29T01:17:12.000+00:00,published,category_top20pct_item,https://www.nexusmods.com/baldursgate3/mods/10630,10630,10630
1,Daenerys' Outfit,TashaWeeds,Equipment,1.2,359,2024-09-07T03:39:08.000+00:00,published,"category_top20pct_item,prolific_author",https://www.nexusmods.com/baldursgate3/mods/11903,11903,11903
1,Lyn's Cloak Pack 2 - Capes and Cloaks for Tall Races,Lynia,Clothing,1.1,359,2026-01-16T16:39:10.000+00:00,published,category_top20pct_item,https://www.nexusmods.com/baldursgate3/mods/20507,20507,20507
1,Woodland Dress,tepkunset,Armor,3,358,2026-04-17T18:24:50.000+00:00,published,"global_top3pct,category_top20pct_item,prolific_author",https://www.nexusmods.com/baldursgate3/mods/6867,6867,6867
1,Character Preset Framework (CPF),Volitio,Utilities,1.8.0,358,2026-06-06T17:58:29.000+00:00,published,"global_top3pct,category_top5pct,prolific_author",https://www.nexusmods.com/baldursgate3/mods/19805,19805,19805
1,Strangely Familiar Ring (New Item for The Dark Urge -- Based on Gortash's Gauntlets),weavebitch,Equipment,2,357,2024-12-15T11:22:56.000+00:00,published,category_top20pct_item,https://www.nexusmods.com/baldursgate3/mods/4530,4530,4530
1,Gold Chains and Priestess Armour,beanedsprout,Equipment,1.40,357,2025-04-20T23:26:14.000+00:00,published,category_top20pct_item,https://www.nexusmods.com/baldursgate3/mods/11723,11723,11723
1,Lovely Bloom Dress,Obscen1ty,Armor,1.0.2,356,2025-07-18T13:09:25.000+00:00,published,category_top20pct_item,https://www.nexusmods.com/baldursgate3/mods/15985,15985,15985
1,Actually Infernal Rapier,Exaen,Weapons,2.0.0.0,354,2025-10-16T05:35:44.000+00:00,published,category_top20pct_item,https://www.nexusmods.com/baldursgate3/mods/14369,14369,14369
1,Standalone Flat Vanilla Armors for TMTS,Lydia,Equipment,1.5,352,2024-06-08T13:56:07.000+00:00,published,category_top20pct_item,https://www.nexusmods.com/baldursgate3/mods/5867,5867,5867
1,More Wings for Flutter and Whimsy (Fairy Race),tepkunset,Miscellaneous,2.1,351,2025-01-23T20:45:57.000+00:00,published,prolific_author,https://www.nexusmods.com/baldursgate3/mods/7615,7615,7615
1,BG3 Mini Tool,Padme4000,Utilities,v1.0,350,2024-07-04T20:18:55.000+00:00,published,prolific_author,https://www.nexusmods.com/baldursgate3/mods/502,502,502
1,Rogue Tattoo,Dungeons and Souls,Character Customisation,1.0.0.14,350,2025-04-20T17:11:27.000+00:00,published,"category_top5pct,dependency_floor_10plus",https://www.nexusmods.com/baldursgate3/mods/15308,15308,15308
1,Raven Witch Feathered Dress Outfit,Lynia,Armor,1.0,350,2025-10-14T20:55:07.000+00:00,published,category_top20pct_item,https://www.nexusmods.com/baldursgate3/mods/19195,19195,19195
1,Difficulty Plus,MaskedRPGFan,Gameplay,3.0.0,349,2023-11-20T00:11:54.000+00:00,published,prolific_author,https://www.nexusmods.com/baldursgate3/mods/2515,2515,2515
1,P4 Blooming Circlets and Piercings - a Valentine Inspired Mod,Padme4000,Miscellaneous,1.0.0.1,349,2024-02-15T17:58:13.000+00:00,published,prolific_author,https://www.nexusmods.com/baldursgate3/mods/6745,6745,6745
1,5e Way of the Ascendant Dragon - Monk Subclass (Deprecated),Sumradagnoth,Classes,1.9.0.4,349,2024-11-28T00:03:10.000+00:00,published,prolific_author,https://www.nexusmods.com/baldursgate3/mods/10909,10909,10909
1,Song of The Night - The Nightsong Dress with Stockings,spek7re,Equipment,1.1.0.2,348,2025-07-01T06:05:17.000+00:00,published,category_top20pct_item,https://www.nexusmods.com/baldursgate3/mods/14204,14204,14204
1,Cuddle Astarion,RevolutionScribe,Gameplay,1.0.0.22,348,2025-11-09T15:15:48.000+00:00,published,category_top5pct,https://www.nexusmods.com/baldursgate3/mods/19432,19432,19432
1,Winter Maiden - Outfit Clothes Armor,Lynia,Clothing,1.0,348,2025-12-17T19:53:30.000+00:00,published,category_top20pct_item,https://www.nexusmods.com/baldursgate3/mods/20174,20174,20174
1,November Heads,Hearts,Character Customisation,1.2,347,2025-11-22T11:20:34.000+00:00,published,category_top5pct,https://www.nexusmods.com/baldursgate3/mods/19640,19640,19640
1,The Hunter Outfit By REN,REN,Equipment,1.0,346,2025-02-08T20:14:17.000+00:00,published,category_top20pct_item,https://www.nexusmods.com/baldursgate3/mods/14938,14938,14938
1,Thicc and Thin Bodies with Custom Outfits,Sindae,Visuals,1.0,345,2023-09-25T18:32:55.000+00:00,published,prolific_author,https://www.nexusmods.com/baldursgate3/mods/2185,2185,2185
1,AOE Cleaning Supplies,BitterPast,Miscellaneous,1.0.1,345,2024-02-06T17:12:02.000+00:00,published,prolific_author,https://www.nexusmods.com/baldursgate3/mods/6408,6408,6408
1,Justice For Nessa,Syrchalis,Companions,1.0.16,345,2025-06-26T00:11:11.000+00:00,published,prolific_author,https://www.nexusmods.com/baldursgate3/mods/16040,16040,16040
1,Non-VT Shader Fix (Correct blood and dirt display),deleted209684172,Utilities,1.0.0.0,345,2025-08-28T10:09:11.000+00:00,published,global_top3pct,https://www.nexusmods.com/baldursgate3/mods/18377,18377,18377
1,Blindsight,VitruvianGuar,Resources,1.0,344,2023-10-29T18:47:35.000+00:00,published,category_top5pct,https://www.nexusmods.com/baldursgate3/mods/3807,3807,3807
1,Tepkunset Armoury,tepkunset,Armor,1,344,2024-07-13T14:30:16.000+00:00,published,prolific_author,https://www.nexusmods.com/baldursgate3/mods/10917,10917,10917
1,Lunar Sorceress,TashaWeeds,Armor,1.0,343,2025-01-17T03:39:41.000+00:00,published,"category_top20pct_item,prolific_author",https://www.nexusmods.com/baldursgate3/mods/14678,14678,14678
1,Camp Robes,JonHinkerton,Equipment,1.0,342,2024-01-07T18:54:17.000+00:00,published,category_top20pct_item,https://www.nexusmods.com/baldursgate3/mods/5734,5734,5734
1,Elden Ring and Dark Souls Gear,TashaWeeds,Equipment,1.8,341,2024-12-03T10:54:12.000+00:00,published,"category_top20pct_item,prolific_author",https://www.nexusmods.com/baldursgate3/mods/11028,11028,11028
1,Reforged Assets - Dark Urge Dragonborn CC,AkELkA,Character Customisation,1.0.0.22,341,2025-11-10T17:22:53.000+00:00,published,"global_top3pct,category_top5pct",https://www.nexusmods.com/baldursgate3/mods/13313,13313,13313
1,Instruments of Darkness - Dark Cleric Armor - Shields - Gear,copperleaves,Armor,1.0.0.41,340,2025-12-25T07:29:18.000+00:00,published,category_top20pct_item,https://www.nexusmods.com/baldursgate3/mods/14875,14875,14875
1,Wretched Bloodline Sorcerer Subclass,havsglimt,Classes,1.0,339,2024-06-07T12:08:00.000+00:00,published,prolific_author,https://www.nexusmods.com/baldursgate3/mods/10139,10139,10139
1,Sorcerer Subclasses Combined - Scroll Learning,BitterPast,Classes,1.0.3,338,2025-05-12T22:21:01.000+00:00,published,"category_top5pct,prolific_author",https://www.nexusmods.com/baldursgate3/mods/3339,3339,3339
1,5e Way of the Long Death - Monk Subclass (Deprecated),Sumradagnoth,Classes,1.9.0.3,337,2024-11-27T22:55:51.000+00:00,published,prolific_author,https://www.nexusmods.com/baldursgate3/mods/9715,9715,9715
1,Combat Actions,LostSoulMan,Gameplay,1.20,336,2024-12-24T02:02:48.000+00:00,published,prolific_author,https://www.nexusmods.com/baldursgate3/mods/204,204,204
1,Green Knight Fighter Subclass,havsglimt,Classes,1.1,336,2024-06-12T10:08:29.000+00:00,published,prolific_author,https://www.nexusmods.com/baldursgate3/mods/10211,10211,10211
1,Slutty Closet MB1,Seira123,Armor,1.0,335,2024-10-23T21:38:54.000+00:00,published,category_top20pct_item,https://www.nexusmods.com/baldursgate3/mods/10102,10102,10102
1,Avariel Elf Race By Ren,Ren,Races,1.0,334,2023-10-27T21:09:41.000+00:00,published,prolific_author,https://www.nexusmods.com/baldursgate3/mods/3680,3680,3680
1,Meadow (Tav Voice) Point and Click,enjuliet,Audio,1.0.0.0,334,2025-01-23T21:33:19.000+00:00,published,category_top5pct,https://www.nexusmods.com/baldursgate3/mods/13613,13613,13613
1,UA6 Invoke Duplicity,wesslen,Classes,1.4.4,333,2026-04-23T17:22:24.000+00:00,published,prolific_author,https://www.nexusmods.com/baldursgate3/mods/5311,5311,5311
1,The Gilded Blade - Horn Decorations for Wyll,preciouslittle-bhaalbabe,Accessories,1.0,333,2025-06-02T16:10:23.000+00:00,published,category_top20pct_item,https://www.nexusmods.com/baldursgate3/mods/16975,16975,16975
1,JWL Sceleritas Fel's Coffers of Forlorn Treasures (Lootboxes),Jewels,Equipment,1.2.1.0,332,2024-04-17T02:39:15.000+00:00,published,category_top20pct_item,https://www.nexusmods.com/baldursgate3/mods/7938,7938,7938
1,Character Appearance Editor (Charactery Character Editory Editor) (CCEE) WIP,rakor,Character Customisation,1.0.11-Pre-BC-alpha,332,2025-12-27T23:43:36.000+00:00,published,"global_top3pct,category_top5pct,dependency_floor_10plus",https://www.nexusmods.com/baldursgate3/mods/17123,17123,17123
1,Camp Robes for Gale,Sparrow,Equipment,1.0,331,2023-12-12T14:35:54.000+00:00,published,category_top20pct_item,https://www.nexusmods.com/baldursgate3/mods/5072,5072,5072
1,Feline Starter Pack - Colourable Cat Tails and Ears,Laruses,Character Customisation,2.2.0,331,2026-06-07T21:39:30.000+00:00,published,"global_top3pct,category_top5pct",https://www.nexusmods.com/baldursgate3/mods/11931,11931,11931
1,Tav with a Backstory - Heavy Scarring Options,Astralities,Character Customisation,1.1,331,2025-05-30T02:43:59.000+00:00,published,prolific_author,https://www.nexusmods.com/baldursgate3/mods/16782,16782,16782
1,Sacred Chapter,Askew,Armor,1.0.0,330,2026-02-04T23:26:57.000+00:00,published,category_top20pct_item,https://www.nexusmods.com/baldursgate3/mods/19716,19716,19716
1,Bite Nights - Astarion Actually Bites You,RevolutionScribe,Gameplay,1.0.0.12,330,2026-02-22T12:34:42.000+00:00,published,category_top5pct,https://www.nexusmods.com/baldursgate3/mods/20078,20078,20078
1,Goggles and Glasses Collection,Lord Cobra,Accessories,1.0,329,2025-03-05T20:28:59.000+00:00,published,category_top20pct_item,https://www.nexusmods.com/baldursgate3/mods/15218,15218,15218
1,Oath of Glory - Paladin Subclass,BigGreenMako,Classes,1.0,328,2023-10-18T21:58:13.000+00:00,published,dependency_closure_inherited,https://www.nexusmods.com/baldursgate3/mods/3413,3413,3413
1,The Huntress Outfit By REN,REN,Equipment,1.0,328,2024-07-04T21:31:04.000+00:00,published,category_top20pct_item,https://www.nexusmods.com/baldursgate3/mods/10746,10746,10746
1,Lydia's Heads - Servants of the Raven Queen (Shadar-kai),Lydia,Character Customisation,1.4,328,2025-03-27T21:01:58.000+00:00,published,dependency_closure_inherited,https://www.nexusmods.com/baldursgate3/mods/11450,11450,11450
1,Sword Dancers of Eilistraee,zx10r,Classes,2.5.2,328,2026-05-24T22:22:23.000+00:00,published,category_top5pct,https://www.nexusmods.com/baldursgate3/mods/17055,17055,17055
1,Zethino Love Test Buff Fix,Magnetuning,Gameplay,1.0.1.0,327,2026-05-08T02:35:07.000+00:00,published,"global_top3pct,category_top5pct",https://www.nexusmods.com/baldursgate3/mods/19530,19530,19530
1,Female Dragonborn Reshaped,Ginsekami,Character Customisation,RGv07,326,2025-02-12T04:21:18.000+00:00,published,dependency_closure_inherited,https://www.nexusmods.com/baldursgate3/mods/12864,12864,12864
1,Virgin Killer Dress,baeator,Clothing,1.2.0,325,2026-04-02T14:31:44.000+00:00,published,category_top20pct_item,https://www.nexusmods.com/baldursgate3/mods/15381,15381,15381
1,Colorizer - Makeup and Tattoo Color Organizer,Astralities,Character Customisation,1.0,324,2025-05-18T02:21:50.000+00:00,published,prolific_author,https://www.nexusmods.com/baldursgate3/mods/16656,16656,16656
1,Feywild Dice,EllieGreenArt,Dice,1.0.1,323,2024-09-05T18:14:08.000+00:00,published,category_top5pct,https://www.nexusmods.com/baldursgate3/mods/9013,9013,9013
1,Loose hairstyle for Shadowheart,bububull,Character Customisation,1,322,2024-10-23T08:11:33.000+00:00,published,prolific_author,https://www.nexusmods.com/baldursgate3/mods/4220,4220,4220
1,Parrying Weapons,wesslen,Weapons,1.4.2,321,2024-01-26T14:12:03.000+00:00,published,"category_top20pct_item,prolific_author",https://www.nexusmods.com/baldursgate3/mods/496,496,496
1,Phalar Aluve Replacer by FoxHead,Foxhead,Weapons,1.0,321,2025-05-07T22:11:21.000+00:00,published,category_top20pct_item,https://www.nexusmods.com/baldursgate3/mods/16416,16416,16416
1,Tara Evolved,Exaen,Companions,2.0.3.0,321,2026-02-19T20:45:22.000+00:00,published,category_top5pct,https://www.nexusmods.com/baldursgate3/mods/18040,18040,18040
1,Mazzle's EZ-Documentation (MazzleDocs),Mazzle,User Interface,2.4.2,321,2026-05-09T16:24:05.000+00:00,published,"global_top3pct,category_top5pct",https://www.nexusmods.com/baldursgate3/mods/18883,18883,18883
1,The Jiggle Is Up,TitaniaMods,Miscellaneous,1.1,320,2025-11-11T23:39:58.000+00:00,published,category_top5pct,https://www.nexusmods.com/baldursgate3/mods/19543,19543,19543
1,Mirror Image (2014 and 2024),wesslen,Spells,4.0.1,319,2025-09-06T18:56:22.000+00:00,published,"category_top5pct,prolific_author",https://www.nexusmods.com/baldursgate3/mods/491,491,491
1,Loviatar's Love Potion - Item Shipment Framework,Belinn,Gameplay,2.0,319,2024-04-13T22:25:55.000+00:00,published,prolific_author,https://www.nexusmods.com/baldursgate3/mods/3077,3077,3077
1,Equipment Slots,rakor,Utilities,1.4.3,319,2026-05-17T15:53:05.000+00:00,published,global_top3pct,https://www.nexusmods.com/baldursgate3/mods/19642,19642,19642
1,Master Class,Neclomant,Classes,2.0.0,318,2025-06-05T22:42:47.000+00:00,published,category_top5pct,https://www.nexusmods.com/baldursgate3/mods/1945,1945,1945
1,Clemency - Legendary Longsword (Rev. 3.5),fawert,Weapons,3.6,317,2024-04-03T18:55:49.000+00:00,published,category_top20pct_item,https://www.nexusmods.com/baldursgate3/mods/3037,3037,3037
1,Weapons Oils,kharneth,Utilities,1.1,317,2024-02-20T12:53:06.000+00:00,published,prolific_author,https://www.nexusmods.com/baldursgate3/mods/6265,6265,6265
1,Easy Toggle Tutorial Chest Summon,kharneth,Utilities,1.1,317,2024-09-27T06:44:51.000+00:00,published,prolific_author,https://www.nexusmods.com/baldursgate3/mods/12149,12149,12149
1,Feats Overhaul,Cahoot and Ajax,Gameplay,1.5.10,317,2026-06-07T21:27:37.000+00:00,published,"global_top3pct,category_top5pct",https://www.nexusmods.com/baldursgate3/mods/15044,15044,15044
1,Better Photo Mode,Volitio,Photo Mode,1.0.1,317,2025-04-19T15:19:27.000+00:00,published,prolific_author,https://www.nexusmods.com/baldursgate3/mods/15831,15831,15831
1,Brawl - Real Time Combat - Swarm Mode - Random Enemy Encounters,tinybike,Gameplay,2.1.5,316,2026-05-09T22:40:43.000+00:00,published,"global_top3pct,category_top5pct",https://www.nexusmods.com/baldursgate3/mods/12614,12614,12614
1,More Helmets,Cerberry,Equipment,1.0,315,2023-12-08T14:20:32.000+00:00,published,prolific_author,https://www.nexusmods.com/baldursgate3/mods/4952,4952,4952
1,Slayer Assets - Dark Urge Dragonborn CC,AkELkA,Character Customisation,1.0.0.13,315,2025-11-30T23:44:41.000+00:00,published,"global_top3pct,category_top5pct",https://www.nexusmods.com/baldursgate3/mods/13525,13525,13525
1,Valuable Gemstones,BitterPast,Miscellaneous,1.0.2,314,2024-02-14T12:37:03.000+00:00,published,prolific_author,https://www.nexusmods.com/baldursgate3/mods/5963,5963,5963
1,LaserLlama Shaman Class,SkyeBorne,Classes,1.11,314,2024-08-07T19:25:38.000+00:00,published,dependency_closure_inherited,https://www.nexusmods.com/baldursgate3/mods/6081,6081,6081
1,Moonlit Circlet,beaned_sprout,Accessories,1.2,314,2025-10-25T17:59:11.000+00:00,published,"global_top3pct,category_top20pct_item",https://www.nexusmods.com/baldursgate3/mods/16136,16136,16136
1,Massive Mammaries,Sindae,Character Customisation,1.1,313,2024-02-04T03:11:03.000+00:00,published,prolific_author,https://www.nexusmods.com/baldursgate3/mods/5421,5421,5421
1,Yield to Temptation - Tutorial Chest Anti-Cheat,Syrchalis,Miscellaneous,1.0.0,312,2023-12-06T13:57:01.000+00:00,published,prolific_author,https://www.nexusmods.com/baldursgate3/mods/4913,4913,4913
1,Dawnstar's Necromancy Spells,Dawnstar,Spells,1.0.0.17,312,2025-08-16T08:47:35.000+00:00,published,category_top5pct,https://www.nexusmods.com/baldursgate3/mods/18163,18163,18163
1,Hemomancer Armor,Ayuro,Clothing,1.2,312,2026-01-17T11:58:41.000+00:00,published,"global_top3pct,category_top20pct_item",https://www.nexusmods.com/baldursgate3/mods/20097,20097,20097
1,Detect Thoughts For All,Aether,Spells,1.0,311,2023-10-10T01:30:21.000+00:00,published,prolific_author,https://www.nexusmods.com/baldursgate3/mods/3129,3129,3129
1,Gale's High Hall Kiss Fix,Cerberry,Gameplay,1.0,311,2024-05-25T18:03:50.000+00:00,published,prolific_author,https://www.nexusmods.com/baldursgate3/mods/9823,9823,9823
1,Ultimate NPC Stat Overhaul (UNSO),Baldursgoonsack and Cahoot,Gameplay,3.1.0.0,311,2026-06-21T05:55:44.000+00:00,published,"global_top3pct,category_top5pct",https://www.nexusmods.com/baldursgate3/mods/15535,15535,15535
1,Tiny Tits (Deprecated),Sindae,Character Customisation,1.0,309,2023-10-05T16:09:49.000+00:00,published,prolific_author,https://www.nexusmods.com/baldursgate3/mods/1773,1773,1773
1,Enhanced Leap AoE,Loktide,Gameplay,1.0,308,2023-08-11T04:04:01.000+00:00,published,prolific_author,https://www.nexusmods.com/baldursgate3/mods/653,653,653
1,Guts Armor Sets,hijimare,Equipment,1.1,308,2024-06-29T23:30:06.000+00:00,published,"category_top20pct_item,prolific_author",https://www.nexusmods.com/baldursgate3/mods/10643,10643,10643
1,Beautiful Strong Bodies,Sindae,Visuals,1.3a,306,2026-02-09T04:07:31.000+00:00,published,"global_top3pct,category_top5pct,prolific_author",https://www.nexusmods.com/baldursgate3/mods/19830,19830,19830
1,Aeterna Amantes,almasy87,Equipment,1.2,305,2025-04-27T01:18:49.000+00:00,published,category_top20pct_item,https://www.nexusmods.com/baldursgate3/mods/5219,5219,5219
1,Sorrow and Silk Pose Pack,theladyofloss,Photo Mode,V1,304,2025-08-10T08:39:41.000+00:00,published,category_top5pct,https://www.nexusmods.com/baldursgate3/mods/18053,18053,18053
1,5e Way of the Sun Soul - Monk Subclass (Deprecated),Sumradagnoth,Classes,1.9.0.1,303,2024-11-28T17:52:16.000+00:00,published,prolific_author,https://www.nexusmods.com/baldursgate3/mods/10606,10606,10606
1,Lich Feats,Sailor Cat,Gameplay,1.01.16,303,2026-04-22T16:38:28.000+00:00,published,category_top5pct,https://www.nexusmods.com/baldursgate3/mods/13540,13540,13540
1,Jewelcrafting with JWL Crafting Framework,Belinn,Gameplay,2.0,302,2023-10-13T19:18:44.000+00:00,published,prolific_author,https://www.nexusmods.com/baldursgate3/mods/2734,2734,2734
1,Customizable XP Rewards - Monsters Combat Progress Background goals etc,MaskedRPGFan,Miscellaneous,1.1.1,302,2023-12-11T13:31:41.000+00:00,published,prolific_author,https://www.nexusmods.com/baldursgate3/mods/2863,2863,2863
1,Select your Statuses,SFR,Gameplay,3.2.8.16,301,2026-05-12T15:50:08.000+00:00,published,"global_top3pct,category_top5pct",https://www.nexusmods.com/baldursgate3/mods/5209,5209,5209
1,Fade's Camp Chest,GraphicFade,Equipment,1.0.0.3,301,2026-01-22T23:27:20.000+00:00,published,"global_top3pct,category_top20pct_item",https://www.nexusmods.com/baldursgate3/mods/15577,15577,15577
1,Spells Enhanced - Protection From Evil And Good,MaskedRPGFan,Spells,3.0.0,300,2023-10-31T22:19:49.000+00:00,published,prolific_author,https://www.nexusmods.com/baldursgate3/mods/850,850,850
1,Lightning Charges - Feat,BitterPast,Gameplay,1.0.3,300,2024-01-26T11:29:26.000+00:00,published,prolific_author,https://www.nexusmods.com/baldursgate3/mods/6006,6006,6006
1,Spellfire - Raw Magic Cantrip,Laruses,Spells,2.1.0,299,2024-10-04T20:04:05.000+00:00,published,dependency_closure_inherited,https://www.nexusmods.com/baldursgate3/mods/3317,3317,3317
1,Proficiency Potions,kharneth,Utilities,1.0,299,2024-01-24T19:19:15.000+00:00,published,prolific_author,https://www.nexusmods.com/baldursgate3/mods/6176,6176,6176
1,5e Dodge Action,Pi314,Spells,1.1.0,298,2025-02-14T00:04:18.000+00:00,published,category_top5pct,https://www.nexusmods.com/baldursgate3/mods/1513,1513,1513
1,Moonglasses - BG3 Extended Toolkit,MoonGlasses Team,Utilities,1.1,298,2026-02-23T19:19:15.000+00:00,published,"global_top3pct,category_top5pct",https://www.nexusmods.com/baldursgate3/mods/12308,12308,12308
1,Birthsigns of Faerun,Siael,Gameplay,1.27,298,2026-06-21T23:22:52.000+00:00,published,"global_top3pct,category_top5pct",https://www.nexusmods.com/baldursgate3/mods/15227,15227,15227
1,Haarlep Unleashed 2 - BG3SX Edition,MegaMatt8,Gameplay,4.0.0.0,296,2026-05-30T15:30:48.000+00:00,published,category_top5pct,https://www.nexusmods.com/baldursgate3/mods/17273,17273,17273
1,Move and Rotate Anything (now with UI),DemonG,Miscellaneous,1.10.1,295,2024-10-29T17:39:05.000+00:00,published,"category_top5pct,dependency_floor_10plus",https://www.nexusmods.com/baldursgate3/mods/4248,4248,4248
1,5e Way of the Kensei - Monk Subclass (Deprecated),Sumradagnoth,Classes,1.9.1.0,295,2024-10-08T21:27:24.000+00:00,published,prolific_author,https://www.nexusmods.com/baldursgate3/mods/11748,11748,11748
1,Increase Movement Speed,BitterPast,Gameplay,1.0.1,293,2024-02-02T11:28:26.000+00:00,published,prolific_author,https://www.nexusmods.com/baldursgate3/mods/5510,5510,5510
1,Booming Blade BUGFIX,ChizFreak,Gameplay,3.0.1,292,2026-05-17T13:46:05.000+00:00,published,category_top5pct,https://www.nexusmods.com/baldursgate3/mods/15879,15879,15879
1,Halsin's Salon,Padme4000,Character Customisation,2.0.0.0,291,2025-11-27T14:15:47.000+00:00,published,"category_top5pct,prolific_author",https://www.nexusmods.com/baldursgate3/mods/2481,2481,2481
1,Useful Music Instruments and Deekin Scalesinger,blackninjato2,Equipment,2.8,291,2025-08-18T09:10:38.000+00:00,published,category_top20pct_item,https://www.nexusmods.com/baldursgate3/mods/3933,3933,3933
1,Passive Ability Increase Feat,Elmvick,Gameplay,1.0,291,2025-04-21T06:58:01.000+00:00,published,category_top5pct,https://www.nexusmods.com/baldursgate3/mods/4471,4471,4471
1,Big Jiggly Girl Cock,Sindae,Character Customisation,1.1,291,2023-12-09T19:47:04.000+00:00,published,prolific_author,https://www.nexusmods.com/baldursgate3/mods/4991,4991,4991
1,Faerunian Carnival,almasy87,Equipment,1.2,291,2025-09-20T16:52:32.000+00:00,published,category_top20pct_item,https://www.nexusmods.com/baldursgate3/mods/7292,7292,7292
1,Death Domain - Cleric Subclass,xarara,Classes,5.03,291,2026-01-29T05:29:10.000+00:00,published,"global_top3pct,category_top5pct",https://www.nexusmods.com/baldursgate3/mods/9790,9790,9790
1,Long Rest Feather Fall,Loktide,Gameplay,1.0,290,2023-08-10T02:20:21.000+00:00,published,prolific_author,https://www.nexusmods.com/baldursgate3/mods/731,731,731
1,Valkrana's Skeletal Challenge - Difficulty Mod,Sailor Cat,Gameplay,2.01.01,290,2026-02-17T04:33:39.000+00:00,published,"global_top3pct,category_top5pct",https://www.nexusmods.com/baldursgate3/mods/5920,5920,5920
1,Origin-Themed Ranged Weapons,koboldJuno,Equipment,1.2.0.0,290,2026-04-20T12:25:39.000+00:00,published,category_top20pct_item,https://www.nexusmods.com/baldursgate3/mods/11550,11550,11550
1,Night With Drow (Minthara Romance Alternative),Noaone,Miscellaneous,1.0.0.0,289,2026-03-21T03:06:51.000+00:00,published,category_top5pct,https://www.nexusmods.com/baldursgate3/mods/16213,16213,16213
1,Gods Lazers. Ranged Weapons Pack,PavloGarmata,Equipment,1.0,287,2023-12-14T17:49:45.000+00:00,published,category_top20pct_item,https://www.nexusmods.com/baldursgate3/mods/5131,5131,5131
1,Radiant Threads,arideyya,Clothing,1.0,287,2026-01-09T12:28:06.000+00:00,published,"global_top3pct,category_top20pct_item",https://www.nexusmods.com/baldursgate3/mods/20546,20546,20546
1,Spells Enhanced - Create or Destroy Water,MaskedRPGFan,Spells,1.1.0,286,2023-11-28T05:52:39.000+00:00,published,prolific_author,https://www.nexusmods.com/baldursgate3/mods/3053,3053,3053
1,Fey Wanderer - Ranger Subclass,Nitreaux,Classes,1.0.0,285,2023-11-11T18:31:08.000+00:00,published,dependency_closure_inherited,https://www.nexusmods.com/baldursgate3/mods/3710,3710,3710
1,Vespena Armor,Ayuro,Clothing,1.0,285,2026-01-03T23:11:35.000+00:00,published,category_top20pct_item,https://www.nexusmods.com/baldursgate3/mods/20239,20239,20239
1,Acheron - Clothing and Light Armor,onyx,Armor,1.0.0.3,285,2026-05-16T12:56:49.000+00:00,published,"global_top3pct,category_top20pct_item",https://www.nexusmods.com/baldursgate3/mods/21776,21776,21776
1,Wearable Quiver Full Release,Code5Y,Equipment,1.3,283,2023-09-04T22:07:19.000+00:00,published,dependency_closure_inherited,https://www.nexusmods.com/baldursgate3/mods/1191,1191,1191
1,Izzli's Altered Dyes,Izzli,Equipment,1.0.0,283,2024-09-28T03:30:36.000+00:00,published,category_top20pct_item,https://www.nexusmods.com/baldursgate3/mods/12590,12590,12590
1,Gear Unleashed - Sussur Weapons - Vision of the Absolute - Shadow Blade - Scimitars,Mharius,Equipment,3.30-P7,281,2024-09-11T19:49:53.000+00:00,published,prolific_author,https://www.nexusmods.com/baldursgate3/mods/1137,1137,1137
1,Superius Armour,Obscen1ty,Armor,1.0.4,281,2025-08-03T18:56:19.000+00:00,published,category_top20pct_item,https://www.nexusmods.com/baldursgate3/mods/15568,15568,15568
1,REN's Alucard Hair And Head,Ren,Character Customisation,1.0,279,2023-12-08T16:21:06.000+00:00,published,prolific_author,https://www.nexusmods.com/baldursgate3/mods/4976,4976,4976
1,Lace Up Dress,baeator,Equipment,1.1.1,279,2025-09-01T15:32:21.000+00:00,published,category_top20pct_item,https://www.nexusmods.com/baldursgate3/mods/18218,18218,18218
1,Ember's Wardrobe,Ariefel,Armor,v1.3.0.0,276,2026-06-07T23:53:19.000+00:00,published,"global_top3pct,category_top20pct_item",https://www.nexusmods.com/baldursgate3/mods/19081,19081,19081
1,CHAR's Barbie Head,char,Character Customisation,1.1,276,2026-01-23T11:57:03.000+00:00,published,category_top5pct,https://www.nexusmods.com/baldursgate3/mods/20129,20129,20129
1,Porcelain Masks,Lynia,Accessories,1.0,275,2025-03-31T15:18:41.000+00:00,published,category_top20pct_item,https://www.nexusmods.com/baldursgate3/mods/15563,15563,15563
1,Invocations Expanded - Patch 8 Update,WinterBrick,Classes,1.6,274,2026-04-08T13:17:09.000+00:00,published,category_top5pct,https://www.nexusmods.com/baldursgate3/mods/15872,15872,15872
1,Buy Your Starting Equipment (BYSE),LostSoulMan,Character Customisation,1.14,273,2025-06-14T07:43:26.000+00:00,published,prolific_author,https://www.nexusmods.com/baldursgate3/mods/499,499,499
1,Frostborn - Cold Feat,BitterPast,Gameplay,1.0.1,273,2024-01-19T14:09:35.000+00:00,published,prolific_author,https://www.nexusmods.com/baldursgate3/mods/6026,6026,6026
1,Moonblade Of Selune,Foxhead,Weapons,1.0.0.27,273,2025-01-12T00:35:17.000+00:00,published,category_top20pct_item,https://www.nexusmods.com/baldursgate3/mods/14616,14616,14616
1,Spells Enhanced - True Strike,MaskedRPGFan,Spells,2.0.0,272,2023-12-19T18:09:52.000+00:00,published,prolific_author,https://www.nexusmods.com/baldursgate3/mods/979,979,979
1,Armoury - Equipment of the Absolute's Harbingers,TrueSoulNatasha,Armor,1.0.0.3,272,2024-10-08T19:14:44.000+00:00,published,category_top20pct_item,https://www.nexusmods.com/baldursgate3/mods/4299,4299,4299
1,Sam's Gloomstalker Gear,Samerrah,Armor,1.0.1.0,272,2025-06-04T18:10:04.000+00:00,published,category_top20pct_item,https://www.nexusmods.com/baldursgate3/mods/16997,16997,16997
1,Unique Gear - Balduran's Giantslayer,MaskedRPGFan,Equipment,2.0.0,271,2024-05-15T00:31:39.000+00:00,published,prolific_author,https://www.nexusmods.com/baldursgate3/mods/1121,1121,1121
1,Chosen One - ASI Feat,BitterPast,Gameplay,1.0.0,271,2024-01-02T22:01:33.000+00:00,published,prolific_author,https://www.nexusmods.com/baldursgate3/mods/4429,4429,4429
1,Drow Leather Boots for Minthara,Belinn,Equipment,1.0,270,2023-09-06T11:15:22.000+00:00,published,prolific_author,https://www.nexusmods.com/baldursgate3/mods/1916,1916,1916
1,Agrippina's Armour,beaned_sprout,Armor,1.0,269,2025-06-03T00:47:16.000+00:00,published,category_top20pct_item,https://www.nexusmods.com/baldursgate3/mods/16969,16969,16969
1,Scratch Evolved,Exaen,Companions,1.2.4.0,269,2026-06-15T17:41:41.000+00:00,published,"global_top3pct,category_top5pct",https://www.nexusmods.com/baldursgate3/mods/18260,18260,18260
1,Zerd's Rules As Written (RAW),Zerd,Gameplay,5.2.0.0,268,2025-08-13T01:17:05.000+00:00,published,category_top5pct,https://www.nexusmods.com/baldursgate3/mods/1329,1329,1329
1,Awakened Spear of Shar,Siael,Weapons,1.0,267,2024-11-25T18:44:38.000+00:00,published,category_top20pct_item,https://www.nexusmods.com/baldursgate3/mods/13833,13833,13833
1,Origin-Themed Headwear,koboldJuno,Equipment,1.0,266,2024-09-15T14:49:18.000+00:00,published,category_top20pct_item,https://www.nexusmods.com/baldursgate3/mods/12208,12208,12208
1,Maiden Of The Night - Selune Selunite Outfits,commanderstrawberry,Armor,1,266,2025-11-24T11:05:40.000+00:00,published,"global_top3pct,category_top20pct_item,prolific_author",https://www.nexusmods.com/baldursgate3/mods/19219,19219,19219
1,Spells Enhanced - Resistance,MaskedRPGFan,Spells,2.0.0,265,2023-10-17T04:28:07.000+00:00,published,prolific_author,https://www.nexusmods.com/baldursgate3/mods/908,908,908
1,Vestiges of Divergence - Critical Role Collection,Androbo7,Equipment,1.2.8.0,265,2025-07-22T19:58:20.000+00:00,published,category_top20pct_item,https://www.nexusmods.com/baldursgate3/mods/8653,8653,8653
1,Bardic Finery,tepkunset,Armor,1.3,265,2025-04-30T20:05:54.000+00:00,published,prolific_author,https://www.nexusmods.com/baldursgate3/mods/11247,11247,11247
1,5e Path of the Ancestral Guardian - Barbarian Subclasss (Deprecated),Sumradagnoth,Classes,1.9.0.3,265,2024-11-13T19:37:49.000+00:00,published,prolific_author,https://www.nexusmods.com/baldursgate3/mods/11267,11267,11267
1,Arcane Jinx Hairstyle,Lokplart-KraytClaw,Character Customisation,1.0.0.2,265,2025-03-29T13:34:49.000+00:00,published,dependency_closure_inherited,https://www.nexusmods.com/baldursgate3/mods/13402,13402,13402
1,Spells Enhanced - Bardic Inspiration,MaskedRPGFan,Spells,1.0.0,264,2023-12-27T07:19:03.000+00:00,published,prolific_author,https://www.nexusmods.com/baldursgate3/mods/3405,3405,3405
1,Pretty Particles (spawn VFX and Character Blood Sweat Dirt and more for Photo Mode),Scar,Visuals,1.0.0.195,264,2026-05-29T18:21:02.000+00:00,published,category_top5pct,https://www.nexusmods.com/baldursgate3/mods/14474,14474,14474
1,Luna and Umbra,arideyya,Clothing,1.0,264,2025-10-26T14:29:18.000+00:00,published,category_top20pct_item,https://www.nexusmods.com/baldursgate3/mods/19319,19319,19319
1,Non-Lethal Ranged Attacks and Spells,havsglimt,Gameplay,1.0,263,2024-06-03T15:34:11.000+00:00,published,prolific_author,https://www.nexusmods.com/baldursgate3/mods/9977,9977,9977
1,Wasteland Weaponry - Barbarian Armory Patch (Body Type 3),hijimare,Equipment,1.2,263,2024-09-12T17:10:29.000+00:00,published,prolific_author,https://www.nexusmods.com/baldursgate3/mods/11637,11637,11637
1,Absolute's Laboratory - NPC and Combat Inspector and Mutator,Osirisofinternet,Utilities,1.12.0,261,2026-06-21T17:23:04.000+00:00,published,"global_top3pct,category_top5pct",https://www.nexusmods.com/baldursgate3/mods/16217,16217,16217
1,The underdark's Songbird armor,bububull,Armor,1.0,261,2025-07-26T18:39:59.000+00:00,published,"category_top20pct_item,prolific_author",https://www.nexusmods.com/baldursgate3/mods/17805,17805,17805
1,Wizard Subclasses Combined - No Spell Prep,BitterPast,Classes,1.0.3,260,2025-05-26T11:19:28.000+00:00,published,prolific_author,https://www.nexusmods.com/baldursgate3/mods/3342,3342,3342
1,Faerun Fashionistas Mega Pose Pack,Faerun Fashionistas,Photo Mode,1.0.0.54,260,2026-06-13T00:19:31.000+00:00,published,"global_top3pct,category_top5pct",https://www.nexusmods.com/baldursgate3/mods/19829,19829,19829
1,Lightbringer - Radiant Feat,BitterPast,Gameplay,1.0.0,259,2024-01-26T14:01:53.000+00:00,published,prolific_author,https://www.nexusmods.com/baldursgate3/mods/6033,6033,6033
1,Sample Magic Ring Mod,AnteMaxx,Miscellaneous,1.0,258,2023-08-20T16:06:36.000+00:00,published,prolific_author,https://www.nexusmods.com/baldursgate3/mods/278,278,278
1,Seductive leather armor,bububull,Armor,1.0,258,2025-07-03T20:07:28.000+00:00,published,"category_top20pct_item,prolific_author",https://www.nexusmods.com/baldursgate3/mods/17339,17339,17339
1,Shadowheart's Camp Circlet,AnteMaxx,Equipment,1.0,257,2023-08-17T16:02:23.000+00:00,published,prolific_author,https://www.nexusmods.com/baldursgate3/mods/1066,1066,1066
1,Stormwhisper - Thunder Feat,BitterPast,Gameplay,1.0.1,257,2024-01-26T14:03:40.000+00:00,published,prolific_author,https://www.nexusmods.com/baldursgate3/mods/6030,6030,6030
1,Custom Dice in Passive Rolls,Caites,User Interface,1.0.6,257,2025-04-16T11:44:31.000+00:00,published,prolific_author,https://www.nexusmods.com/baldursgate3/mods/11378,11378,11378
1,Drowned in Moonlight - Sword Dancer of Eilistraee Armor - Weapon,copperleaves,Armor,1.0.0.3,257,2025-07-20T23:04:12.000+00:00,published,category_top20pct_item,https://www.nexusmods.com/baldursgate3/mods/17448,17448,17448
1,Scrounger homebrew class,KuaiBan,Classes,8.1,256,2026-06-25T22:31:30.000+00:00,published,"global_top3pct,category_top5pct",https://www.nexusmods.com/baldursgate3/mods/4153,4153,4153
1,Witch Bolt Enhanced,MaskedRPGFan,Spells,1.0.0,255,2023-08-19T19:31:04.000+00:00,published,prolific_author,https://www.nexusmods.com/baldursgate3/mods/1056,1056,1056
1,UA8 Healing Buffs,wesslen,Spells,1.0.0.1,255,2024-01-21T07:38:50.000+00:00,published,prolific_author,https://www.nexusmods.com/baldursgate3/mods/5248,5248,5248
1,Bath Before Bed (Clean Camp Nights),Kelocena,Gameplay,1.0.0,255,2026-02-21T22:47:22.000+00:00,published,category_top5pct,https://www.nexusmods.com/baldursgate3/mods/17157,17157,17157
1,Death's Herald Outfit,Lynia,Armor,1.0,255,2025-09-13T21:20:21.000+00:00,published,category_top20pct_item,https://www.nexusmods.com/baldursgate3/mods/18633,18633,18633
1,Returning Weapon QOL,Ninjoma,Weapons,1.0.1.1,254,2025-05-09T22:30:33.000+00:00,published,category_top20pct_item,https://www.nexusmods.com/baldursgate3/mods/14877,14877,14877
1,Aether's Useful Daggers,Aether,Equipment,1.0,252,2023-12-24T02:27:13.000+00:00,published,prolific_author,https://www.nexusmods.com/baldursgate3/mods/5352,5352,5352
1,BC's Necklaces,beanedsprout,Equipment,1.0,252,2025-02-01T21:10:24.000+00:00,published,category_top20pct_item,https://www.nexusmods.com/baldursgate3/mods/12198,12198,12198
1,The Treasure Trove - Weapons and Equipment,Greyspectre,Equipment,1.17,252,2025-04-15T20:09:32.000+00:00,published,category_top20pct_item,https://www.nexusmods.com/baldursgate3/mods/12332,12332,12332
1,Curvy Cute and Sexy Outfits,Sindae,Clothing,1.0a,251,2025-04-10T00:34:19.000+00:00,published,prolific_author,https://www.nexusmods.com/baldursgate3/mods/15430,15430,15430
1,The House of Hope Couture - Raphael Korrilla and Yurgir outfits,Nikjima,Armor,1.1.0.145,250,2025-10-13T21:49:39.000+00:00,published,category_top20pct_item,https://www.nexusmods.com/baldursgate3/mods/14033,14033,14033
1,Hunting Gear - 6 outfits for BT1 and BT3,cloudie,Clothing,1.0.0.7,250,2026-01-11T03:39:54.000+00:00,published,category_top20pct_item,https://www.nexusmods.com/baldursgate3/mods/18464,18464,18464
1,Ghoul Touch Weaponry - Necrotic Weapons,AzazeL koboldJuno,Weapons,2.0.1,249,2025-06-14T07:27:53.000+00:00,published,category_top20pct_item,https://www.nexusmods.com/baldursgate3/mods/15659,15659,15659
1,Wyll's Better Starting Gear by AzazeL (V 2.0 Major Update),AzazeL,Armor,2.0,249,2025-12-31T11:30:02.000+00:00,published,category_top20pct_item,https://www.nexusmods.com/baldursgate3/mods/20191,20191,20191
1,Battle Master Maneuver Fixes,drkekyll,Gameplay,2.1.5.1,248,2025-09-27T06:05:39.000+00:00,published,category_top5pct,https://www.nexusmods.com/baldursgate3/mods/1257,1257,1257
1,Physics Repair Patch for Aphrodite Outfit (Patch 7),ashgray9119,Equipment,1.0.0,248,2024-11-25T11:07:05.000+00:00,published,category_top20pct_item,https://www.nexusmods.com/baldursgate3/mods/13972,13972,13972
1,Simple Circlets,Lynia,Equipment,1.0,248,2025-04-06T12:54:34.000+00:00,published,category_top20pct_item,https://www.nexusmods.com/baldursgate3/mods/15638,15638,15638
1,Astarion Epilogue Outfit Tweak,Belinn,Equipment,1.1,246,2023-12-29T22:19:31.000+00:00,published,prolific_author,https://www.nexusmods.com/baldursgate3/mods/5026,5026,5026
1,Infinite Camp Supplies - Item Shipment Framework,Aether,Gameplay,1.0,246,2024-04-13T16:01:52.000+00:00,published,prolific_author,https://www.nexusmods.com/baldursgate3/mods/8635,8635,8635
1,DnD 5R - Eldritch Knight - War Magic and Improved War Magic PHB 2024,ChizFreak and Argelia,Classes,5.0.0,246,2026-05-10T16:43:31.000+00:00,published,"global_top3pct,category_top5pct",https://www.nexusmods.com/baldursgate3/mods/12070,12070,12070
1,NPC Redesign -  Zhentarim Hideout by AzazeL,AzazeL,Visuals,1.2,246,2026-04-17T21:50:06.000+00:00,published,category_top5pct,https://www.nexusmods.com/baldursgate3/mods/19570,19570,19570
1,Bloody Demonic Equipment - Reimagined,PavloGarmata,Equipment,2.0,245,2024-03-02T20:00:36.000+00:00,published,category_top20pct_item,https://www.nexusmods.com/baldursgate3/mods/7426,7426,7426
1,Improved Idols of Shar and Selune,BitterPast,Miscellaneous,1.0.0,244,2024-01-17T17:05:07.000+00:00,published,prolific_author,https://www.nexusmods.com/baldursgate3/mods/5983,5983,5983
1,Summon Initiative Fixer,drkekyll,Gameplay,2.1.0.0,244,2026-06-08T18:11:26.000+00:00,published,"global_top3pct,category_top5pct",https://www.nexusmods.com/baldursgate3/mods/8692,8692,8692
1,Waterproof Shadowheart,Kelocena,Companions,1.0.0,244,2025-09-10T17:36:00.000+00:00,published,category_top5pct,https://www.nexusmods.com/baldursgate3/mods/18548,18548,18548
1,Undead Soul - Necromancy Sorcerer Subclass,EldritchArchlich,Classes,2.0.0,243,2024-02-03T13:41:20.000+00:00,published,dependency_closure_inherited,https://www.nexusmods.com/baldursgate3/mods/5978,5978,5978
1,Blood Moon - Raptor's Vampire Ascendant Astarion Moaning Simulator,Darth Raptor,Equipment,2.1,243,2025-04-09T13:28:41.000+00:00,published,category_top20pct_item,https://www.nexusmods.com/baldursgate3/mods/10559,10559,10559
1,Tav's Voices,ToxicDrake,Audio,2.0.0,242,2026-06-08T05:37:44.000+00:00,published,"global_top3pct,category_top5pct",https://www.nexusmods.com/baldursgate3/mods/3559,3559,3559
1,Nudist Remake,Sindae,Visuals,1.1,242,2023-12-13T21:17:03.000+00:00,published,prolific_author,https://www.nexusmods.com/baldursgate3/mods/4879,4879,4879
1,Mourning Lace,Askew,Clothing,1.0.0,242,2025-09-04T05:01:25.000+00:00,published,category_top20pct_item,https://www.nexusmods.com/baldursgate3/mods/18293,18293,18293
1,Full Restore Fix,wesslen,Gameplay,1.2,242,2026-04-05T11:51:32.000+00:00,published,"global_top3pct,category_top5pct,prolific_author",https://www.nexusmods.com/baldursgate3/mods/18642,18642,18642
1,Choose your animation - running and idles toggle,FluffySpider,Animations,1.8,240,2026-06-15T04:45:16.000+00:00,published,"global_top3pct,category_top5pct",https://www.nexusmods.com/baldursgate3/mods/19295,19295,19295
1,Big Jiggly Boobs,Sindae,Visuals,1.2,240,2025-11-09T22:35:24.000+00:00,published,"category_top5pct,prolific_author",https://www.nexusmods.com/baldursgate3/mods/19585,19585,19585
1,Shining Honour Die Unlocker,Aether,Dice,1.01,239,2023-12-07T14:45:52.000+00:00,published,prolific_author,https://www.nexusmods.com/baldursgate3/mods/4728,4728,4728
1,Undercut Bun Hairstyle for Shadowheart,Aether,Character Customisation,1.0,239,2024-03-11T01:50:47.000+00:00,published,prolific_author,https://www.nexusmods.com/baldursgate3/mods/7794,7794,7794
1,Dead or alive - Kasumi and Ayane's wardrobe,bububull,Armor,1,238,2024-10-22T11:29:30.000+00:00,published,"category_top20pct_item,prolific_author",https://www.nexusmods.com/baldursgate3/mods/13185,13185,13185
1,Dame Aylin Redone - Holy Sword of the Moonmaiden,PoisonValentineXIII - CITYMADMAXX,Visuals,1.0.0.12,238,2026-04-12T17:25:51.000+00:00,published,category_top5pct,https://www.nexusmods.com/baldursgate3/mods/17426,17426,17426
1,Aylin and Isobel Wear Camp Clothes,whatsontheflip,Visuals,1.1.0.3,238,2026-04-07T00:51:04.000+00:00,published,category_top5pct,https://www.nexusmods.com/baldursgate3/mods/17845,17845,17845
1,Axi and Cay's Cute Couple Poses,axianaa and fateseekercay,Photo Mode,1.0.0.22,237,2026-06-13T00:38:49.000+00:00,published,"global_top3pct,category_top5pct",https://www.nexusmods.com/baldursgate3/mods/19288,19288,19288
1,The Real Protecty Sparkswall,Syrchalis,Equipment,1.0,236,2023-11-10T15:31:51.000+00:00,published,prolific_author,https://www.nexusmods.com/baldursgate3/mods/4116,4116,4116
1,Transgender Karlach,Aether,Character Customisation,1.01,236,2023-12-03T10:07:01.000+00:00,published,prolific_author,https://www.nexusmods.com/baldursgate3/mods/4357,4357,4357
1,Halo Master Chief Armor and MA5C Assault Rifle,Palmaman33,Equipment,1.0.0,236,2024-01-24T13:32:28.000+00:00,published,category_top20pct_item,https://www.nexusmods.com/baldursgate3/mods/6166,6166,6166
1,Cambion wings,FluffySpider,Equipment,1.0,236,2025-07-02T15:18:36.000+00:00,published,category_top20pct_item,https://www.nexusmods.com/baldursgate3/mods/12121,12121,12121
1,NPCs have Subclasses and Feats (with Sorcerers NPCs),Darkynho,Classes,3.1,236,2026-06-25T22:16:00.000+00:00,published,category_top5pct,https://www.nexusmods.com/baldursgate3/mods/17883,17883,17883
1,Spells Enhanced - Mass Healing Word,MaskedRPGFan,Spells,1.0.0,234,2023-12-17T10:13:44.000+00:00,published,prolific_author,https://www.nexusmods.com/baldursgate3/mods/5121,5121,5121
1,Rogue Subclasses Combined - Scroll Learning,BitterPast,Classes,1.0.3,233,2025-05-13T14:28:30.000+00:00,published,prolific_author,https://www.nexusmods.com/baldursgate3/mods/3328,3328,3328
1,DLC Green version,blackninjato2,Equipment,1.4,232,2026-01-20T21:38:51.000+00:00,published,category_top20pct_item,https://www.nexusmods.com/baldursgate3/mods/2653,2653,2653
1,Dragonborn - Stronger Breath Weapon,MaskedRPGFan,Spells,1.4.0,232,2023-10-17T05:00:35.000+00:00,published,prolific_author,https://www.nexusmods.com/baldursgate3/mods/3235,3235,3235
1,Cleric Subclasses Combined - Scroll Learning,BitterPast,Classes,1.0.6,232,2025-05-12T21:44:59.000+00:00,published,prolific_author,https://www.nexusmods.com/baldursgate3/mods/3343,3343,3343
1,DIQ Patches - Treasure Tables and More,BaldursGoonsack,Equipment,1.4.7.2,232,2026-06-04T14:47:04.000+00:00,published,category_top20pct_item,https://www.nexusmods.com/baldursgate3/mods/9095,9095,9095
1,Aardi's Chest of Presents,Aardi,Utilities,1.0.0.8,231,2026-02-01T12:32:40.000+00:00,published,global_top3pct,https://www.nexusmods.com/baldursgate3/mods/21186,21186,21186
1,Spells Enhanced - Magic Weapon,MaskedRPGFan,Spells,1.1.0,230,2023-12-17T10:50:49.000+00:00,published,prolific_author,https://www.nexusmods.com/baldursgate3/mods/2430,2430,2430
1,Spells Enhanced - Healing Word,MaskedRPGFan,Spells,1.0.0,230,2023-12-17T10:18:09.000+00:00,published,prolific_author,https://www.nexusmods.com/baldursgate3/mods/5104,5104,5104
1,Kekyll's Lab (Core Library),drkekyll,Utilities,1.0.0.1,230,2024-05-03T22:24:04.000+00:00,published,dependency_closure_inherited,https://www.nexusmods.com/baldursgate3/mods/8083,8083,8083
1,OneDnD Warlock - Pacts as Invocations,BG3 Community Library Team,Classes,1.2.3.0,229,2025-04-24T07:51:17.000+00:00,published,prolific_author,https://www.nexusmods.com/baldursgate3/mods/5794,5794,5794
1,Dark Urge Body Scars for Tav,hijimare,Character Customisation,1,228,2024-10-01T10:20:15.000+00:00,published,prolific_author,https://www.nexusmods.com/baldursgate3/mods/12669,12669,12669
1,Nightdancer Set,Maelle,Clothing,1.0.0,228,2025-09-07T10:30:34.000+00:00,published,category_top20pct_item,https://www.nexusmods.com/baldursgate3/mods/18445,18445,18445
1,Overpowered Aylin and Isobel,Belinn,Gameplay,2.1,227,2024-09-07T08:01:35.000+00:00,published,prolific_author,https://www.nexusmods.com/baldursgate3/mods/1563,1563,1563
1,Spiritmender - Healing Feat,BitterPast,Gameplay,1.0.0,227,2024-02-13T13:09:30.000+00:00,published,prolific_author,https://www.nexusmods.com/baldursgate3/mods/6139,6139,6139
1,Glow Ink - Body Tattoo - Clawstep - Dragonborn CC,AkELkA,Character Customisation,1.0.0.9,227,2026-02-16T14:55:34.000+00:00,published,"global_top3pct,category_top5pct",https://www.nexusmods.com/baldursgate3/mods/16855,16855,16855
1,Owlbear Cub Evolved,Exaen,Companions,2.1.2.0,225,2026-05-25T06:51:06.000+00:00,published,category_top5pct,https://www.nexusmods.com/baldursgate3/mods/18021,18021,18021
1,Bard Subclasses Combined - Scroll Learning,BitterPast,Classes,1.0.4,224,2025-05-12T20:49:53.000+00:00,published,prolific_author,https://www.nexusmods.com/baldursgate3/mods/3341,3341,3341
1,Manaflare - Magic Aura Weapons,Inscyght,Equipment,6.0.1.2,224,2026-06-04T00:15:00.000+00:00,published,category_top20pct_item,https://www.nexusmods.com/baldursgate3/mods/7755,7755,7755
1,Daemon Targaryen Armour,TashaWeeds,Armor,1.0,224,2024-10-01T03:53:20.000+00:00,published,"category_top20pct_item,prolific_author",https://www.nexusmods.com/baldursgate3/mods/12664,12664,12664
1,Halloween Weaponry - Witch,kharneth,Armor,1.1,224,2024-10-30T22:05:14.000+00:00,published,prolific_author,https://www.nexusmods.com/baldursgate3/mods/13449,13449,13449
1,Evelyn's Circlet,beaned_sprout,Accessories,1.3,224,2025-12-21T10:18:47.000+00:00,published,category_top20pct_item,https://www.nexusmods.com/baldursgate3/mods/15495,15495,15495
1,Fix Jump-Fly Shortcut,Arkronos,Gameplay,2.2,224,2025-10-15T10:52:25.000+00:00,published,category_top5pct,https://www.nexusmods.com/baldursgate3/mods/16578,16578,16578
1,Spells Enhanced - Feather Fall,MaskedRPGFan,Spells,1.1.0,223,2023-11-21T21:52:38.000+00:00,published,prolific_author,https://www.nexusmods.com/baldursgate3/mods/2927,2927,2927
1,Class and Deity Underwear,BitterPast,Gameplay,1.0.3,223,2024-01-03T17:50:29.000+00:00,published,prolific_author,https://www.nexusmods.com/baldursgate3/mods/4219,4219,4219
1,Armor of the Githyanki,TheCobaltCactus,Equipment,2.0.0.0,222,2025-04-17T23:11:06.000+00:00,published,category_top20pct_item,https://www.nexusmods.com/baldursgate3/mods/12282,12282,12282
1,Aether's Makeup Remover Mods,Aether,Character Customisation,1.0,220,2025-03-18T20:22:14.000+00:00,published,prolific_author,https://www.nexusmods.com/baldursgate3/mods/7599,7599,7599
1,Kinky Harness Outfit,baeator,Equipment,2.0.1,220,2025-05-06T17:30:50.000+00:00,published,category_top20pct_item,https://www.nexusmods.com/baldursgate3/mods/9436,9436,9436
1,5R Druid (dnd 5e 2024 PHB),ShadyDax,Classes,1.3.0.0,220,2026-06-13T21:16:04.000+00:00,published,"global_top3pct,category_top5pct",https://www.nexusmods.com/baldursgate3/mods/13822,13822,13822
1,Spells Enhanced - Greater Invisibility,MaskedRPGFan,Spells,1.0.0,219,2023-12-10T05:22:50.000+00:00,published,prolific_author,https://www.nexusmods.com/baldursgate3/mods/4983,4983,4983
1,Immersive Infernal Robe,xJustAdam,Equipment,2.1,219,2025-11-12T22:53:48.000+00:00,published,category_top20pct_item,https://www.nexusmods.com/baldursgate3/mods/14235,14235,14235
1,Spells Enhanced - Sacred Weapon,MaskedRPGFan,Spells,2.0.0,218,2023-10-09T15:12:17.000+00:00,published,prolific_author,https://www.nexusmods.com/baldursgate3/mods/950,950,950
1,Ranger Subclasses Combined - Scroll Learning,BitterPast,Classes,1.0.3,218,2025-05-12T23:27:21.000+00:00,published,prolific_author,https://www.nexusmods.com/baldursgate3/mods/3320,3320,3320
1,Strongwomen Of Faerun,MangoPunch,Character Customisation,1.0,218,2025-05-23T10:06:38.000+00:00,published,dependency_closure_inherited,https://www.nexusmods.com/baldursgate3/mods/14757,14757,14757
1,Restorable Inspiration Points - With maximum value changed to unlimited or other,MaskedRPGFan,Gameplay,1.0.0,217,2023-10-10T20:32:22.000+00:00,published,prolific_author,https://www.nexusmods.com/baldursgate3/mods/3154,3154,3154
1,Monk Subclasses Combined - Scroll Learning,BitterPast,Classes,1.0.7,217,2025-05-12T23:14:16.000+00:00,published,prolific_author,https://www.nexusmods.com/baldursgate3/mods/3297,3297,3297
1,Spell List Combiner Revised,Spartandestroyr,Utilities,1.0,217,2024-02-02T08:00:02.000+00:00,published,dependency_closure_inherited,https://www.nexusmods.com/baldursgate3/mods/6394,6394,6394
1,The Formless Mother - Warlock Subclass,Nitreaux,Classes,1.0.4,216,2023-11-16T15:24:50.000+00:00,published,dependency_closure_inherited,https://www.nexusmods.com/baldursgate3/mods/2856,2856,2856
1,Celestial Fury -- Classic Weapons,gosh,Weapons,1.0.0.66,216,2025-03-13T21:52:43.000+00:00,published,category_top20pct_item,https://www.nexusmods.com/baldursgate3/mods/14984,14984,14984
1,Jules' Head Boutique,cedastarions,Character Customisation,1.0,216,2026-02-08T23:46:19.000+00:00,published,category_top5pct,https://www.nexusmods.com/baldursgate3/mods/21388,21388,21388
1,Half-Illithid Facial and Body Veins Retexture,TashaWeeds,Character Customisation,1.0,215,2024-05-20T02:05:23.000+00:00,published,prolific_author,https://www.nexusmods.com/baldursgate3/mods/9657,9657,9657
1,Who Is Marcus,valmanexus,Quests,1.0.0.1,215,2025-10-01T22:53:58.000+00:00,published,category_top5pct,https://www.nexusmods.com/baldursgate3/mods/18943,18943,18943
1,Learn Weapon-Armor-Music Proficiencies,BitterPast,Miscellaneous,1.0.1,214,2024-01-29T16:00:07.000+00:00,published,prolific_author,https://www.nexusmods.com/baldursgate3/mods/5374,5374,5374
1,Excalibur- An FFXIV Inspired Sword Mod,EthicalCrusader and Hijimare,Equipment,1.29,212,2024-06-08T00:47:27.000+00:00,published,category_top20pct_item,https://www.nexusmods.com/baldursgate3/mods/10088,10088,10088
1,Illithid Dominion,Siael,Gameplay,1.5.1,212,2026-06-12T18:21:56.000+00:00,published,category_top5pct,https://www.nexusmods.com/baldursgate3/mods/14861,14861,14861
1,OneDnD Warlock - Patron Spells,BG3 Community Library Team,Spells,2.0.0.0,211,2025-05-08T03:31:55.000+00:00,published,prolific_author,https://www.nexusmods.com/baldursgate3/mods/5203,5203,5203
1,Counterspell - Reaction Only,BitterPast,Spells,1.0.0,211,2024-01-05T11:13:06.000+00:00,published,prolific_author,https://www.nexusmods.com/baldursgate3/mods/5671,5671,5671
1,Mirror Blade,wesslen,Spells,1.6.1,210,2024-01-25T09:41:33.000+00:00,published,prolific_author,https://www.nexusmods.com/baldursgate3/mods/480,480,480
1,Sharran Weaponry by AzazeL (WIP),AzazeL,Weapons,1.0,210,2025-03-19T14:00:05.000+00:00,published,category_top20pct_item,https://www.nexusmods.com/baldursgate3/mods/15406,15406,15406
1,Starfall Clothing,Askew,Clothing,1.0.0,210,2025-10-01T18:58:19.000+00:00,published,category_top20pct_item,https://www.nexusmods.com/baldursgate3/mods/18941,18941,18941
1,Fade's Assorted Treasure Expansion - FATE,GraphicFade,Equipment,1.0.0.9,210,2026-05-11T23:06:11.000+00:00,published,"global_top3pct,category_top20pct_item",https://www.nexusmods.com/baldursgate3/mods/20745,20745,20745
1,Paladin Leader,MaskedRPGFan,Classes,2.0.0,209,2023-08-25T13:13:44.000+00:00,published,prolific_author,https://www.nexusmods.com/baldursgate3/mods/824,824,824
1,Spells Enhanced - Inquisitors Might,MaskedRPGFan,Spells,2.0.1,209,2023-12-03T02:56:59.000+00:00,published,prolific_author,https://www.nexusmods.com/baldursgate3/mods/1071,1071,1071
1,Help Costs No Action Points,BitterPast,Spells,1.0.1,209,2024-01-03T17:08:29.000+00:00,published,prolific_author,https://www.nexusmods.com/baldursgate3/mods/4325,4325,4325
1,Mindhunter - Psychic Feat,BitterPast,Gameplay,1.0.0,209,2024-02-13T13:10:29.000+00:00,published,prolific_author,https://www.nexusmods.com/baldursgate3/mods/6128,6128,6128
1,More Amnesia for the Haunted One (Dark Urge Not Baldurian),Padme4000,Gameplay,2.0.1.0,209,2025-04-20T14:08:00.000+00:00,published,prolific_author,https://www.nexusmods.com/baldursgate3/mods/6557,6557,6557
1,Sindae's Imported Outfits,Sindae,Accessories,1.5,209,2026-04-29T20:38:31.000+00:00,published,"category_top20pct_item,prolific_author",https://www.nexusmods.com/baldursgate3/mods/18009,18009,18009
1,The Libertines - Bodysuits with breast physics and Accessories,ARAFEL,Clothing,1.0.0.5,209,2025-12-09T22:55:38.000+00:00,published,category_top20pct_item,https://www.nexusmods.com/baldursgate3/mods/20072,20072,20072
1,Aether's Rose Gold Die,Aether,Dice,1.0,208,2024-01-02T21:01:22.000+00:00,published,prolific_author,https://www.nexusmods.com/baldursgate3/mods/5589,5589,5589
1,Gregarious Caster - Feat,BitterPast,Gameplay,1.0.0,208,2024-01-17T22:44:19.000+00:00,published,prolific_author,https://www.nexusmods.com/baldursgate3/mods/5991,5991,5991
1,Photobooth,sp4rr0wsw3nch,Maps,1.0.0.170,208,2026-04-18T11:43:22.000+00:00,published,category_top5pct,https://www.nexusmods.com/baldursgate3/mods/20117,20117,20117
1,A Nice Simple Hug - Longer Hug for Astarion - Act 2,HyperspaceTowel,Companions,1.0.0.26,208,2026-03-03T18:33:42.000+00:00,published,category_top5pct,https://www.nexusmods.com/baldursgate3/mods/21645,21645,21645
1,Witcher 3 Eredin Armour,TashaWeeds,Armor,1.2,207,2024-12-15T05:27:04.000+00:00,published,"category_top20pct_item,prolific_author",https://www.nexusmods.com/baldursgate3/mods/14104,14104,14104
1,Records - A Party Statistics Tracker,wtfbengt,Miscellaneous,2.0.0.1,207,2026-04-25T23:26:25.000+00:00,published,category_top5pct,https://www.nexusmods.com/baldursgate3/mods/19021,19021,19021
1,Female Planar Ally Bare,Wlasiuk,Spells,1.0.0.42,206,2025-11-21T15:49:36.000+00:00,published,category_top5pct,https://www.nexusmods.com/baldursgate3/mods/18865,18865,18865
1,Race CC Universal Automatic Patcher (UAP),Volitio,Races,1.1.0,206,2026-05-06T15:28:26.000+00:00,published,"global_top3pct,category_top5pct,prolific_author",https://www.nexusmods.com/baldursgate3/mods/22551,22551,22551
1,Stronger Cantrips,MaskedRPGFan,Miscellaneous,1.2.0,205,2023-10-15T23:16:54.000+00:00,published,prolific_author,https://www.nexusmods.com/baldursgate3/mods/3117,3117,3117
1,Speak with Dead Unlimited,SwissFred,Gameplay,2.0.8.0,205,2026-06-21T10:55:29.000+00:00,published,"global_top3pct,category_top5pct",https://www.nexusmods.com/baldursgate3/mods/17869,17869,17869
1,Lydia's Softer Body 2 Edit,Lydia,Character Customisation,1.5,204,2025-08-27T17:04:54.000+00:00,published,category_top5pct,https://www.nexusmods.com/baldursgate3/mods/8713,8713,8713
1,Illithid Powers Consolidated (compatible with IPO2),Muffel,User Interface,2.0.3,204,2026-06-18T20:06:52.000+00:00,published,"global_top3pct,category_top5pct",https://www.nexusmods.com/baldursgate3/mods/16671,16671,16671
1,Aylin Always Summons Moonlight Slivers,whatsontheflip,Gameplay,1.0.0.12,204,2026-04-12T23:32:36.000+00:00,published,category_top5pct,https://www.nexusmods.com/baldursgate3/mods/18079,18079,18079
1,Lunar Smite for Paladins and Clerics,xarara,Spells,2.0,203,2025-08-18T06:06:38.000+00:00,published,category_top5pct,https://www.nexusmods.com/baldursgate3/mods/10106,10106,10106
1,Gortash Reimagined,TashaWeeds,Character Customisation,1.0,202,2024-02-18T12:40:51.000+00:00,published,prolific_author,https://www.nexusmods.com/baldursgate3/mods/6908,6908,6908
1,Night Domain Cleric Subclass,havsglimt,Classes,1.1,202,2025-11-15T13:28:04.000+00:00,published,prolific_author,https://www.nexusmods.com/baldursgate3/mods/15443,15443,15443
1,Dr Odd and the Mixed-Up Mod of Madness - Wizard Warlock Sorcerer Armor,copperleaves,Armor,1.0.0.12,202,2026-01-08T00:13:02.000+00:00,published,category_top20pct_item,https://www.nexusmods.com/baldursgate3/mods/16970,16970,16970
1,Learn Cheeky Quasit-Shovel-Fork-Basket,BitterPast,Spells,1.0.1,201,2024-01-28T15:46:57.000+00:00,published,prolific_author,https://www.nexusmods.com/baldursgate3/mods/5074,5074,5074
1,ATF (Anxiety's Toolkit for Firearms),Anxiety The Ork,Resources,1.2.0.0,201,2025-05-12T03:35:41.000+00:00,published,category_top5pct,https://www.nexusmods.com/baldursgate3/mods/10996,10996,10996
1,Dawnstar's Arcane Spells,Dawnstar,Spells,1.0.0.26,201,2026-01-29T21:12:27.000+00:00,published,"global_top3pct,category_top5pct",https://www.nexusmods.com/baldursgate3/mods/20346,20346,20346
1,Dark Dancer Outfit - Sword Dancer of Eilistraee Clothing,Lynia,Accessories,1.0,201,2026-01-10T18:25:27.000+00:00,published,category_top20pct_item,https://www.nexusmods.com/baldursgate3/mods/20623,20623,20623
1,ToggleFX - MCM,wtfbengt,Visuals,1.1.0.3,201,2026-01-31T10:12:21.000+00:00,published,category_top5pct,https://www.nexusmods.com/baldursgate3/mods/20766,20766,20766
1,Gale's Stylist - Outfit Hairs and Beards Oh My,Padme4000,Character Customisation,1.0.0.0,200,2026-03-29T14:02:02.000+00:00,published,prolific_author,https://www.nexusmods.com/baldursgate3/mods/571,571,571
1,AOE Status Fixer,Armarui,Gameplay,1.1.0,200,2024-04-16T01:49:50.000+00:00,published,dependency_closure_inherited,https://www.nexusmods.com/baldursgate3/mods/8461,8461,8461
1,Epilogue Letter Bug Fixes - Aylin Isobel and Kagha,BaldursGoonsack,Miscellaneous,1.0.0.2,200,2026-01-03T16:23:34.000+00:00,published,category_top5pct,https://www.nexusmods.com/baldursgate3/mods/18945,18945,18945
1,Lydia's Heads - Maya,Lydia,Character Customisation,1,199,2024-10-05T21:55:16.000+00:00,published,dependency_closure_inherited,https://www.nexusmods.com/baldursgate3/mods/12813,12813,12813
1,Florrick Is Not Dumb,valmanexus,Quests,1.0.0.4,199,2025-11-22T18:18:57.000+00:00,published,category_top5pct,https://www.nexusmods.com/baldursgate3/mods/19763,19763,19763
1,Combatant - Unarmed Feat,BitterPast,Gameplay,1.0.0,197,2024-01-20T15:40:15.000+00:00,published,prolific_author,https://www.nexusmods.com/baldursgate3/mods/6059,6059,6059
1,Merciful One - Necrotic Feat,BitterPast,Gameplay,1.0.0,197,2024-01-23T08:32:09.000+00:00,published,prolific_author,https://www.nexusmods.com/baldursgate3/mods/6133,6133,6133
1,Goon's (Gear and) Throwing Overhaul,BaldursGoonsack,Gameplay,1.12.2.0,197,2026-06-14T15:40:28.000+00:00,published,category_top5pct,https://www.nexusmods.com/baldursgate3/mods/15126,15126,15126
1,Valkrana's Necrobroker - Wizard Subclass,Sailor Cat,Classes,1.06.00,197,2026-05-16T04:03:14.000+00:00,published,"global_top3pct,category_top5pct",https://www.nexusmods.com/baldursgate3/mods/17919,17919,17919
1,Simple Monk Attire,baeator,Equipment,2.0.1,197,2025-10-21T19:58:57.000+00:00,published,category_top20pct_item,https://www.nexusmods.com/baldursgate3/mods/18361,18361,18361
1,Marcus Falgor Edits - The Betrayer,PoisonvalentineXIII,Visuals,1.0.0.7,196,2026-06-26T09:21:48.000+00:00,published,category_top5pct,https://www.nexusmods.com/baldursgate3/mods/17318,17318,17318
1,Extra Camera Mode Poses and Animations,FluffySpider,Animations,1.1,196,2025-07-18T15:01:39.000+00:00,published,category_top5pct,https://www.nexusmods.com/baldursgate3/mods/17597,17597,17597
1,Spells of Exandria,celerev,Spells,1.0.3.0,195,2026-02-28T01:52:15.000+00:00,published,"global_top3pct,category_top5pct",https://www.nexusmods.com/baldursgate3/mods/18441,18441,18441
1,Cleric Camp Outfit- Plain Ilmater Kelemvor Helm Bhaal Mystra,commanderstrawberry,Armor,4,194,2025-06-05T23:04:46.000+00:00,published,"category_top20pct_item,prolific_author",https://www.nexusmods.com/baldursgate3/mods/4505,4505,4505
1,Help Restores Health,BitterPast,Gameplay,1.0.0,194,2023-12-10T15:44:34.000+00:00,published,prolific_author,https://www.nexusmods.com/baldursgate3/mods/5021,5021,5021
1,Maternity Dress now with Bonus MPreg,Sindae,Clothing,1.0,193,2023-09-14T03:05:11.000+00:00,published,prolific_author,https://www.nexusmods.com/baldursgate3/mods/2219,2219,2219
1,Boring Tieflings,Sindae,Character Customisation,1.0,193,2023-10-16T19:07:36.000+00:00,published,prolific_author,https://www.nexusmods.com/baldursgate3/mods/2228,2228,2228
1,Outfit Builder,ReallyLazyIcarus,Utilities,1.0.0,193,2023-10-27T01:11:08.000+00:00,published,prolific_author,https://www.nexusmods.com/baldursgate3/mods/3683,3683,3683
1,Path of Fundamental Chaos - Barbarian Subclass,Nitreaux,Classes,1.0.0,193,2024-05-09T22:34:15.000+00:00,published,dependency_closure_inherited,https://www.nexusmods.com/baldursgate3/mods/4086,4086,4086
1,Arcane Scholar -Spellblade Feat,BitterPast,Gameplay,1.0.0,193,2024-01-19T13:36:38.000+00:00,published,prolific_author,https://www.nexusmods.com/baldursgate3/mods/6023,6023,6023
1,OneDnD Barbarian - Short Rest Rage Recovery,BG3 Community Library Team,Classes,1.0.0.0,193,2024-01-26T09:45:55.000+00:00,published,prolific_author,https://www.nexusmods.com/baldursgate3/mods/6197,6197,6197
1,Aether's Eyes From The Weave,Aether,Character Customisation,1.1,193,2024-05-17T01:45:13.000+00:00,published,prolific_author,https://www.nexusmods.com/baldursgate3/mods/9525,9525,9525
1,Circle of Blood Druid Subclass,havsglimt,Classes,1.2,193,2025-06-03T17:32:09.000+00:00,published,prolific_author,https://www.nexusmods.com/baldursgate3/mods/15051,15051,15051
1,Condition Fixer,wesslen,Miscellaneous,1.0.2.1,193,2025-10-02T13:38:23.000+00:00,published,prolific_author,https://www.nexusmods.com/baldursgate3/mods/18904,18904,18904
1,Tepkunset Hair Collection Vol 2,Tepkunset,Character Customisation,1.3,193,2026-04-12T13:46:17.000+00:00,published,category_top5pct,https://www.nexusmods.com/baldursgate3/mods/22082,22082,22082
1,Illithid Emporium,Siael,Equipment,1.4.2,192,2025-09-27T06:34:02.000+00:00,published,category_top20pct_item,https://www.nexusmods.com/baldursgate3/mods/14860,14860,14860
1,Absolute Defeat (Framework),Tripulah,Gameplay,1.3.1.0,192,2026-04-10T03:31:05.000+00:00,published,"global_top3pct,category_top5pct",https://www.nexusmods.com/baldursgate3/mods/18573,18573,18573
1,Dune Wraith - Desert Rogue Outfit,Lynia,Accessories,1.4,192,2026-04-02T19:49:59.000+00:00,published,category_top20pct_item,https://www.nexusmods.com/baldursgate3/mods/19215,19215,19215
1,Spells Unleashed - The Age of Magic and Divine Guidance,Mharius,Spells,3.33-P7,191,2024-10-12T22:58:53.000+00:00,published,prolific_author,https://www.nexusmods.com/baldursgate3/mods/2425,2425,2425
1,Game Text Compatibility Base Files,Magnetuning,Utilities,1.0.0.0,191,2025-04-17T00:41:07.000+00:00,published,dependency_floor_10plus,https://www.nexusmods.com/baldursgate3/mods/8604,8604,8604
1,Druid Subclasses Combined - Scroll Learning,BitterPast,Classes,1.0.3,190,2025-05-13T14:34:32.000+00:00,published,prolific_author,https://www.nexusmods.com/baldursgate3/mods/3324,3324,3324
1,ThePurpleTie1's - Armor Compendium,ThePurpleTie1,Armor,1.0.1,190,2026-03-20T18:44:06.000+00:00,published,category_top20pct_item,https://www.nexusmods.com/baldursgate3/mods/14003,14003,14003
1,Emperor vs. Orpheus,Taylor17387,Miscellaneous,1.1,189,2026-03-02T18:59:33.000+00:00,published,category_top5pct,https://www.nexusmods.com/baldursgate3/mods/20552,20552,20552
1,Oumy and Ndeye Head Presets,Vespertilio,Character Customisation,1.0.0.0,189,2026-03-14T08:56:54.000+00:00,published,category_top5pct,https://www.nexusmods.com/baldursgate3/mods/20622,20622,20622
1,Increase Maximum HP,BitterPast,Gameplay,1.0.0,188,2023-12-30T10:17:37.000+00:00,published,prolific_author,https://www.nexusmods.com/baldursgate3/mods/5487,5487,5487
1,The witcher - Shani's wardrobe,bububull,Equipment,1,188,2024-07-22T22:04:28.000+00:00,published,prolific_author,https://www.nexusmods.com/baldursgate3/mods/11170,11170,11170
1,Dark Soar Wings - Dark Urge Dragonborn CC,AkELkA,Character Customisation,1.0.0.14,188,2026-02-21T07:14:46.000+00:00,published,"global_top3pct,category_top5pct",https://www.nexusmods.com/baldursgate3/mods/15086,15086,15086
1,Florrick - Dirt B Gone,whatsontheflip,Visuals,1.0.2.1,188,2026-04-04T20:31:30.000+00:00,published,"global_top3pct,category_top5pct",https://www.nexusmods.com/baldursgate3/mods/16702,16702,16702
1,JWL Discordant Instruments for Patch 7,Jewels,Equipment,1.5.1,188,2026-05-12T17:56:40.000+00:00,published,category_top20pct_item,https://www.nexusmods.com/baldursgate3/mods/17536,17536,17536
1,MazzleLib,Mazzle,Miscellaneous,1.6.5,188,2026-06-08T20:26:23.000+00:00,published,"global_top3pct,category_top5pct",https://www.nexusmods.com/baldursgate3/mods/18231,18231,18231
1,Human Variant (Simulated),Mharius,Races,3.30-P7,187,2024-09-15T19:11:12.000+00:00,published,prolific_author,https://www.nexusmods.com/baldursgate3/mods/875,875,875
1,Spells Enhanced - Friends,MaskedRPGFan,Spells,2.0.0,187,2023-10-24T19:02:10.000+00:00,published,prolific_author,https://www.nexusmods.com/baldursgate3/mods/1597,1597,1597
1,Fighter Subclasses Combined - Scroll Learning,BitterPast,Classes,1.0.4,187,2025-05-25T09:39:54.000+00:00,published,prolific_author,https://www.nexusmods.com/baldursgate3/mods/3329,3329,3329
1,Warlock Subclasses Combined,BitterPast,Classes,1.0.4,187,2025-07-30T13:49:04.000+00:00,published,prolific_author,https://www.nexusmods.com/baldursgate3/mods/3338,3338,3338
1,5e Cavalier - Fighter Subclasss (Deprecated),Sumradagnoth,Classes,1.9.0.3,187,2024-11-18T15:00:16.000+00:00,published,prolific_author,https://www.nexusmods.com/baldursgate3/mods/12313,12313,12313
1,Starry-Eyed Nature Girl - Body Type 1 Dresses for Druids,copperleaves,Armor,1.0.0.5,187,2025-05-27T05:06:55.000+00:00,published,category_top20pct_item,https://www.nexusmods.com/baldursgate3/mods/16698,16698,16698
1,Bububull's Hairnet pack 01,bububull,Character Customisation,1.0,187,2025-06-15T22:23:48.000+00:00,published,prolific_author,https://www.nexusmods.com/baldursgate3/mods/17141,17141,17141
1,UA7 Archfey Warlock,wesslen,Classes,1.2,186,2024-09-06T12:37:29.000+00:00,published,prolific_author,https://www.nexusmods.com/baldursgate3/mods/5703,5703,5703
1,Sithborn - Force Feat,BitterPast,Gameplay,1.0.1,186,2024-02-07T13:05:47.000+00:00,published,prolific_author,https://www.nexusmods.com/baldursgate3/mods/6162,6162,6162
1,Elemental Magic Missiles,Shivero,Spells,1.0.1.0,185,2024-01-20T19:32:48.000+00:00,published,prolific_author,https://www.nexusmods.com/baldursgate3/mods/3936,3936,3936
1,P4 NPC Heads for Tav (npc companion and origin),Padme4000,Character Customisation,1.0.0.0,185,2026-02-05T15:55:50.000+00:00,published,"category_top5pct,prolific_author",https://www.nexusmods.com/baldursgate3/mods/6916,6916,6916
1,Iconic Party Endgame Gear,xJustAdam,Equipment,1.2,185,2024-12-28T07:28:27.000+00:00,published,category_top20pct_item,https://www.nexusmods.com/baldursgate3/mods/14325,14325,14325
1,Kikyo's Wilderness Camp Overhaul,Kikyo99,Maps,2.8,185,2026-04-15T23:30:13.000+00:00,published,"global_top3pct,category_top5pct",https://www.nexusmods.com/baldursgate3/mods/21602,21602,21602
1,Spells Enhanced - Enlarge Reduce,MaskedRPGFan,Spells,2.0.0,184,2023-12-21T17:44:35.000+00:00,published,prolific_author,https://www.nexusmods.com/baldursgate3/mods/2257,2257,2257
1,Spells Enhanced - Shield of Faith,MaskedRPGFan,Spells,1.1.0,184,2023-12-15T18:26:09.000+00:00,published,prolific_author,https://www.nexusmods.com/baldursgate3/mods/4480,4480,4480
1,Claws of Flint and Steel,spek7re,Equipment,1.1.01,184,2024-07-06T07:27:12.000+00:00,published,category_top20pct_item,https://www.nexusmods.com/baldursgate3/mods/10760,10760,10760
1,Grit and Glory - Injuries Exhaustion and Madness - MCM,BaldursGoonsack and osirisofinternet,Gameplay,2.3.6.0,184,2026-06-17T10:55:58.000+00:00,published,"global_top3pct,category_top5pct",https://www.nexusmods.com/baldursgate3/mods/14863,14863,14863
1,Vital Sacrifice Feat (Blood Magic),wesslen,Gameplay,1.2,183,2026-04-14T13:03:04.000+00:00,published,prolific_author,https://www.nexusmods.com/baldursgate3/mods/2421,2421,2421
1,The Disan Crusader - A Padlock Gear Set,MrSaintly,Equipment,1.4.0.0,183,2024-06-11T18:36:25.000+00:00,published,category_top20pct_item,https://www.nexusmods.com/baldursgate3/mods/5735,5735,5735
1,Knowledge is Power,BitterPast,Miscellaneous,1.0.2,183,2024-02-18T17:00:04.000+00:00,published,prolific_author,https://www.nexusmods.com/baldursgate3/mods/6488,6488,6488
1,Dwarven Weaponry - Runic Smithing,kharneth,Equipment,1.0,183,2024-07-27T11:48:28.000+00:00,published,"category_top20pct_item,prolific_author",https://www.nexusmods.com/baldursgate3/mods/11261,11261,11261
1,Mouse's Manacles - Raphael Themed Collars n Cuffs,Nikjima,Accessories,1.0.0.37,183,2025-01-10T23:06:59.000+00:00,published,category_top20pct_item,https://www.nexusmods.com/baldursgate3/mods/14584,14584,14584
1,Path of the Righteous,Siael feat FoxHead,Equipment,1.10.3,183,2026-06-27T02:58:57.000+00:00,published,category_top20pct_item,https://www.nexusmods.com/baldursgate3/mods/16597,16597,16597
1,Spells Enhanced - Elemental Weapon,MaskedRPGFan,Spells,1.0.0,182,2023-11-20T20:53:53.000+00:00,published,prolific_author,https://www.nexusmods.com/baldursgate3/mods/3672,3672,3672
1,The Undying Light - Warlock Subclass,Lumaterian,Classes,1.5.0,182,2025-12-02T01:53:19.000+00:00,published,category_top5pct,https://www.nexusmods.com/baldursgate3/mods/9245,9245,9245
1,If Fate Chose Differently - Wyll Pact Points Overhaul (WCU Mod 4),Magnetuning,Companions,1.0.0.9,182,2026-05-20T22:11:53.000+00:00,published,"global_top3pct,category_top5pct",https://www.nexusmods.com/baldursgate3/mods/22731,22731,22731
1,Feywild Heads and Antlers for Elves,tepkunset,Character Customisation,2,181,2026-02-20T00:30:10.000+00:00,published,prolific_author,https://www.nexusmods.com/baldursgate3/mods/14540,14540,14540
1,Frozen Sorcery Sorcerer Subclass,havsglimt,Classes,1.0,181,2025-06-03T17:35:30.000+00:00,published,prolific_author,https://www.nexusmods.com/baldursgate3/mods/16976,16976,16976
1,P4 WardRobe,Padme4000,Equipment,1.0.0.0,180,2025-06-10T19:56:15.000+00:00,published,prolific_author,https://www.nexusmods.com/baldursgate3/mods/321,321,321
1,5e Path of the Juggernaut - Barbarian Subclass (Deprecated),Sumradagnoth,Classes,1.9.0.5,180,2024-11-12T17:11:34.000+00:00,published,prolific_author,https://www.nexusmods.com/baldursgate3/mods/12521,12521,12521
1,Veenab Homebrew and 5e Spells,veenab,Spells,1.2.7,180,2025-11-06T09:34:04.000+00:00,published,category_top5pct,https://www.nexusmods.com/baldursgate3/mods/14824,14824,14824
1,Witcher Outfits - Regis,Cerberry,Clothing,1.0.1.0,180,2026-03-12T16:10:16.000+00:00,published,"global_top3pct,category_top20pct_item,prolific_author",https://www.nexusmods.com/baldursgate3/mods/21770,21770,21770
1,Paladin Subclasses Combined - Scroll Learning,BitterPast,Classes,1.0.3,179,2025-05-12T21:26:09.000+00:00,published,prolific_author,https://www.nexusmods.com/baldursgate3/mods/3344,3344,3344
1,Spells Enhanced - Sleep,MaskedRPGFan,Spells,1.1.0,178,2023-10-27T18:50:20.000+00:00,published,prolific_author,https://www.nexusmods.com/baldursgate3/mods/3107,3107,3107
1,Summer Get Away Outfit BT1 BT3 TMTS,Ayuro,Clothing,1.0,178,2026-01-20T11:32:18.000+00:00,published,category_top20pct_item,https://www.nexusmods.com/baldursgate3/mods/20791,20791,20791
1,Spells Enhanced - Mage Armour,MaskedRPGFan,Spells,1.0.0,177,2023-12-08T21:19:05.000+00:00,published,prolific_author,https://www.nexusmods.com/baldursgate3/mods/4792,4792,4792
1,Crimson Hair Catalog Part 1,SweetGenerousThing,Character Customisation,1.3,177,2026-06-25T12:50:34.000+00:00,published,"global_top3pct,category_top5pct",https://www.nexusmods.com/baldursgate3/mods/21659,21659,21659
1,Occultist Class (Blue Mage),wesslen,Classes,1.6.6,176,2026-04-23T19:55:09.000+00:00,published,prolific_author,https://www.nexusmods.com/baldursgate3/mods/17746,17746,17746
1,Book of Rogues - 5e Rogue Subclasses,IncogneatoBurrito,Classes,1.0.0.3,175,2026-03-11T04:12:52.000+00:00,published,"global_top3pct,category_top5pct",https://www.nexusmods.com/baldursgate3/mods/19717,19717,19717
1,Get Ready,VitruvianGuar,Gameplay,1.1,174,2023-10-09T18:28:43.000+00:00,published,dependency_closure_inherited,https://www.nexusmods.com/baldursgate3/mods/3063,3063,3063
1,Misc Little Mods,xarara,Miscellaneous,1.0,174,2025-07-12T14:07:16.000+00:00,published,category_top5pct,https://www.nexusmods.com/baldursgate3/mods/6137,6137,6137
1,Barrel Tweaks,Exaen,Resources,1.0.1.10,174,2024-12-23T14:38:09.000+00:00,published,category_top5pct,https://www.nexusmods.com/baldursgate3/mods/14394,14394,14394
1,The Alchemist's Daughter - Body Type 1 Rogue Monk Armour,copperleaves,Clothing,1.0.0.9,174,2026-01-05T22:38:04.000+00:00,published,category_top20pct_item,https://www.nexusmods.com/baldursgate3/mods/19844,19844,19844
1,Dinner With Strahd - A Curse of Strahd Story Mod,Ocelot,Quests,1.1.2,173,2026-03-02T20:56:19.000+00:00,published,"category_top5pct,category_floor",https://www.nexusmods.com/baldursgate3/mods/21485,21485,21485
1,Hellish Rebuke - Reaction Only,BitterPast,Spells,1.0.1,172,2024-01-03T17:22:22.000+00:00,published,prolific_author,https://www.nexusmods.com/baldursgate3/mods/4338,4338,4338
1,OneDnD Warlock - Magical Cunning,BG3 Community Library Team,Classes,1.0.0.0,172,2024-01-26T09:25:25.000+00:00,published,prolific_author,https://www.nexusmods.com/baldursgate3/mods/5525,5525,5525
1,Custom Backdrops for Character Creation and Level Up (Full Version Mod),AnteMaxx,Miscellaneous,1.0,171,2023-08-06T15:20:44.000+00:00,published,prolific_author,https://www.nexusmods.com/baldursgate3/mods/238,238,238
1,Serpentborn - Poison Feat,BitterPast,Gameplay,1.0.0,171,2024-01-18T23:16:25.000+00:00,published,prolific_author,https://www.nexusmods.com/baldursgate3/mods/6016,6016,6016
1,Xara's Spellbook,xarara,Spells,1.04,171,2026-04-03T16:19:04.000+00:00,published,category_top5pct,https://www.nexusmods.com/baldursgate3/mods/17109,17109,17109
1,Gladiator Armour Set,JC136,Equipment,1.0,170,2024-02-04T15:54:46.000+00:00,published,category_top20pct_item,https://www.nexusmods.com/baldursgate3/mods/6468,6468,6468
1,5R Fount of Moonlight (dnd 5e 2024 PHB),ShadyDax,Spells,1.0.0.0,170,2026-06-16T17:02:43.000+00:00,published,"global_top3pct,category_top5pct",https://www.nexusmods.com/baldursgate3/mods/11543,11543,11543
1,Guts Armor Sets - Lokelani Refit (clothes- outfits- berserk),lokelaniii,Armor,1.0,170,2024-10-17T09:59:43.000+00:00,published,dependency_closure_inherited,https://www.nexusmods.com/baldursgate3/mods/13099,13099,13099
1,Crafting Skills Extra - craft scrolls craft weapons,LostSoulMan,Miscellaneous,1.06,169,2025-02-24T23:19:50.000+00:00,published,prolific_author,https://www.nexusmods.com/baldursgate3/mods/299,299,299
1,Slightly Better Dragonborn,BitterPast,Races,1.0.7,169,2024-09-29T16:31:44.000+00:00,published,prolific_author,https://www.nexusmods.com/baldursgate3/mods/3300,3300,3300
1,Spells Enhanced - Divine Favour,MaskedRPGFan,Spells,1.0.0,169,2024-01-03T22:02:25.000+00:00,published,prolific_author,https://www.nexusmods.com/baldursgate3/mods/3541,3541,3541
1,Oath Framework,BG3 Community Library Team,Utilities,1.2.1,169,2024-05-05T00:41:05.000+00:00,published,prolific_author,https://www.nexusmods.com/baldursgate3/mods/6493,6493,6493
1,Taulmaril The Heartseeker,Haytur,Weapons,1.3,169,2026-06-10T03:42:58.000+00:00,published,category_top20pct_item,https://www.nexusmods.com/baldursgate3/mods/7617,7617,7617
1,Alternate Main Menu - Skip Logos - Skip Splash Screen - Fast Startup,Aether,Visuals,1.2,169,2026-03-20T18:56:31.000+00:00,published,prolific_author,https://www.nexusmods.com/baldursgate3/mods/9588,9588,9588
1,Circle of Winter Druid Subclass,havsglimt,Classes,1.0,169,2025-04-24T17:23:32.000+00:00,published,prolific_author,https://www.nexusmods.com/baldursgate3/mods/15058,15058,15058
1,Petite Body and Cute Outfits,Sindae,Clothing,1.3a,169,2025-05-01T20:49:37.000+00:00,published,prolific_author,https://www.nexusmods.com/baldursgate3/mods/15836,15836,15836
1,Frostbite Blade,Kate,Spells,2.1.0,168,2024-12-13T23:40:45.000+00:00,published,dependency_closure_inherited,https://www.nexusmods.com/baldursgate3/mods/1188,1188,1188
1,Immolation - Heat Feat,BitterPast,Gameplay,1.0.0,168,2024-01-18T17:16:17.000+00:00,published,prolific_author,https://www.nexusmods.com/baldursgate3/mods/6011,6011,6011
1,Mage Armour - Quality of Life,kharneth,Gameplay,1.0,168,2024-03-19T19:15:09.000+00:00,published,prolific_author,https://www.nexusmods.com/baldursgate3/mods/8089,8089,8089
1,Choose your Starting Gear,Darkynho,Equipment,3.0,168,2026-03-31T23:23:45.000+00:00,published,category_top20pct_item,https://www.nexusmods.com/baldursgate3/mods/16880,16880,16880
1,Eyes of the Beholder - Universal Automatic Patcher (EotB UAP),Volitio,Utilities,1.0.0,168,2026-02-15T13:05:26.000+00:00,published,"global_top3pct,dependency_floor_10plus,prolific_author",https://www.nexusmods.com/baldursgate3/mods/21440,21440,21440
1,Favored Soul - Sorcerer Subclass,Lumaterian,Classes,1.4.0,167,2025-10-22T15:12:08.000+00:00,published,category_top5pct,https://www.nexusmods.com/baldursgate3/mods/9369,9369,9369
1,Faerun Fashionistas Mega Pose Pack - NSFW Edition,Faerun Fashionistas,Photo Mode,1.0.0.6,167,2026-06-13T00:03:23.000+00:00,published,category_top5pct,https://www.nexusmods.com/baldursgate3/mods/20030,20030,20030
1,P4_CC Red Hair Edits,Padme4000,Character Customisation,1.0.0.0,166,2023-08-29T14:23:12.000+00:00,published,prolific_author,https://www.nexusmods.com/baldursgate3/mods/1319,1319,1319
1,Spells Enhanced - Spirit Guardians,MaskedRPGFan,Spells,1.0.0,165,2023-11-21T22:06:53.000+00:00,published,prolific_author,https://www.nexusmods.com/baldursgate3/mods/2366,2366,2366
1,Inspiration Framework,BG3 Community Library Team,Utilities,1.0.0.1,165,2024-06-13T23:26:41.000+00:00,published,prolific_author,https://www.nexusmods.com/baldursgate3/mods/6337,6337,6337
1,OneDnD Monk - Deflect Attacks,BG3 Community Library Team,Classes,1.0.0.0,165,2024-04-29T08:43:36.000+00:00,published,prolific_author,https://www.nexusmods.com/baldursgate3/mods/9019,9019,9019
1,Goon's Condition and Surface Overhaul,BaldursGoonsack,Gameplay,1.0.7.4,165,2026-06-10T17:30:18.000+00:00,published,category_top5pct,https://www.nexusmods.com/baldursgate3/mods/17320,17320,17320
1,Selune's Gifts - Better Free Nightsong Reward and Improved Moonlight Glaive for Selunite Shadowheart,koboldJuno,Equipment,1.1,164,2024-11-22T17:27:58.000+00:00,published,category_top20pct_item,https://www.nexusmods.com/baldursgate3/mods/13902,13902,13902
1,Githyanki Headwear,Aardi,Equipment,1.01,164,2025-03-09T13:11:23.000+00:00,published,category_top20pct_item,https://www.nexusmods.com/baldursgate3/mods/14854,14854,14854
1,Unholy Smite for Oathbreakers,ChizFreak,Spells,4.3.3,164,2025-11-02T06:43:38.000+00:00,published,category_top5pct,https://www.nexusmods.com/baldursgate3/mods/15366,15366,15366
1,Darkborne Vow,Askew,Clothing,1.0.0,164,2025-11-10T04:11:55.000+00:00,published,category_top20pct_item,https://www.nexusmods.com/baldursgate3/mods/19597,19597,19597
1,Infernal Heart - Burning Feat,BitterPast,Gameplay,1.0.0,163,2024-01-26T14:05:06.000+00:00,published,prolific_author,https://www.nexusmods.com/baldursgate3/mods/6216,6216,6216
1,Astarion Character Creation Camera Fix,Aether,Miscellaneous,1.0,163,2024-06-01T09:50:15.000+00:00,published,prolific_author,https://www.nexusmods.com/baldursgate3/mods/9888,9888,9888
1,Scaling Difficulty,wedsels,Gameplay,1.5.2.0,163,2026-06-17T22:24:27.000+00:00,published,category_top5pct,https://www.nexusmods.com/baldursgate3/mods/16723,16723,16723
1,Auto Digger Unbalanced,SwissFred,Gameplay,2.1.8.8,163,2026-06-14T06:21:04.000+00:00,published,category_top5pct,https://www.nexusmods.com/baldursgate3/mods/17129,17129,17129
1,Immersive World Textures,lexo1000,Visuals,1.7,163,2026-05-22T11:22:21.000+00:00,published,category_top5pct,https://www.nexusmods.com/baldursgate3/mods/18252,18252,18252
1,OneDnD Warlock - Pact of the Blade,BG3 Community Library Team,Spells,1.1.1,162,2025-05-06T12:42:07.000+00:00,published,prolific_author,https://www.nexusmods.com/baldursgate3/mods/6234,6234,6234
1,Shield Bash as Action,kharneth,Gameplay,1.1,162,2024-02-17T10:27:46.000+00:00,published,prolific_author,https://www.nexusmods.com/baldursgate3/mods/6279,6279,6279
1,Affinity Rings - A Deepspace Mod,OneEyeAskew,Accessories,1.0.0,162,2025-09-08T23:47:17.000+00:00,published,category_top20pct_item,https://www.nexusmods.com/baldursgate3/mods/14366,14366,14366
1,DEMSOL - Demon Solar Custom Heads,Laruses,Character Customisation,1.2.0,162,2026-05-18T00:53:59.000+00:00,published,category_top5pct,https://www.nexusmods.com/baldursgate3/mods/20625,20625,20625
1,Mazzle's Group Climbing Fix,Mazzle23,Gameplay,1.3.0,162,2026-06-22T03:57:30.000+00:00,published,"global_top3pct,category_top5pct",https://www.nexusmods.com/baldursgate3/mods/23194,23194,23194
1,Spell Sniper Fix,Loktide,Gameplay,1.2,161,2023-09-06T16:36:26.000+00:00,published,prolific_author,https://www.nexusmods.com/baldursgate3/mods/737,737,737
1,Shadowbound - Obscured Feat,BitterPast,Gameplay,1.0.0,160,2024-02-14T08:16:10.000+00:00,published,prolific_author,https://www.nexusmods.com/baldursgate3/mods/6041,6041,6041
1,Hammer of Disenchantment Quest,loki,Equipment,2.0,160,2026-06-02T11:38:29.000+00:00,published,"global_top3pct,category_top20pct_item",https://www.nexusmods.com/baldursgate3/mods/6433,6433,6433
1,Barbarian Blood Magic Subclass,Bysell,Classes,1.0,160,2024-02-09T02:28:41.000+00:00,published,dependency_closure_inherited,https://www.nexusmods.com/baldursgate3/mods/6593,6593,6593
1,5e Way of the Drunken Master - Monk Subclass,Sumradagnoth,Classes,1.9.0.4,160,2024-11-30T03:23:41.000+00:00,published,prolific_author,https://www.nexusmods.com/baldursgate3/mods/12752,12752,12752
1,Lone Wolf Feat - SE,BaldursGoonsack and wtfbengt,Gameplay,2.3.1.0,160,2026-06-09T06:54:20.000+00:00,published,"global_top3pct,category_top5pct",https://www.nexusmods.com/baldursgate3/mods/14351,14351,14351
1,Alfira Redux - The Weeping Dawn,PoisonValentineXIII,Visuals,1,160,2026-05-03T16:38:36.000+00:00,published,category_top5pct,https://www.nexusmods.com/baldursgate3/mods/19738,19738,19738
1,Spells Enhanced - Healing Radiance,MaskedRPGFan,Spells,3.0.1,159,2023-12-07T13:48:26.000+00:00,published,prolific_author,https://www.nexusmods.com/baldursgate3/mods/855,855,855
1,Spells Enhanced - Fireball,MaskedRPGFan,Spells,1.0.0,159,2023-12-21T17:50:08.000+00:00,published,prolific_author,https://www.nexusmods.com/baldursgate3/mods/4972,4972,4972
1,Better Hag Hair,Syrchalis,Gameplay,1.0.1,159,2025-06-05T08:52:31.000+00:00,published,prolific_author,https://www.nexusmods.com/baldursgate3/mods/16330,16330,16330
1,Basic Weapon Actions Consolidated,Muffel,User Interface,2.1.0,159,2026-06-22T22:22:35.000+00:00,published,"global_top3pct,category_top5pct",https://www.nexusmods.com/baldursgate3/mods/16884,16884,16884
1,FleshForge - Dragonborn CC Body Selector - Digitigrade,AkELkA,Character Customisation,1.0.0.26,159,2026-05-29T18:52:32.000+00:00,published,"global_top3pct,category_top5pct",https://www.nexusmods.com/baldursgate3/mods/19392,19392,19392
1,Celebringon's Lord of the Rings Weaponry,Celebringon,Equipment,1.0.1.0,158,2025-04-20T08:19:12.000+00:00,published,category_top20pct_item,https://www.nexusmods.com/baldursgate3/mods/12074,12074,12074
1,Such a Tease - Ornamented (a Raphael redressing mod),Nikjima,Accessories,2.0.0.14,158,2026-04-16T18:21:52.000+00:00,published,category_top20pct_item,https://www.nexusmods.com/baldursgate3/mods/13218,13218,13218
1,College of Tragedy Bard Subclass,havsglimt,Classes,1.2,158,2025-08-02T13:53:07.000+00:00,published,prolific_author,https://www.nexusmods.com/baldursgate3/mods/15166,15166,15166
1,Axi and Cay's Hand-Holding Poses,axianaa and fateseekercay,Photo Mode,1.0.0.18,158,2026-06-13T00:37:49.000+00:00,published,category_top5pct,https://www.nexusmods.com/baldursgate3/mods/19473,19473,19473
1,Passive Boost Deduplicator,osirisofInternet,Miscellaneous,1.2.1,158,2026-06-15T00:48:46.000+00:00,published,"global_top3pct,category_top5pct",https://www.nexusmods.com/baldursgate3/mods/19523,19523,19523
1,Twilight Elegy,Obscen1ty,Armor,1.0.0.4,158,2025-11-15T00:00:08.000+00:00,published,category_top20pct_item,https://www.nexusmods.com/baldursgate3/mods/19673,19673,19673
1,ZillionZ of Expressions by Echo,Echo20,Photo Mode,1.0.0.37,158,2026-06-13T01:02:20.000+00:00,published,category_top5pct,https://www.nexusmods.com/baldursgate3/mods/21610,21610,21610
1,OneDnD Spells - Starry Wisp Cantrip,BG3 Community Library Team,Spells,1.0.0.0,157,2024-03-25T01:24:35.000+00:00,published,prolific_author,https://www.nexusmods.com/baldursgate3/mods/5355,5355,5355
1,Staves of the Forgotten,mons,Weapons,2.0.2,157,2026-05-15T02:21:58.000+00:00,published,category_top20pct_item,https://www.nexusmods.com/baldursgate3/mods/22092,22092,22092
1,Foxey lady - Head presets,SweetGenerousThing,Character Customisation,1.1,157,2026-05-11T13:19:58.000+00:00,published,category_top5pct,https://www.nexusmods.com/baldursgate3/mods/22733,22733,22733
1,Unique Gear - Helm of Balduran,MaskedRPGFan,Equipment,1.0.0,156,2023-09-08T14:34:02.000+00:00,published,prolific_author,https://www.nexusmods.com/baldursgate3/mods/1990,1990,1990
1,Wild Shape Disguises,Belinn,Gameplay,2.0,156,2024-04-05T01:13:31.000+00:00,published,prolific_author,https://www.nexusmods.com/baldursgate3/mods/2023,2023,2023
1,Spells Enhanced - Cure Wounds,MaskedRPGFan,Spells,1.0.0,156,2023-12-13T19:59:27.000+00:00,published,prolific_author,https://www.nexusmods.com/baldursgate3/mods/5102,5102,5102
1,Fix Hair Accessory Color,perseidipity,Visuals,1.1.0,156,2025-01-11T18:09:44.000+00:00,published,prolific_author,https://www.nexusmods.com/baldursgate3/mods/5256,5256,5256
1,Justicar - Rogue Subclass,Lumaterian,Classes,1.5.0,156,2025-11-19T16:23:02.000+00:00,published,category_top5pct,https://www.nexusmods.com/baldursgate3/mods/8318,8318,8318
1,Conjure Animals and Summon Beast Spells,ChizFreak,Spells,2.2.8,156,2025-12-16T04:33:14.000+00:00,published,category_top5pct,https://www.nexusmods.com/baldursgate3/mods/13458,13458,13458
1,Debonaire Rogue Subclass,havsglimt,Classes,1.1,156,2025-05-03T20:16:34.000+00:00,published,prolific_author,https://www.nexusmods.com/baldursgate3/mods/15215,15215,15215
1,Astra's Load Order Dividers,Astralities,Utilities,1.0,156,2026-02-23T06:04:28.000+00:00,published,prolific_author,https://www.nexusmods.com/baldursgate3/mods/21532,21532,21532
1,Barbarian Subclasses Combined - Scroll Learning,BitterPast,Classes,1.0.2,155,2025-05-13T14:49:27.000+00:00,published,prolific_author,https://www.nexusmods.com/baldursgate3/mods/3325,3325,3325
1,Combat Animation mod The Fist And The Sword,WOTW05,Animations,4.1.1.3767641,155,2025-05-13T04:19:24.000+00:00,published,category_top5pct,https://www.nexusmods.com/baldursgate3/mods/3684,3684,3684
1,Stellar Nocturne - Outfit Set,BerrySemifreddo,Clothing,1.0.0.25,155,2026-02-07T00:39:48.000+00:00,published,category_top20pct_item,https://www.nexusmods.com/baldursgate3/mods/21357,21357,21357
1,SweetGenerous' Darling face - New heads,SweetGenerousThing,Character Customisation,1.2,155,2026-04-16T19:09:14.000+00:00,published,category_top5pct,https://www.nexusmods.com/baldursgate3/mods/21891,21891,21891
1,Elemental Fireball - Chromatic Fireball,Shivero,Spells,1.0.0.1,154,2023-11-22T01:21:40.000+00:00,published,prolific_author,https://www.nexusmods.com/baldursgate3/mods/4384,4384,4384
1,Circle of the Sea - Druid Subclass,CorianderBoi,Classes,1.1.1.1,154,2024-03-08T03:46:27.000+00:00,published,dependency_closure_inherited,https://www.nexusmods.com/baldursgate3/mods/7586,7586,7586
1,Occult Scholar's Ensemble,Askew,Clothing,1.0.0,154,2026-01-17T18:36:23.000+00:00,published,category_top20pct_item,https://www.nexusmods.com/baldursgate3/mods/20522,20522,20522
1,Friends With Benefits - Approval Rating Buffs,For_Kiramay,Gameplay,1.0.0.10,154,2026-02-24T22:00:15.000+00:00,published,category_top5pct,https://www.nexusmods.com/baldursgate3/mods/21599,21599,21599
1,Spells Enhanced - Shillelagh,MaskedRPGFan,Spells,1.2.0,153,2023-12-28T20:26:48.000+00:00,published,prolific_author,https://www.nexusmods.com/baldursgate3/mods/4932,4932,4932
1,No Shar Symbol Shadowheart Tent,commanderstrawberry,Visuals,1.1,153,2024-02-19T12:43:14.000+00:00,published,prolific_author,https://www.nexusmods.com/baldursgate3/mods/6877,6877,6877
1,Metamagic Enhanced,Lumaterian,Classes,1.4.0,153,2025-10-29T11:55:55.000+00:00,published,category_top5pct,https://www.nexusmods.com/baldursgate3/mods/9543,9543,9543
1,Grim Surgeon Rogue Subclass,havsglimt,Classes,1.0,153,2025-04-24T17:24:16.000+00:00,published,prolific_author,https://www.nexusmods.com/baldursgate3/mods/15493,15493,15493
1,Crimson Hair Catalog Part 2,SweetGenerousThing,Character Customisation,1.1,153,2026-05-08T15:01:53.000+00:00,published,"global_top3pct,category_top5pct",https://www.nexusmods.com/baldursgate3/mods/22589,22589,22589
1,Transgender Shadowheart,Aether,Character Customisation,1.1,152,2024-04-18T20:48:52.000+00:00,published,prolific_author,https://www.nexusmods.com/baldursgate3/mods/4410,4410,4410
1,Pact of the Shroud,Cheek,Classes,1.2.0.0,152,2025-05-05T04:13:59.000+00:00,published,dependency_closure_inherited,https://www.nexusmods.com/baldursgate3/mods/6001,6001,6001
1,Shel's Circle of Artifice,perseidipity,Equipment,1.0.1,152,2024-02-22T05:39:43.000+00:00,published,prolific_author,https://www.nexusmods.com/baldursgate3/mods/6239,6239,6239
1,Aether's Obliterate,Aether,Spells,1.0,152,2024-03-06T21:10:11.000+00:00,published,prolific_author,https://www.nexusmods.com/baldursgate3/mods/7634,7634,7634
1,Faerun Fashionistas Mega Pose Patch,axi and echo,Photo Mode,1.0.0.42,152,2026-06-13T00:32:37.000+00:00,published,"global_top3pct,category_top5pct",https://www.nexusmods.com/baldursgate3/mods/20159,20159,20159
1,Adytum Nzx,Nzx,Resources,1.1.1,152,2026-04-11T01:24:48.000+00:00,published,category_top5pct,https://www.nexusmods.com/baldursgate3/mods/20520,20520,20520
1,2024 Purple Dragon Knight (UA) - Fighter Subclass,Sumradagnoth,Classes,2.0,151,2025-08-11T16:08:33.000+00:00,published,prolific_author,https://www.nexusmods.com/baldursgate3/mods/15607,15607,15607
1,Toggleable Zaith'isk Awakened Passive,tempvee,Gameplay,1.1,150,2023-11-09T13:54:40.000+00:00,published,dependency_closure_inherited,https://www.nexusmods.com/baldursgate3/mods/2779,2779,2779
1,Spells Enhanced - Pass Without Trace,MaskedRPGFan,Spells,1.1.0,150,2023-10-31T15:46:34.000+00:00,published,prolific_author,https://www.nexusmods.com/baldursgate3/mods/3207,3207,3207
1,Learn Skill Expertise Of Choice,BitterPast,Gameplay,1.0.1,150,2024-01-28T11:39:26.000+00:00,published,prolific_author,https://www.nexusmods.com/baldursgate3/mods/4447,4447,4447
1,Spells Enhanced - Prayer of Healing,MaskedRPGFan,Spells,1.1.0,150,2023-12-14T22:34:51.000+00:00,published,prolific_author,https://www.nexusmods.com/baldursgate3/mods/5119,5119,5119
1,5e Way of Mercy - Monk Subclass (Deprecated),Sumradagnoth,Classes,1.9.0.1,150,2024-11-29T16:43:32.000+00:00,published,prolific_author,https://www.nexusmods.com/baldursgate3/mods/13224,13224,13224
1,5e Fey Wanderer - Ranger Subclass (Deprecated),Sumradagnoth,Classes,1.9.0.2,150,2024-12-11T16:38:18.000+00:00,published,prolific_author,https://www.nexusmods.com/baldursgate3/mods/13959,13959,13959
1,Spells Enhanced - Bane,MaskedRPGFan,Spells,2.0.0,149,2023-11-28T04:45:17.000+00:00,published,prolific_author,https://www.nexusmods.com/baldursgate3/mods/2358,2358,2358
1,Spells Enhanced - Heal,MaskedRPGFan,Spells,1.0.0,149,2023-12-16T21:01:57.000+00:00,published,prolific_author,https://www.nexusmods.com/baldursgate3/mods/5128,5128,5128
1,Eldritch Domain Cleric Subclass,havsglimt,Classes,1.1,149,2025-06-18T19:34:27.000+00:00,published,prolific_author,https://www.nexusmods.com/baldursgate3/mods/15357,15357,15357
1,Bleeding Overhaul,ShadyDax,Gameplay,1.0.0.0,149,2025-07-19T23:19:14.000+00:00,published,dependency_closure_inherited,https://www.nexusmods.com/baldursgate3/mods/17401,17401,17401
1,Spells Enhanced - Holy Rebuke,MaskedRPGFan,Spells,2.0.0,148,2023-11-28T03:18:29.000+00:00,published,prolific_author,https://www.nexusmods.com/baldursgate3/mods/1027,1027,1027
1,Spells Enhanced - Gaseous Form,MaskedRPGFan,Spells,2.0.0,148,2023-11-28T03:45:04.000+00:00,published,prolific_author,https://www.nexusmods.com/baldursgate3/mods/2271,2271,2271
1,Easy Barter and Trade,MaskedRPGFan,Miscellaneous,1.0.0,148,2023-09-17T13:09:50.000+00:00,published,prolific_author,https://www.nexusmods.com/baldursgate3/mods/2362,2362,2362
1,Jump Costs Either Movement Or Bonus Action,BitterPast,Spells,1.0.1,148,2024-01-03T21:50:08.000+00:00,published,prolific_author,https://www.nexusmods.com/baldursgate3/mods/4334,4334,4334
1,Jord - T1 and T3 Tiefling Head,Lyniara,Character Customisation,1.0,148,2024-01-03T12:28:31.000+00:00,published,dependency_closure_inherited,https://www.nexusmods.com/baldursgate3/mods/5603,5603,5603
1,5e Brute - Fighter Subclass (Deprecated),Sumradagnoth,Classes,1.9.0.3,148,2024-11-07T23:45:55.000+00:00,published,prolific_author,https://www.nexusmods.com/baldursgate3/mods/12910,12910,12910
1,Improved Unholy Smite for Oathbreakers,ChizFreak,Spells,2.2,148,2025-12-09T06:23:20.000+00:00,published,category_top5pct,https://www.nexusmods.com/baldursgate3/mods/12916,12916,12916
1,Send Wares To Trader,Volitio,Gameplay,1.0.1,147,2024-02-08T23:12:23.000+00:00,published,prolific_author,https://www.nexusmods.com/baldursgate3/mods/6540,6540,6540
1,Feywild Dyes,CatastrophicalCat,Equipment,1.0.0.2,147,2025-08-06T23:52:02.000+00:00,published,category_top20pct_item,https://www.nexusmods.com/baldursgate3/mods/17914,17914,17914
1,Woodland Wardrobe - 5 outfits for BT1,clloudiie,Clothing,1.0.0.3,147,2026-01-12T06:22:59.000+00:00,published,category_top20pct_item,https://www.nexusmods.com/baldursgate3/mods/20653,20653,20653
1,Minthara Auto-Knockout,whatsontheflip,Gameplay,1.0.4.2,147,2026-04-16T07:20:23.000+00:00,published,category_top5pct,https://www.nexusmods.com/baldursgate3/mods/21836,21836,21836
1,Illithid Researcher's Equipment,Astralities,Clothing,1.0,146,2024-10-15T06:56:05.000+00:00,published,prolific_author,https://www.nexusmods.com/baldursgate3/mods/12731,12731,12731
1,Druidic Duality,Syrchalis,Classes,1.0.2,146,2025-06-20T04:54:35.000+00:00,published,prolific_author,https://www.nexusmods.com/baldursgate3/mods/16834,16834,16834
1,Istishia Robe - Water-Woven Outfit,BerrySemifreddo,Armor,1.0.0.21,146,2026-01-17T04:31:06.000+00:00,published,category_top20pct_item,https://www.nexusmods.com/baldursgate3/mods/18774,18774,18774
1,Shadow Curse Begone,BitterPast,Gameplay,1.0.0,145,2023-12-31T02:24:19.000+00:00,published,prolific_author,https://www.nexusmods.com/baldursgate3/mods/5520,5520,5520
1,Bonedrinker - Acid Feat,BitterPast,Gameplay,1.0.0,145,2024-01-20T15:40:19.000+00:00,published,prolific_author,https://www.nexusmods.com/baldursgate3/mods/6054,6054,6054
1,Conjure Consumables - Item Shipment Framework,Belinn,Gameplay,1.2,145,2024-09-15T07:15:29.000+00:00,published,prolific_author,https://www.nexusmods.com/baldursgate3/mods/8342,8342,8342
1,Raeshalare Deaths Whisper,Haytur,Weapons,1.2.5,145,2026-06-10T04:36:16.000+00:00,published,category_top20pct_item,https://www.nexusmods.com/baldursgate3/mods/10107,10107,10107
1,Learn Devils Sight or Superior Darkvision,BitterPast,Spells,1.0.1,144,2024-01-28T15:50:17.000+00:00,published,prolific_author,https://www.nexusmods.com/baldursgate3/mods/5038,5038,5038
1,Misfortune Bringer Rogue Subclass,havsglimt,Classes,1.3,144,2025-06-25T19:28:29.000+00:00,published,prolific_author,https://www.nexusmods.com/baldursgate3/mods/15283,15283,15283
1,Immersive starting gear ( Githyankis ),bububull,Armor,1.0,144,2025-05-11T17:08:32.000+00:00,published,prolific_author,https://www.nexusmods.com/baldursgate3/mods/16520,16520,16520
1,Kaz Lab Assorted Shader Pack,Kaz,Resources,1.0.1,144,2025-10-17T03:32:19.000+00:00,published,category_top5pct,https://www.nexusmods.com/baldursgate3/mods/17005,17005,17005
1,Medea Collection,Beaned Sprout,Clothing,1.0,144,2026-01-10T22:16:00.000+00:00,published,category_top20pct_item,https://www.nexusmods.com/baldursgate3/mods/20626,20626,20626
1,(Vanilla) Clothing and Armors for Lydia's Softer Body 2,Lydia - tealrabbit19,Equipment,2.1.2,143,2025-08-31T00:18:48.000+00:00,published,category_top20pct_item,https://www.nexusmods.com/baldursgate3/mods/8844,8844,8844
1,Path of the Skull Collector - Barbarian Subclass,Monty,Classes,2.4,143,2025-12-28T00:34:04.000+00:00,published,category_top5pct,https://www.nexusmods.com/baldursgate3/mods/13249,13249,13249
1,Human Forge (Modify any weapon),nick,Equipment,1.7,143,2025-04-29T01:14:09.000+00:00,published,category_top20pct_item,https://www.nexusmods.com/baldursgate3/mods/14716,14716,14716
1,Blades of Lineage,Akumu,Weapons,1.4.0.0,143,2026-01-26T18:14:58.000+00:00,published,category_top20pct_item,https://www.nexusmods.com/baldursgate3/mods/17260,17260,17260
1,Poesielibre's Lithe Physique Body textures for UTAV and KAVT - TMTS support,Poesielibre,Character Customisation,1,143,2026-06-07T18:45:58.000+00:00,published,category_top5pct,https://www.nexusmods.com/baldursgate3/mods/21185,21185,21185
1,Ciri DLC outfit by Ren,REN,Equipment,1.0,142,2024-02-05T14:38:39.000+00:00,published,dependency_closure_inherited,https://www.nexusmods.com/baldursgate3/mods/6507,6507,6507
1,Frost Knight Armor By REN,REN,Armor,1.0,142,2024-10-27T13:53:05.000+00:00,published,dependency_closure_inherited,https://www.nexusmods.com/baldursgate3/mods/13423,13423,13423
1,BG3 Lazy Tailor - Outfit Refitting Tools for Blender,Volno,Resources,v1.3.1,142,2026-05-20T07:26:05.000+00:00,published,category_top5pct,https://www.nexusmods.com/baldursgate3/mods/15414,15414,15414
1,Pause The Game,Volitio,Gameplay,1.0.0,142,2025-11-08T17:26:46.000+00:00,published,prolific_author,https://www.nexusmods.com/baldursgate3/mods/19517,19517,19517
1,No Wound Flares During Party Banter,HyperspaceTowel,Gameplay,1.0.0.10,142,2026-05-18T17:04:53.000+00:00,published,category_top5pct,https://www.nexusmods.com/baldursgate3/mods/22614,22614,22614
1,Arcadia - Clothing and Light Armor,onyx,Armor,1,142,2026-06-02T19:20:05.000+00:00,published,category_top20pct_item,https://www.nexusmods.com/baldursgate3/mods/23178,23178,23178
1,Oath of Zeal - Paladin Subclass,Lumaterian,Classes,1.3.0,141,2024-11-08T22:26:34.000+00:00,published,dependency_closure_inherited,https://www.nexusmods.com/baldursgate3/mods/8329,8329,8329
1,True Strike (2024),wesslen,Spells,1.4.10,141,2026-04-28T11:35:08.000+00:00,published,"category_top5pct,prolific_author",https://www.nexusmods.com/baldursgate3/mods/16860,16860,16860
1,Sweaty Crown Of Wet King (Fixed),FluffySpider,Equipment,1.0,140,2024-06-24T03:53:41.000+00:00,published,category_top20pct_item,https://www.nexusmods.com/baldursgate3/mods/10120,10120,10120
1,Winter Walker Ranger Subclass,havsglimt,Classes,1.2,140,2025-08-02T14:17:46.000+00:00,published,prolific_author,https://www.nexusmods.com/baldursgate3/mods/17030,17030,17030
1,Learn Skill Proficiencies Of Choice,BitterPast,Gameplay,1.0.2,139,2024-01-28T11:45:50.000+00:00,published,prolific_author,https://www.nexusmods.com/baldursgate3/mods/4402,4402,4402
1,Spells Enhanced - Disintegrate,MaskedRPGFan,Spells,1.0.0,139,2023-12-23T20:19:25.000+00:00,published,prolific_author,https://www.nexusmods.com/baldursgate3/mods/5070,5070,5070
1,Spells Enhanced - Mass Cure Wounds,MaskedRPGFan,Spells,1.0.0,139,2023-12-14T22:15:19.000+00:00,published,prolific_author,https://www.nexusmods.com/baldursgate3/mods/5122,5122,5122
1,Dexterity Jump - Replacer or Standalone,kharneth,Gameplay,1.1,138,2024-02-20T11:39:49.000+00:00,published,prolific_author,https://www.nexusmods.com/baldursgate3/mods/4982,4982,4982
1,Sell Tadpoles,BitterPast,Miscellaneous,1.0.0,138,2024-02-04T12:28:35.000+00:00,published,prolific_author,https://www.nexusmods.com/baldursgate3/mods/6450,6450,6450
1,Ley's Multiverse of Dark Souls,Leyllara,Equipment,1.0.1.70,138,2024-09-11T23:55:46.000+00:00,published,category_top20pct_item,https://www.nexusmods.com/baldursgate3/mods/12113,12113,12113
1,Taulmaril Heartseeker longBow by Sankojin,Sankojin,Weapons,1.0.0.9,138,2025-01-03T10:24:14.000+00:00,published,category_top20pct_item,https://www.nexusmods.com/baldursgate3/mods/14535,14535,14535
1,More Shields by Guigodead,Guigodead,Equipment,1.2,138,2025-04-26T02:53:53.000+00:00,published,category_top20pct_item,https://www.nexusmods.com/baldursgate3/mods/14761,14761,14761
1,Ritual Casting and Always-Prepared Spells for Wizards_Rituals and Utility Spells Consolidated,Muffel,User Interface,2.2.0,138,2026-06-11T21:09:40.000+00:00,published,global_top3pct,https://www.nexusmods.com/baldursgate3/mods/16790,16790,16790
1,Tail Accessories,baeator,Equipment,1.0.3,138,2026-04-17T14:52:59.000+00:00,published,category_top20pct_item,https://www.nexusmods.com/baldursgate3/mods/22409,22409,22409
1,Spells Enhanced - Enhance Ability,MaskedRPGFan,Spells,1.0.0,137,2023-09-18T21:26:24.000+00:00,published,prolific_author,https://www.nexusmods.com/baldursgate3/mods/2307,2307,2307
1,Transgender Wyll,Aether,Character Customisation,1.1,137,2026-05-19T12:52:31.000+00:00,published,prolific_author,https://www.nexusmods.com/baldursgate3/mods/4111,4111,4111
1,RandoRuda's Repertoire of Random Requests,BG3 Community Library Team,Miscellaneous,1,137,2026-06-21T05:58:50.000+00:00,published,prolific_author,https://www.nexusmods.com/baldursgate3/mods/5862,5862,5862
1,5e Path of the Ancestral Guardian - Barbarian Subclass,Lexicoo,Classes,1.0,137,2024-02-05T11:09:49.000+00:00,published,dependency_closure_inherited,https://www.nexusmods.com/baldursgate3/mods/6411,6411,6411
1,Extra Reach Spears Staves and Tridents,kharneth,Gameplay,1.0,137,2024-09-12T09:44:13.000+00:00,published,prolific_author,https://www.nexusmods.com/baldursgate3/mods/11840,11840,11840
1,Whips Expanded,CaptainsShieldMedia,Weapons,2.1,137,2026-01-11T02:20:37.000+00:00,published,category_top20pct_item,https://www.nexusmods.com/baldursgate3/mods/19277,19277,19277
1,Luminous Coiffure - Glowing Hairstyles,Astralities,Character Customisation,1.0,137,2025-10-28T03:34:51.000+00:00,published,prolific_author,https://www.nexusmods.com/baldursgate3/mods/19401,19401,19401
1,Dynamic Extra Encounters,GraphicFade,Gameplay,1.0.0.22,137,2026-06-07T23:10:50.000+00:00,published,category_top5pct,https://www.nexusmods.com/baldursgate3/mods/22290,22290,22290
1,Sanguine - Bleeding Feat,BitterPast,Gameplay,1.0.0,136,2024-02-13T13:08:21.000+00:00,published,prolific_author,https://www.nexusmods.com/baldursgate3/mods/6184,6184,6184
1,Sprout's Circlet Collection,beanedsprout,Accessories,1.0,136,2025-03-13T13:16:02.000+00:00,published,category_top20pct_item,https://www.nexusmods.com/baldursgate3/mods/15337,15337,15337
1,Liber Profanus - Symbo's Necrotic Spells - Vol. 1 - Multiple Versions,SymboJones,Spells,1.3.6,136,2025-10-18T22:02:12.000+00:00,published,category_top5pct,https://www.nexusmods.com/baldursgate3/mods/18701,18701,18701
1,Homebrew Blade Cantrips,zx10rx,Spells,1.2.0,136,2026-05-22T17:56:23.000+00:00,published,"global_top3pct,category_top5pct",https://www.nexusmods.com/baldursgate3/mods/20418,20418,20418
1,Spells Enhanced - Moonbeam,MaskedRPGFan,Spells,1.0.0,135,2023-12-28T22:23:16.000+00:00,published,prolific_author,https://www.nexusmods.com/baldursgate3/mods/4841,4841,4841
1,The Morninglord's Morningstar,Exaen,Weapons,2.1.2.0,135,2026-05-17T22:22:24.000+00:00,published,category_top20pct_item,https://www.nexusmods.com/baldursgate3/mods/14149,14149,14149
1,Nature's Garb,Elledwyn,Equipment,1.0.0.6,135,2025-12-23T08:46:51.000+00:00,published,category_top20pct_item,https://www.nexusmods.com/baldursgate3/mods/20253,20253,20253
1,Spells Enhanced - Grant Flight,MaskedRPGFan,Spells,1.0.0,134,2023-12-21T16:12:26.000+00:00,published,prolific_author,https://www.nexusmods.com/baldursgate3/mods/4834,4834,4834
1,Increase Weapon Damage,BitterPast,Gameplay,1.0.0,134,2024-01-02T19:21:21.000+00:00,published,prolific_author,https://www.nexusmods.com/baldursgate3/mods/5578,5578,5578
1,More Goal Inspiration or XP,BitterPast,Gameplay,1.0.0,134,2024-01-13T12:47:22.000+00:00,published,prolific_author,https://www.nexusmods.com/baldursgate3/mods/5883,5883,5883
1,Cozy Moments Pose Pack,rdekarios,Photo Mode,1.0.0.21,134,2026-05-01T14:45:16.000+00:00,published,category_top5pct,https://www.nexusmods.com/baldursgate3/mods/20115,20115,20115
1,Palecrest Dress - Clothes Outfit,Lynia,Clothing,1.0,134,2026-02-16T03:45:12.000+00:00,published,category_top20pct_item,https://www.nexusmods.com/baldursgate3/mods/21503,21503,21503
1,Spells Enhanced - Armour of Agathys,MaskedRPGFan,Spells,1.0.0,133,2023-12-19T17:03:12.000+00:00,published,prolific_author,https://www.nexusmods.com/baldursgate3/mods/4503,4503,4503
1,OneDnD Barbarian - Instinctive Pounce,BG3 Community Library Team,Classes,1.1.0,133,2024-05-02T00:38:05.000+00:00,published,prolific_author,https://www.nexusmods.com/baldursgate3/mods/8359,8359,8359
1,OneDnD Barbarian - Relentless Rage,BG3 Community Library Team,Classes,1.0.0,133,2024-05-31T23:07:39.000+00:00,published,prolific_author,https://www.nexusmods.com/baldursgate3/mods/10007,10007,10007
1,Critfisher Ring,Cordelliia,Equipment,1.0,133,2025-09-18T23:32:44.000+00:00,published,category_top20pct_item,https://www.nexusmods.com/baldursgate3/mods/13425,13425,13425
1,Spells Enhanced - Lay on Hands,MaskedRPGFan,Spells,1.1.0,132,2023-12-28T21:52:41.000+00:00,published,prolific_author,https://www.nexusmods.com/baldursgate3/mods/4975,4975,4975
1,Hedge Mage Wizard Subclass,havsglimt,Classes,1.1,132,2025-05-03T21:21:58.000+00:00,published,prolific_author,https://www.nexusmods.com/baldursgate3/mods/15539,15539,15539
1,Awakened Tadpole - Item Shipment Framework,Belinn,Gameplay,2.0,131,2024-04-13T22:06:28.000+00:00,published,prolific_author,https://www.nexusmods.com/baldursgate3/mods/2953,2953,2953
1,Always Succeed Religion Check for your Clerics and Paladins,commanderstrawberry,Gameplay,2,131,2024-04-07T14:42:09.000+00:00,published,prolific_author,https://www.nexusmods.com/baldursgate3/mods/4860,4860,4860
1,Ninjoma's Warlock Viability,Ninjoma,Classes,1.0.7.0,131,2026-02-14T20:54:37.000+00:00,published,category_top5pct,https://www.nexusmods.com/baldursgate3/mods/13779,13779,13779
1,Full Moon - Sailor Moon Inspired Dress,Excapurr,Clothing,1.0,131,2026-04-10T19:52:36.000+00:00,published,category_top20pct_item,https://www.nexusmods.com/baldursgate3/mods/21113,21113,21113
1,Mystra's Blessing Enhanced - Staff Of Arcane Blessing Enhanced,MaskedRPGFan,Spells,1.0.0,130,2023-08-19T19:11:00.000+00:00,published,prolific_author,https://www.nexusmods.com/baldursgate3/mods/1181,1181,1181
1,Shield - Reaction Only,BitterPast,Spells,1.0.0,130,2024-01-12T23:50:44.000+00:00,published,prolific_author,https://www.nexusmods.com/baldursgate3/mods/5873,5873,5873
1,Gab's Equipment,gabunne,Equipment,1.2.0.33,130,2026-06-06T10:47:14.000+00:00,published,category_top20pct_item,https://www.nexusmods.com/baldursgate3/mods/20403,20403,20403
1,Ezuneo's Belly Piercings,Ezu,Accessories,1.0,130,2026-03-30T16:58:37.000+00:00,published,category_top20pct_item,https://www.nexusmods.com/baldursgate3/mods/22194,22194,22194
1,Shadowheart Head Tiefling,hijimare,Character Customisation,1,129,2023-09-18T07:38:56.000+00:00,published,prolific_author,https://www.nexusmods.com/baldursgate3/mods/2416,2416,2416
1,Simple Resistance Feats,BitterPast,Gameplay,1.0.0,129,2024-01-03T16:55:47.000+00:00,published,prolific_author,https://www.nexusmods.com/baldursgate3/mods/3918,3918,3918
1,Cantrips Only Cost Bonus Actions,BitterPast,Spells,1.0.1,129,2024-01-28T12:05:22.000+00:00,published,prolific_author,https://www.nexusmods.com/baldursgate3/mods/4931,4931,4931
1,Tav's Journal,Mazzle,Miscellaneous,2.1.0,129,2026-04-23T18:46:09.000+00:00,published,category_top5pct,https://www.nexusmods.com/baldursgate3/mods/19332,19332,19332
1,Paladin and Sorcerer Combined,BitterPast,Classes,1.0.4,128,2024-09-27T16:04:18.000+00:00,published,prolific_author,https://www.nexusmods.com/baldursgate3/mods/3740,3740,3740
1,Gain Damage Resistance or Immunity,BitterPast,Gameplay,1.0.0,128,2023-12-28T23:35:16.000+00:00,published,prolific_author,https://www.nexusmods.com/baldursgate3/mods/5464,5464,5464
1,Learn Illithid Powers,BitterPast,Gameplay,1.0.0,128,2024-01-03T13:25:38.000+00:00,published,prolific_author,https://www.nexusmods.com/baldursgate3/mods/5606,5606,5606
1,Bigby Wolf - Voice Preset,Arbitality,Audio,2.0,128,2026-02-14T17:35:42.000+00:00,published,category_top5pct,https://www.nexusmods.com/baldursgate3/mods/5892,5892,5892
1,Sarymsak's clothes and armour for monks - rogues - clerics of Ilmater,Sarymsak,Equipment,4.9.1,128,2026-05-04T15:49:00.000+00:00,published,category_top20pct_item,https://www.nexusmods.com/baldursgate3/mods/18501,18501,18501
1,Sharraith Outfit - Shadowforged Armour Set,BerrySemifreddo,Armor,1.0.0.30,128,2026-03-23T20:50:56.000+00:00,published,category_top20pct_item,https://www.nexusmods.com/baldursgate3/mods/19329,19329,19329
1,Less Annoying Hex,wesslen,Spells,1.1.0.1,127,2024-01-21T09:53:35.000+00:00,published,prolific_author,https://www.nexusmods.com/baldursgate3/mods/2152,2152,2152
1,Custom Armour Collection,tepkunset,Armor,1,127,2025-09-11T13:19:28.000+00:00,published,prolific_author,https://www.nexusmods.com/baldursgate3/mods/16220,16220,16220
1,Mayrina and Brothers Edits,PosionvalentineXIII,Accessories,1.0.0.4,127,2026-06-26T09:36:46.000+00:00,published,category_top20pct_item,https://www.nexusmods.com/baldursgate3/mods/20674,20674,20674
1,Aureate Arpeggio - Gilded Gown,BerrySemifreddo,Armor,1.0.0.11,127,2026-01-29T05:20:26.000+00:00,published,category_top20pct_item,https://www.nexusmods.com/baldursgate3/mods/21065,21065,21065
1,Spells Enhanced - Telekinesis,MaskedRPGFan,Spells,1.0.0,126,2023-12-13T10:20:32.000+00:00,published,prolific_author,https://www.nexusmods.com/baldursgate3/mods/5092,5092,5092
1,Learn Knock,BitterPast,Gameplay,1.0.0,126,2024-01-20T15:40:27.000+00:00,published,prolific_author,https://www.nexusmods.com/baldursgate3/mods/6062,6062,6062
1,Slower Rosymorn Monastery Lift,Volitio,Utilities,1.0.0,126,2024-07-17T21:41:08.000+00:00,published,prolific_author,https://www.nexusmods.com/baldursgate3/mods/11014,11014,11014
1,Justice For Sorrow - Upgrade Path And Truly Unique,K_Constantine,Weapons,1.4.2.1,126,2025-07-16T11:26:39.000+00:00,published,category_top20pct_item,https://www.nexusmods.com/baldursgate3/mods/16998,16998,16998
1,Heads of the Hells (BT1 and BT3),tepkunset,Character Customisation,1,126,2025-09-28T23:07:20.000+00:00,published,prolific_author,https://www.nexusmods.com/baldursgate3/mods/18900,18900,18900
1,Interrupted Music Performance Fixer,Ariefel,Miscellaneous,v1.0.1.1,126,2026-05-05T23:01:35.000+00:00,published,category_top5pct,https://www.nexusmods.com/baldursgate3/mods/19451,19451,19451
1,Guidance For All,Aether,Spells,1.0,125,2023-10-11T13:13:09.000+00:00,published,prolific_author,https://www.nexusmods.com/baldursgate3/mods/3185,3185,3185
1,Markoheshkir Expanded,Cahoot,Weapons,1.1.1,125,2026-06-16T13:45:23.000+00:00,published,category_top20pct_item,https://www.nexusmods.com/baldursgate3/mods/15396,15396,15396
1,Halo Crown and Tiara Headdress,Maelle,Accessories,1.1.0,125,2025-08-11T10:46:15.000+00:00,published,category_top20pct_item,https://www.nexusmods.com/baldursgate3/mods/17961,17961,17961
1,Beautiful Strong Skin Textures,Sindae,Visuals,1.0,125,2026-01-02T01:12:17.000+00:00,published,prolific_author,https://www.nexusmods.com/baldursgate3/mods/20450,20450,20450
1,Shadowheart - Shadows for Eyes,Padme4000,Character Customisation,1.0.0.0,124,2024-09-05T06:33:45.000+00:00,published,prolific_author,https://www.nexusmods.com/baldursgate3/mods/195,195,195
1,Pyromancer Sorcerer Subclass,havsglimt,Classes,1.1,124,2025-11-20T21:44:45.000+00:00,published,prolific_author,https://www.nexusmods.com/baldursgate3/mods/17528,17528,17528
1,SSCOD Sitting Animations Pose Pack,Seraphine,Animations,1.0.0.10,124,2025-11-03T10:17:14.000+00:00,published,category_top5pct,https://www.nexusmods.com/baldursgate3/mods/19509,19509,19509
1,Kay's Expensive Ring,perseidipity,Gameplay,1.0.0,123,2023-10-05T20:30:42.000+00:00,published,prolific_author,https://www.nexusmods.com/baldursgate3/mods/2957,2957,2957
1,Shadow Burst cantrip,Shadoweaver,Spells,1.0.3,123,2023-10-31T17:34:38.000+00:00,published,dependency_closure_inherited,https://www.nexusmods.com/baldursgate3/mods/3823,3823,3823
1,Bigger Potion Throw Radius,Belinn,Gameplay,1.1,123,2024-09-15T08:34:15.000+00:00,published,prolific_author,https://www.nexusmods.com/baldursgate3/mods/4012,4012,4012
1,Spells Enhanced - See Invisibility,MaskedRPGFan,Spells,1.0.0,123,2023-12-07T02:18:39.000+00:00,published,prolific_author,https://www.nexusmods.com/baldursgate3/mods/4936,4936,4936
1,Gemmaphile - Feat,BitterPast,Gameplay,1.0.0,123,2024-02-15T00:33:51.000+00:00,published,prolific_author,https://www.nexusmods.com/baldursgate3/mods/6768,6768,6768
1,More Weapons by Guigodead,Guigodead,Weapons,1.0,123,2025-05-22T21:07:28.000+00:00,published,category_top20pct_item,https://www.nexusmods.com/baldursgate3/mods/14913,14913,14913
1,The Sparkstruck Scientist - New Merchant NPC,Team Pride of the Gate - Magnetuning Aimryax and Neonbutchery,Equipment,1.0.0.0,123,2025-02-15T20:00:47.000+00:00,published,category_top20pct_item,https://www.nexusmods.com/baldursgate3/mods/14996,14996,14996
1,Camp Circlets,lilith,Equipment,1.0,123,2025-05-15T02:23:57.000+00:00,published,category_top20pct_item,https://www.nexusmods.com/baldursgate3/mods/16582,16582,16582
1,Gods That Matter,CaptainsShieldMedia,Gameplay,2.2,123,2026-05-10T02:04:31.000+00:00,published,category_top5pct,https://www.nexusmods.com/baldursgate3/mods/19439,19439,19439
1,Freckled and Beautiful - Skin Customization,Astralities,Character Customisation,1.0,123,2026-02-17T20:17:24.000+00:00,published,prolific_author,https://www.nexusmods.com/baldursgate3/mods/21419,21419,21419
1,Mega Thicc Ultra Pregnant,Sindae,Character Customisation,2.0,122,2023-12-02T23:57:20.000+00:00,published,prolific_author,https://www.nexusmods.com/baldursgate3/mods/4765,4765,4765
1,Sera's Silly Cauldron of Delulu Dances,Seraphine,Animations,1.0.0.10,122,2025-10-19T00:34:04.000+00:00,published,category_top5pct,https://www.nexusmods.com/baldursgate3/mods/19293,19293,19293
1,Astarion's Graveyard Scene Extended,RevolutionScribe,Gameplay,1.0.0.2,122,2026-04-15T17:08:33.000+00:00,published,category_top5pct,https://www.nexusmods.com/baldursgate3/mods/22447,22447,22447
1,Circle of Spores Druid Subclass (DEPRECATED),havsglimt,Classes,1.2,121,2023-07-05T23:39:29.000+00:00,published,prolific_author,https://www.nexusmods.com/baldursgate3/mods/471,471,471
1,Dragonborn Breathweapon Buff,LostSoulMan,Gameplay,1.02,121,2023-11-02T05:06:53.000+00:00,published,prolific_author,https://www.nexusmods.com/baldursgate3/mods/915,915,915
1,Abbalar's Bardic Blades,Haytur,Weapons,1.51,121,2025-12-10T00:50:34.000+00:00,published,category_top20pct_item,https://www.nexusmods.com/baldursgate3/mods/10270,10270,10270
1,Early access (datamined) nightsong-umberlee hairstyle,bububull,Character Customisation,1,121,2024-07-26T12:09:01.000+00:00,published,prolific_author,https://www.nexusmods.com/baldursgate3/mods/11243,11243,11243
1,Poesielibre's Bunny's Secret,Poesielibre,Equipment,1.0,121,2026-02-14T20:35:15.000+00:00,published,category_top20pct_item,https://www.nexusmods.com/baldursgate3/mods/20269,20269,20269
1,Astarion's White Eyelashes or Black Eyebrows,Aether,Character Customisation,1.0,120,2024-05-30T14:55:40.000+00:00,published,prolific_author,https://www.nexusmods.com/baldursgate3/mods/9954,9954,9954
1,Nymph Hair (Very Long Ponytail),tepkunset,Character Customisation,1.1,120,2025-05-30T15:01:40.000+00:00,published,prolific_author,https://www.nexusmods.com/baldursgate3/mods/16896,16896,16896
1,Clansong - Speaking Dragonborns CC Heads,AkELkA,Character Customisation,1.0.0.25,120,2026-05-20T02:26:55.000+00:00,published,category_top5pct,https://www.nexusmods.com/baldursgate3/mods/19947,19947,19947
1,Template and guide to Weapons and Armour modding 1.3,AnteMaxx,Equipment,1.3,119,2021-02-13T22:44:37.000+00:00,published,prolific_author,https://www.nexusmods.com/baldursgate3/mods/90,90,90
1,Spells Enhanced - Revivify,MaskedRPGFan,Spells,1.0.0,119,2023-12-10T18:38:12.000+00:00,published,prolific_author,https://www.nexusmods.com/baldursgate3/mods/5023,5023,5023
1,Short Rest Cooldown,Volitio,Utilities,1.0.1,119,2024-09-05T15:10:35.000+00:00,published,prolific_author,https://www.nexusmods.com/baldursgate3/mods/10744,10744,10744
1,Itzel Head (BT1 Human Elf Drow Half-Elf),tepkunset,Character Customisation,2,119,2026-02-27T07:04:23.000+00:00,published,prolific_author,https://www.nexusmods.com/baldursgate3/mods/14736,14736,14736
1,Arcanist Sorcerer Subclass,havsglimt,Classes,1.0,119,2025-08-02T20:14:39.000+00:00,published,prolific_author,https://www.nexusmods.com/baldursgate3/mods/17494,17494,17494
1,Spells Enhanced - Stoneskin,MaskedRPGFan,Spells,1.1.0,118,2023-11-24T00:05:33.000+00:00,published,prolific_author,https://www.nexusmods.com/baldursgate3/mods/2989,2989,2989
1,Karlach Epilogue Outfit Tweak,Belinn,Equipment,2.0,118,2024-03-15T16:24:25.000+00:00,published,prolific_author,https://www.nexusmods.com/baldursgate3/mods/4848,4848,4848
1,Raphael's Outfit as Camp Clothing,Nikjima,Clothing,6.0.1.0,118,2024-05-19T19:45:34.000+00:00,published,dependency_closure_inherited,https://www.nexusmods.com/baldursgate3/mods/5326,5326,5326
1,MB0_PixelBirbi's Blindfold Pack,BirbRR,Equipment,1.0.0,118,2025-08-31T05:27:22.000+00:00,published,category_top20pct_item,https://www.nexusmods.com/baldursgate3/mods/18421,18421,18421
1,Elemental Rays - Chromatic Scorching Ray,Shivero,Spells,1.0.0.0,117,2023-11-19T23:48:03.000+00:00,published,prolific_author,https://www.nexusmods.com/baldursgate3/mods/4064,4064,4064
1,Unlimited Resources Feat,BitterPast,Gameplay,1.0.0,117,2023-11-26T19:39:22.000+00:00,published,prolific_author,https://www.nexusmods.com/baldursgate3/mods/4590,4590,4590
1,Better Mirror of Loss,Syrchalis,Gameplay,1.0.0,117,2025-06-05T08:08:51.000+00:00,published,prolific_author,https://www.nexusmods.com/baldursgate3/mods/17008,17008,17008
1,Give Me My Title - Character Story Title Framework,koboldJuno magnetuning,Miscellaneous,2.1.0.3,117,2025-12-01T02:28:34.000+00:00,published,category_top5pct,https://www.nexusmods.com/baldursgate3/mods/19841,19841,19841
1,Ronin Strawhat,Lukasdaman,Equipment,1.1,116,2023-10-16T04:16:11.000+00:00,published,dependency_closure_inherited,https://www.nexusmods.com/baldursgate3/mods/2969,2969,2969
1,Learn Extra Attack Passives,BitterPast,Miscellaneous,1.0.1,116,2024-01-28T11:58:20.000+00:00,published,prolific_author,https://www.nexusmods.com/baldursgate3/mods/4568,4568,4568
1,Learn Ritual Create-Destroy Water,BitterPast,Spells,1.0.2,116,2024-01-28T11:48:20.000+00:00,published,prolific_author,https://www.nexusmods.com/baldursgate3/mods/4756,4756,4756
1,Custom Common Action Patch,BaldursGoonsack,Utilities,3.3.1.0,116,2026-01-03T15:42:56.000+00:00,published,dependency_closure_inherited,https://www.nexusmods.com/baldursgate3/mods/5403,5403,5403
1,Sprinter - Momentum Feat,BitterPast,Gameplay,1.0.0,116,2024-02-13T13:05:44.000+00:00,published,prolific_author,https://www.nexusmods.com/baldursgate3/mods/6205,6205,6205
1,The Unbroken Circle Druid Subclass,havsglimt,Classes,1.1,116,2025-11-15T13:51:50.000+00:00,published,prolific_author,https://www.nexusmods.com/baldursgate3/mods/17277,17277,17277
1,Labeled Container Creator,Volitio,Utilities,1.1.0,116,2026-02-04T15:58:52.000+00:00,published,prolific_author,https://www.nexusmods.com/baldursgate3/mods/20228,20228,20228
1,Du Boudoir - Sensual Night Dresses and Shirts for Multiple BTs,ARAFEL,Clothing,1.0,116,2026-03-25T22:42:57.000+00:00,published,category_top20pct_item,https://www.nexusmods.com/baldursgate3/mods/22122,22122,22122
1,Warlock Multiclass (Sorlock) Bug Fix and Workaround,Loktide,Gameplay,1.1,115,2023-08-27T13:26:01.000+00:00,published,prolific_author,https://www.nexusmods.com/baldursgate3/mods/1122,1122,1122
1,Learn Misty Step and Ethereal Jaunt,BitterPast,Spells,1.0.1,115,2024-01-28T11:54:36.000+00:00,published,prolific_author,https://www.nexusmods.com/baldursgate3/mods/4613,4613,4613
1,Axi and Cay's LADS Poses,axianaa and fateseekercay,Photo Mode,1.0.0.1,115,2026-06-13T00:36:33.000+00:00,published,category_top5pct,https://www.nexusmods.com/baldursgate3/mods/19618,19618,19618
1,Spells Enhanced - Shadow Strike,MaskedRPGFan,Spells,2.0.0,114,2023-10-26T19:55:05.000+00:00,published,prolific_author,https://www.nexusmods.com/baldursgate3/mods/976,976,976
1,Spells Enhanced - Fire Shield,MaskedRPGFan,Spells,1.1.0,114,2023-10-28T19:02:21.000+00:00,published,prolific_author,https://www.nexusmods.com/baldursgate3/mods/2719,2719,2719
1,Ren's Alucard Head,Ren,Character Customisation,1.0,114,2023-10-23T23:16:59.000+00:00,published,prolific_author,https://www.nexusmods.com/baldursgate3/mods/3587,3587,3587
1,Spells Enhanced - Dimension Door,MaskedRPGFan,Spells,1.0.0,114,2023-12-05T18:59:19.000+00:00,published,prolific_author,https://www.nexusmods.com/baldursgate3/mods/4727,4727,4727
1,Add Action-Reaction Points,BitterPast,Gameplay,1.0.0,114,2024-01-03T13:25:37.000+00:00,published,prolific_author,https://www.nexusmods.com/baldursgate3/mods/5607,5607,5607
1,Oath of Pestilence Paladin Subclass,havsglimt,Classes,1.0,114,2025-05-30T11:32:56.000+00:00,published,prolific_author,https://www.nexusmods.com/baldursgate3/mods/16905,16905,16905
1,AxiAU - Barovia,axianaa,Maps,1.0.0.24,114,2026-03-04T19:25:03.000+00:00,published,category_top5pct,https://www.nexusmods.com/baldursgate3/mods/20160,20160,20160
1,Warlock Full Caster,BitterPast,Classes,1.0.3,113,2025-05-16T13:24:08.000+00:00,published,prolific_author,https://www.nexusmods.com/baldursgate3/mods/3419,3419,3419
1,Bigger HalfOrc,MaskedRPGFan,Races,1.0.0,113,2023-12-03T11:45:41.000+00:00,published,prolific_author,https://www.nexusmods.com/baldursgate3/mods/4797,4797,4797
1,Withers Bodypillow,Zelen,Equipment,1.0.0.0,113,2024-02-25T17:07:40.000+00:00,published,dependency_closure_inherited,https://www.nexusmods.com/baldursgate3/mods/7012,7012,7012
1,Armour Sets Unleashed,lokia2,Equipment,1.0,113,2024-07-20T16:05:12.000+00:00,published,category_top20pct_item,https://www.nexusmods.com/baldursgate3/mods/8920,8920,8920
1,SanSpidersilk Armour,spek7re,Armor,1.2.0.3,113,2024-12-10T21:27:48.000+00:00,published,dependency_closure_inherited,https://www.nexusmods.com/baldursgate3/mods/12873,12873,12873
1,Dawnstar's Psychic Weapons,Dawnstar,Spells,1.0.0.19,113,2026-03-21T04:51:12.000+00:00,published,category_top5pct,https://www.nexusmods.com/baldursgate3/mods/22037,22037,22037
1,BG3SX Spells,ltpitb,Spells,1.0.0.2,113,2026-04-17T02:37:13.000+00:00,published,category_top5pct,https://www.nexusmods.com/baldursgate3/mods/22455,22455,22455
1,Immersive Lighting - Multi coloured Lights,Shivero,Gameplay,1.0.0.0,112,2024-02-27T21:28:59.000+00:00,published,prolific_author,https://www.nexusmods.com/baldursgate3/mods/7249,7249,7249
1,Darts,Aether,Equipment,1.0,112,2024-07-12T01:52:58.000+00:00,published,prolific_author,https://www.nexusmods.com/baldursgate3/mods/10866,10866,10866
1,Amulet of Speak With Animals,Rhonin25,Equipment,1.0,112,2025-03-27T01:48:03.000+00:00,published,category_top20pct_item,https://www.nexusmods.com/baldursgate3/mods/11674,11674,11674
1,Cedastarions' BG3 Head Modding Guide - Beginner's Edition,cedastarions,Resources,1.0,112,2025-09-17T13:52:13.000+00:00,published,category_top5pct,https://www.nexusmods.com/baldursgate3/mods/17955,17955,17955
1,Hunted - Dynamic Ambushes and Revenge System,Vercadi,Gameplay,1.0.9,112,2026-06-06T09:50:09.000+00:00,published,category_top5pct,https://www.nexusmods.com/baldursgate3/mods/22317,22317,22317
1,Speak With Dead Always Highlights Corpses,Volitio,Gameplay,1.0.0,112,2026-04-12T17:12:13.000+00:00,published,prolific_author,https://www.nexusmods.com/baldursgate3/mods/22412,22412,22412
1,Previous Looks of Minthara,Padme4000,Character Customisation,1.0.0.0,111,2023-09-01T14:59:42.000+00:00,published,prolific_author,https://www.nexusmods.com/baldursgate3/mods/1759,1759,1759
1,Brunotavm - Hurry Up - Bonus action QOL,Brunotavm,Gameplay,1.0.0.1,111,2023-10-27T23:34:11.000+00:00,published,dependency_closure_inherited,https://www.nexusmods.com/baldursgate3/mods/3216,3216,3216
1,Chain Eldritch Blast,BitterPast,Spells,1.0.0,111,2023-11-27T01:50:05.000+00:00,published,prolific_author,https://www.nexusmods.com/baldursgate3/mods/4604,4604,4604
1,Gain Advantage,BitterPast,Gameplay,1.0.0,111,2023-12-31T13:17:57.000+00:00,published,prolific_author,https://www.nexusmods.com/baldursgate3/mods/5533,5533,5533
1,Arcane Jinx Dice,Jinx durr,Dice,1.0,111,2025-01-18T00:11:23.000+00:00,published,category_top5pct,https://www.nexusmods.com/baldursgate3/mods/14684,14684,14684
1,Axi and Cay's Meme Poses,axianaa and fateseekercay,Photo Mode,1.0.0.8,111,2026-06-13T00:39:57.000+00:00,published,category_top5pct,https://www.nexusmods.com/baldursgate3/mods/19474,19474,19474
1,AxiAU - Waterdeep,axianaa,Maps,1.0.0.24,111,2026-06-07T15:20:56.000+00:00,published,category_top5pct,https://www.nexusmods.com/baldursgate3/mods/21293,21293,21293
1,OneDnD Warlock - Spell List Additions,BG3 Community Library Team,Spells,2.0.1.0,110,2024-05-26T10:03:01.000+00:00,published,prolific_author,https://www.nexusmods.com/baldursgate3/mods/3942,3942,3942
1,Spells Enhanced - Flame Blade,MaskedRPGFan,Spells,1.0.0,110,2023-12-19T23:33:05.000+00:00,published,prolific_author,https://www.nexusmods.com/baldursgate3/mods/4790,4790,4790
1,Ornate Shoulders,amethystinam,Equipment,1.2,110,2025-07-13T12:57:27.000+00:00,published,category_top20pct_item,https://www.nexusmods.com/baldursgate3/mods/17382,17382,17382
1,Vivid Landscapes - Architecture - Camp and Druid Tents - HD Textures,Hein84,Visuals,1.3.0,110,2026-04-12T22:48:51.000+00:00,published,category_top5pct,https://www.nexusmods.com/baldursgate3/mods/21676,21676,21676
1,Who Runs the World Tavs (A Single Player multitav mod),Padme4000,Gameplay,1.0.1.10,110,2026-06-03T11:55:10.000+00:00,published,"category_top5pct,prolific_author",https://www.nexusmods.com/baldursgate3/mods/22789,22789,22789
1,Ember's Wardrobe (Trickster's Finery),Ariefel,Armor,v1.0.2.1,110,2026-06-05T08:04:42.000+00:00,published,category_top20pct_item,https://www.nexusmods.com/baldursgate3/mods/23095,23095,23095
1,Faster Shadow Strike,MaskedRPGFan,Spells,2.1.0,109,2023-08-23T07:30:59.000+00:00,published,prolific_author,https://www.nexusmods.com/baldursgate3/mods/887,887,887
1,Invoke Duplicity Equipment Fix,wesslen,Visuals,1.4.1,109,2026-04-23T17:24:24.000+00:00,published,prolific_author,https://www.nexusmods.com/baldursgate3/mods/3465,3465,3465
1,Spells Enhanced - Faerie Fire,MaskedRPGFan,Spells,1.0.0,109,2023-12-05T21:53:52.000+00:00,published,prolific_author,https://www.nexusmods.com/baldursgate3/mods/4828,4828,4828
1,Heart Chain Choker,baeator,Equipment,1.0.0,109,2025-09-21T16:12:33.000+00:00,published,category_top20pct_item,https://www.nexusmods.com/baldursgate3/mods/18791,18791,18791
1,Chiz's 5e Spells Adjustments,ChizFreak,Spells,2.4.3.0,109,2026-05-31T00:08:29.000+00:00,published,category_top5pct,https://www.nexusmods.com/baldursgate3/mods/19247,19247,19247
1,Dyeable Vanilla Weapons - Swords and Daggers,Astralities,Utilities,1.0,109,2026-03-26T05:40:21.000+00:00,published,prolific_author,https://www.nexusmods.com/baldursgate3/mods/21735,21735,21735
1,Paladin and Cleric Combined,BitterPast,Classes,1.0.4,108,2025-05-16T13:36:36.000+00:00,published,prolific_author,https://www.nexusmods.com/baldursgate3/mods/3433,3433,3433
1,Transgender Lae'zel,Aether,Character Customisation,1.0,108,2023-11-20T19:35:35.000+00:00,published,prolific_author,https://www.nexusmods.com/baldursgate3/mods/4411,4411,4411
1,Path of the Corpse Eater Barbarian Subclass,havsglimt,Classes,1.1,108,2025-05-03T20:00:29.000+00:00,published,prolific_author,https://www.nexusmods.com/baldursgate3/mods/15056,15056,15056
1,Amanestra The Cursed Blade,Akumu22,Weapons,2.1.1.0,108,2026-05-20T07:59:56.000+00:00,published,category_top20pct_item,https://www.nexusmods.com/baldursgate3/mods/21356,21356,21356
1,NPC as Tav and or Dream Visitor (Daisy Guardian),Padme4000,Character Customisation,1.0.0.0,107,2024-10-05T14:14:11.000+00:00,published,prolific_author,https://www.nexusmods.com/baldursgate3/mods/374,374,374
1,Dungeon Delver Bug Workaround Partial Fix,Loktide,Miscellaneous,1.0,107,2023-08-14T20:07:17.000+00:00,published,prolific_author,https://www.nexusmods.com/baldursgate3/mods/941,941,941
1,Conversion with JWL Crafting Framework,Belinn,Gameplay,1.0,107,2023-10-09T20:23:39.000+00:00,published,prolific_author,https://www.nexusmods.com/baldursgate3/mods/3119,3119,3119
1,Spells Enhanced - Globe of Invulnerability,MaskedRPGFan,Spells,1.0.1,107,2023-12-28T19:24:04.000+00:00,published,prolific_author,https://www.nexusmods.com/baldursgate3/mods/4267,4267,4267
1,Gale's Ring of Evasion,xJustAdam,Equipment,1.1,107,2025-05-30T06:51:13.000+00:00,published,category_top20pct_item,https://www.nexusmods.com/baldursgate3/mods/16876,16876,16876
1,Weapons from the Forge - BG3 Modpack,The Roaring Forge,Weapons,1.0.3,107,2025-10-14T01:57:00.000+00:00,published,category_top20pct_item,https://www.nexusmods.com/baldursgate3/mods/16945,16945,16945
1,Malignant - Wrath Feat,BitterPast,Gameplay,1.0.0,106,2024-01-26T10:49:06.000+00:00,published,prolific_author,https://www.nexusmods.com/baldursgate3/mods/6211,6211,6211
1,Unarmed Attack with Weapon (Monk),Syrchalis,Spells,1.0.2,106,2025-05-10T11:09:19.000+00:00,published,prolific_author,https://www.nexusmods.com/baldursgate3/mods/16268,16268,16268
1,Transgender Astarion,Aether,Character Customisation,1.0,105,2023-11-11T04:36:37.000+00:00,published,prolific_author,https://www.nexusmods.com/baldursgate3/mods/4115,4115,4115
1,Massive Faerie Fire,BitterPast,Spells,1.0.1,105,2025-07-28T10:24:04.000+00:00,published,prolific_author,https://www.nexusmods.com/baldursgate3/mods/4697,4697,4697
1,Gals on Steroids,TashaWeeds,Character Customisation,1.2,105,2024-09-11T03:54:00.000+00:00,published,prolific_author,https://www.nexusmods.com/baldursgate3/mods/7766,7766,7766
1,Body Type 3 UTCA (more rough),hijimare,Character Customisation,1.2,105,2024-09-05T18:16:13.000+00:00,published,prolific_author,https://www.nexusmods.com/baldursgate3/mods/11976,11976,11976
1,Look At This Photograph - Isobel Dialogue Unlocker,Magnetuning,Gameplay,1.0.0.0,105,2026-05-08T17:21:18.000+00:00,published,category_top5pct,https://www.nexusmods.com/baldursgate3/mods/22759,22759,22759
1,Starting Equipment PHB,Lumaterian,Equipment,2.7.0,104,2024-10-24T16:49:58.000+00:00,published,category_top20pct_item,https://www.nexusmods.com/baldursgate3/mods/6373,6373,6373
1,OneDnD Modules - Wizard,BG3 Community Library Team,Classes,1.0.0.0,104,2024-05-26T04:36:51.000+00:00,published,prolific_author,https://www.nexusmods.com/baldursgate3/mods/9661,9661,9661
1,BG3 IK Animation Rigs,Kit,Resources,1.5.0,104,2026-01-11T15:05:39.000+00:00,published,category_top5pct,https://www.nexusmods.com/baldursgate3/mods/14077,14077,14077
1,Immersive Isobel Equipment,xJustAdam,Equipment,2.0,104,2025-11-12T18:25:22.000+00:00,published,category_top20pct_item,https://www.nexusmods.com/baldursgate3/mods/16026,16026,16026
1,Houndmaster Fighter Subclass,havsglimt,Classes,1.0,104,2025-05-19T13:34:14.000+00:00,published,prolific_author,https://www.nexusmods.com/baldursgate3/mods/16651,16651,16651
1,Elementalist Outfit for BT1,Ayuro,Clothing,1.0,103,2026-03-21T16:39:05.000+00:00,published,category_top20pct_item,https://www.nexusmods.com/baldursgate3/mods/22054,22054,22054
1,Berry's Bracchiales Medley,BerrySemifreddo,Accessories,1.0.0.7,103,2026-03-31T14:24:15.000+00:00,published,category_top20pct_item,https://www.nexusmods.com/baldursgate3/mods/22161,22161,22161
1,Night Owl Agent,meepmeganmeep,Armor,1,103,2026-06-17T00:01:59.000+00:00,published,category_top20pct_item,https://www.nexusmods.com/baldursgate3/mods/23111,23111,23111
1,Sample 3D Edited Equipment Mod,AnteMaxx,Equipment,1.0.1,102,2023-08-21T14:54:43.000+00:00,published,prolific_author,https://www.nexusmods.com/baldursgate3/mods/400,400,400
1,Elemental Thunderstorm - Chromatic Thunderstorm,Shivero,Spells,1.0.0.0,102,2023-11-29T22:59:16.000+00:00,published,prolific_author,https://www.nexusmods.com/baldursgate3/mods/4685,4685,4685
1,Elixirs - No Overwrite,Belinn,Gameplay,1.0,102,2024-04-04T15:49:31.000+00:00,published,prolific_author,https://www.nexusmods.com/baldursgate3/mods/8509,8509,8509
1,Maps of Vallark,Terrorbyte,Maps,4.2.0.2,102,2026-06-21T14:21:32.000+00:00,published,category_top5pct,https://www.nexusmods.com/baldursgate3/mods/22080,22080,22080
1,Nox Aeterna - Medium Armor and Camp Clothing,mons,Armor,2.0.1,102,2026-05-18T20:38:04.000+00:00,published,category_top20pct_item,https://www.nexusmods.com/baldursgate3/mods/22598,22598,22598
1,Increase Unarmed Damage,BitterPast,Gameplay,1.0.0,101,2024-01-02T19:23:56.000+00:00,published,prolific_author,https://www.nexusmods.com/baldursgate3/mods/5575,5575,5575
1,Increase Jump Distance,BitterPast,Gameplay,1.0.0,101,2024-01-05T22:51:57.000+00:00,published,prolific_author,https://www.nexusmods.com/baldursgate3/mods/5687,5687,5687
1,Dragon Tamer Class,uilstar,Classes,1,101,2026-06-14T16:56:11.000+00:00,published,category_top5pct,https://www.nexusmods.com/baldursgate3/mods/12624,12624,12624
1,Dream Guardian Shut Up,Psychotter,Audio,1,101,2025-05-29T18:28:04.000+00:00,published,category_top5pct,https://www.nexusmods.com/baldursgate3/mods/16897,16897,16897
1,The Sword of Kas,Siael and FoxHead,Weapons,1.2,101,2025-10-09T08:10:25.000+00:00,published,category_top20pct_item,https://www.nexusmods.com/baldursgate3/mods/18739,18739,18739
1,Serafina and Gale's Elysian Summer Home,axianaa,Maps,1.0.0.41,101,2026-06-07T21:53:20.000+00:00,published,category_top5pct,https://www.nexusmods.com/baldursgate3/mods/20309,20309,20309
1,Custom Disguise Self Appearance,Volitio,Visuals,1.0.0.1,101,2026-03-04T15:38:02.000+00:00,published,prolific_author,https://www.nexusmods.com/baldursgate3/mods/21381,21381,21381
1,Spells Enhanced - Remove Curse,MaskedRPGFan,Spells,1.0.0,100,2023-09-17T14:45:57.000+00:00,published,prolific_author,https://www.nexusmods.com/baldursgate3/mods/2389,2389,2389
1,Repelling Blast Fix (Deprecated),wesslen,Spells,1.0.1,100,2024-02-14T18:07:38.000+00:00,published,prolific_author,https://www.nexusmods.com/baldursgate3/mods/6034,6034,6034
1,OneDnD Monk - Martial Arts,BG3 Community Library Team,Classes,1.0.0.0,100,2024-04-29T08:43:28.000+00:00,published,prolific_author,https://www.nexusmods.com/baldursgate3/mods/9022,9022,9022
1,Infernal Fury - Playable Cambions,tepkunset,Races,1,100,2026-03-18T11:57:06.000+00:00,published,prolific_author,https://www.nexusmods.com/baldursgate3/mods/14810,14810,14810
1,Halsin Female cute voice softgirl,,Audio,Patch7,100,2025-02-08T22:37:25.000+00:00,published,category_top5pct,https://www.nexusmods.com/baldursgate3/mods/14939,14939,14939
1,Transgender Minthara,Aether,Character Customisation,1.1,99,2024-05-01T09:55:14.000+00:00,published,prolific_author,https://www.nexusmods.com/baldursgate3/mods/5285,5285,5285
1,Half-Orcs Stand Tall,Aurie,Animations,1.0,99,2025-11-16T13:37:50.000+00:00,published,category_top5pct,https://www.nexusmods.com/baldursgate3/mods/19679,19679,19679
1,Disciple of the First Flame - Wizard Subclass,Nitreaux,Classes,1.0.0,98,2023-11-16T15:07:36.000+00:00,published,dependency_closure_inherited,https://www.nexusmods.com/baldursgate3/mods/4142,4142,4142
1,Undead Dragon-Red Dragon Transformation,BitterPast,Spells,1.0.0,98,2023-12-03T23:22:30.000+00:00,published,prolific_author,https://www.nexusmods.com/baldursgate3/mods/4816,4816,4816
1,True Soul - Branded Feat,BitterPast,Gameplay,1.0.2,98,2024-02-13T13:03:52.000+00:00,published,prolific_author,https://www.nexusmods.com/baldursgate3/mods/6189,6189,6189
1,Way of the Mistweaver Monk Subclass,havsglimt,Classes,1.1,98,2025-05-19T12:47:09.000+00:00,published,prolific_author,https://www.nexusmods.com/baldursgate3/mods/16221,16221,16221
1,Bear School Gear (The Witcher 3 Wild Hunt),olddude1993,Armor,1.0.1,98,2025-06-06T09:42:41.000+00:00,published,dependency_closure_inherited,https://www.nexusmods.com/baldursgate3/mods/17013,17013,17013
1,Maradi's Immersive Firearms,maradi,Weapons,2.6.0.0,98,2026-01-28T10:30:20.000+00:00,published,category_top20pct_item,https://www.nexusmods.com/baldursgate3/mods/19508,19508,19508
1,Rebalance - Racials,Syrchalis,Races,1.0.0.14,98,2026-06-15T09:05:51.000+00:00,published,prolific_author,https://www.nexusmods.com/baldursgate3/mods/20075,20075,20075
1,Empress of the Isles - Emily Kaldwin's outfit,yonhi,Armor,1,98,2026-05-23T00:51:28.000+00:00,published,category_top20pct_item,https://www.nexusmods.com/baldursgate3/mods/22912,22912,22912
1,Green Reaper Ranger Subclass,havsglimt,Classes,1.2,97,2025-07-31T11:45:54.000+00:00,published,prolific_author,https://www.nexusmods.com/baldursgate3/mods/17144,17144,17144
1,Dynamic Camp Supply Cost,Volitio,Gameplay,1.0.0,97,2026-03-14T14:33:31.000+00:00,published,prolific_author,https://www.nexusmods.com/baldursgate3/mods/21884,21884,21884
1,Pact of the Talisman,Winterbrick,Classes,1.0.0,96,2023-09-09T15:39:58.000+00:00,published,dependency_closure_inherited,https://www.nexusmods.com/baldursgate3/mods/1918,1918,1918
1,Living Crucible Fighter Subclass,havsglimt,Classes,1.0,96,2025-05-30T11:27:39.000+00:00,published,prolific_author,https://www.nexusmods.com/baldursgate3/mods/16848,16848,16848
1,Style N Dye,Freja,Equipment,1.0.0.13,96,2025-12-17T18:42:39.000+00:00,published,category_top20pct_item,https://www.nexusmods.com/baldursgate3/mods/18758,18758,18758
1,Overpowered Shovel - Slayer Shovel,Shivero,Character Customisation,1.0.0.0,95,2024-02-29T21:50:19.000+00:00,published,prolific_author,https://www.nexusmods.com/baldursgate3/mods/7332,7332,7332
1,Penance Domain Cleric Subclass,havsglimt,Classes,1.2,95,2025-08-02T14:08:50.000+00:00,published,prolific_author,https://www.nexusmods.com/baldursgate3/mods/16802,16802,16802
1,Astral Domain Cleric Subclass,havsglimt,Classes,1.0,95,2025-06-17T23:44:27.000+00:00,published,prolific_author,https://www.nexusmods.com/baldursgate3/mods/17200,17200,17200
1,Hermit Crab Quest Restored (Cut Content) - BETA,HyperspaceTowel,Quests,1.0.0.17,95,2026-01-24T18:06:29.000+00:00,published,category_top5pct,https://www.nexusmods.com/baldursgate3/mods/20098,20098,20098
1,Spells Enhanced - Hold Person,MaskedRPGFan,Spells,1.0.0,94,2023-12-23T18:18:43.000+00:00,published,prolific_author,https://www.nexusmods.com/baldursgate3/mods/5044,5044,5044
1,Extra Wand Weapons,Tasty01,Weapons,1.0.11,94,2025-10-01T10:42:56.000+00:00,published,category_top20pct_item,https://www.nexusmods.com/baldursgate3/mods/13549,13549,13549
1,Grave Domain Cleric Subclass,havsglimt,Classes,1.0,94,2025-04-24T17:23:18.000+00:00,published,prolific_author,https://www.nexusmods.com/baldursgate3/mods/15050,15050,15050
1,Ghastly Crown - Turn Into a Ghost,RevolutionScribe and Lynia,Accessories,1.0.1,94,2025-07-26T13:30:11.000+00:00,published,category_top20pct_item,https://www.nexusmods.com/baldursgate3/mods/17567,17567,17567
1,Earrings of the Devout,BerrySemifreddo,Accessories,1.0.0.5,94,2025-11-25T18:46:05.000+00:00,published,category_top20pct_item,https://www.nexusmods.com/baldursgate3/mods/19815,19815,19815
1,Bard Sorcerer Subclasses Combined,BitterPast,Classes,1.0.1,93,2024-01-12T14:43:57.000+00:00,published,prolific_author,https://www.nexusmods.com/baldursgate3/mods/3446,3446,3446
1,Way of the Windwalker Monk Subclass,havsglimt,Classes,1.0,93,2025-05-09T23:22:20.000+00:00,published,prolific_author,https://www.nexusmods.com/baldursgate3/mods/16361,16361,16361
1,Magical Glass Dice (Teal Edition),Almandite,Dice,1.0,93,2025-10-28T03:04:18.000+00:00,published,category_top5pct,https://www.nexusmods.com/baldursgate3/mods/19370,19370,19370
1,Universal Pose Patcher,julesberry,Photo Mode,1.0.2.0,93,2026-06-14T16:56:16.000+00:00,published,category_top5pct,https://www.nexusmods.com/baldursgate3/mods/23212,23212,23212
1,Learn Call Red Dragon,BitterPast,Spells,1.0.0,92,2023-12-02T22:32:07.000+00:00,published,prolific_author,https://www.nexusmods.com/baldursgate3/mods/4781,4781,4781
1,Hide Costs No Action Points,BitterPast,Spells,1.0.0,92,2023-12-10T20:39:23.000+00:00,published,prolific_author,https://www.nexusmods.com/baldursgate3/mods/5028,5028,5028
1,Drunken Master - Feat,BitterPast,Gameplay,1.0.0,92,2024-02-13T13:07:10.000+00:00,published,prolific_author,https://www.nexusmods.com/baldursgate3/mods/6170,6170,6170
1,Arcane Jinx Tattoo,KraytClaw,Accessories,1.0,92,2024-10-26T13:28:30.000+00:00,published,category_top20pct_item,https://www.nexusmods.com/baldursgate3/mods/13403,13403,13403
1,The Whispering Promise Enhanced,MaskedRPGFan,Equipment,1.0.0,91,2023-08-19T18:51:09.000+00:00,published,prolific_author,https://www.nexusmods.com/baldursgate3/mods/1184,1184,1184
1,Improved Fire Bolt,BitterPast,Spells,1.0.0,91,2023-12-03T12:56:52.000+00:00,published,prolific_author,https://www.nexusmods.com/baldursgate3/mods/4801,4801,4801
1,5e Sharpshooter - Fighter Subclass (Deprecated),Sumradagnoth,Classes,1.9.0.1,91,2024-12-09T15:44:06.000+00:00,published,prolific_author,https://www.nexusmods.com/baldursgate3/mods/14161,14161,14161
1,Rings of Power -- Classic Rings,gosh,Equipment,2.0.0.22,91,2025-06-28T03:28:42.000+00:00,published,category_top20pct_item,https://www.nexusmods.com/baldursgate3/mods/15329,15329,15329
1,Garb of the Ghustil,Volno,Clothing,1.0.0.8,91,2025-12-23T08:11:14.000+00:00,published,category_top20pct_item,https://www.nexusmods.com/baldursgate3/mods/20262,20262,20262
1,Spells Enhanced - Color Spray,MaskedRPGFan,Spells,1.1.0,90,2023-10-27T18:32:54.000+00:00,published,prolific_author,https://www.nexusmods.com/baldursgate3/mods/3208,3208,3208
1,Kay's CC Icon Template,perseidipity,Resources,2.0.0,90,2024-05-30T19:17:22.000+00:00,published,prolific_author,https://www.nexusmods.com/baldursgate3/mods/4148,4148,4148
1,Monk Subclass - Way of No Mercy,PlatypusVenom,Classes,1.0.1,90,2024-06-23T15:27:36.000+00:00,published,dependency_closure_inherited,https://www.nexusmods.com/baldursgate3/mods/5695,5695,5695
1,Swap Places Common Action,BaldursGoonsack,Spells,1.0.1.0,90,2026-06-02T16:23:46.000+00:00,published,category_top5pct,https://www.nexusmods.com/baldursgate3/mods/13120,13120,13120
1,Increase Armour Class (AC),BitterPast,Gameplay,1.0.1,89,2024-02-02T11:20:45.000+00:00,published,prolific_author,https://www.nexusmods.com/baldursgate3/mods/5482,5482,5482
1,Euphoria - Glowing Glass Dice,onyx,Dice,1.0.0.0,89,2025-10-27T12:17:14.000+00:00,published,category_top5pct,https://www.nexusmods.com/baldursgate3/mods/19408,19408,19408
1,Paladin Full Caster - Scroll Learning,BitterPast,Classes,1.0.7,88,2025-05-14T21:10:15.000+00:00,published,prolific_author,https://www.nexusmods.com/baldursgate3/mods/3404,3404,3404
1,Better Variant Human,BitterPast,Races,1.0.2,88,2024-01-03T18:05:44.000+00:00,published,prolific_author,https://www.nexusmods.com/baldursgate3/mods/4260,4260,4260
1,Inscription with JWL Crafting Framework,Belinn,Gameplay,1.0,87,2023-10-25T15:24:06.000+00:00,published,prolific_author,https://www.nexusmods.com/baldursgate3/mods/3620,3620,3620
1,Smaller Races - Drow Elf Tiefling Half-Elf,MaskedRPGFan,Races,1.0.0,87,2023-12-21T17:34:14.000+00:00,published,prolific_author,https://www.nexusmods.com/baldursgate3/mods/5295,5295,5295
1,Learn Sculpt Spells,BitterPast,Miscellaneous,1.0.1,87,2024-01-29T15:43:46.000+00:00,published,prolific_author,https://www.nexusmods.com/baldursgate3/mods/5345,5345,5345
1,Astra's Subtle Gradient Body Textures,Astralities,Visuals,1.0,87,2025-08-18T01:10:38.000+00:00,published,prolific_author,https://www.nexusmods.com/baldursgate3/mods/18197,18197,18197
1,More Camp Idles For Karlach and Shadowheart,koboldJuno,Animations,1.0,87,2026-06-05T20:48:36.000+00:00,published,category_top5pct,https://www.nexusmods.com/baldursgate3/mods/23227,23227,23227
1,Circle of the Sun - Druid Subclass,Nitreaux,Classes,1.0.0,86,2024-06-12T12:56:17.000+00:00,published,dependency_closure_inherited,https://www.nexusmods.com/baldursgate3/mods/10263,10263,10263
1,Legendary Action Armaments (Rings and Amulets),Sepiimt,Equipment,1.0.0.4,86,2026-01-06T19:13:24.000+00:00,published,category_top20pct_item,https://www.nexusmods.com/baldursgate3/mods/19059,19059,19059
1,The Previous looks of Gale,Padme4000,Character Customisation,1.0.0.0,85,2024-10-24T11:11:21.000+00:00,published,prolific_author,https://www.nexusmods.com/baldursgate3/mods/352,352,352
1,Spells Enhanced - Lesser Restoration,MaskedRPGFan,Spells,1.0.0,85,2023-09-17T14:23:02.000+00:00,published,prolific_author,https://www.nexusmods.com/baldursgate3/mods/2386,2386,2386
1,BOOOAL's Benediction Potion - Item Shipment Framework,Belinn,Gameplay,2.0,85,2024-04-13T22:18:13.000+00:00,published,prolific_author,https://www.nexusmods.com/baldursgate3/mods/3083,3083,3083
1,Learn Fast Hands,BitterPast,Miscellaneous,1.0.1,85,2024-01-28T15:40:47.000+00:00,published,prolific_author,https://www.nexusmods.com/baldursgate3/mods/5096,5096,5096
1,Evil Snail's Fashion,EvilSnail0fDestruktion,Equipment,3.0.0.0,85,2026-05-15T21:41:26.000+00:00,published,category_top20pct_item,https://www.nexusmods.com/baldursgate3/mods/17520,17520,17520
1,5e Whips,Frosty,Weapons,1.1,85,2025-10-29T07:48:54.000+00:00,published,category_top20pct_item,https://www.nexusmods.com/baldursgate3/mods/19334,19334,19334
1,Drow Dress,tepkunset,Clothing,1,85,2026-02-12T23:50:50.000+00:00,published,prolific_author,https://www.nexusmods.com/baldursgate3/mods/21455,21455,21455
1,Empress Gown,Askew,Armor,1.0.0,85,2026-02-24T17:54:56.000+00:00,published,category_top20pct_item,https://www.nexusmods.com/baldursgate3/mods/21618,21618,21618
1,Kikyo's Companion Tent Overhauls,Kikyo99,Maps,1,85,2026-04-27T17:14:01.000+00:00,published,category_top5pct,https://www.nexusmods.com/baldursgate3/mods/21763,21763,21763
1,The Wilds - Maps for VP,inky_plz,Maps,1.0.0.27,85,2026-05-22T13:40:03.000+00:00,published,category_top5pct,https://www.nexusmods.com/baldursgate3/mods/22379,22379,22379
1,Ambusher - Homebrew Class,Nitreaux,Classes,1.0.0,84,2023-10-10T20:56:02.000+00:00,published,dependency_closure_inherited,https://www.nexusmods.com/baldursgate3/mods/3056,3056,3056
1,Learn Reliable Talent,BitterPast,Miscellaneous,1.0.1,84,2024-01-28T15:41:20.000+00:00,published,prolific_author,https://www.nexusmods.com/baldursgate3/mods/5107,5107,5107
1,Incognito Sharran - No Shar Symbol Shadowheart,commanderstrawberry,Visuals,1.0,84,2024-07-26T20:08:04.000+00:00,published,prolific_author,https://www.nexusmods.com/baldursgate3/mods/6872,6872,6872
1,Fate Between Us - Wedding Rings,amethystinam - EmeraldTechno,Accessories,2.1,84,2026-03-28T14:29:01.000+00:00,published,category_top20pct_item,https://www.nexusmods.com/baldursgate3/mods/17565,17565,17565
1,Druid and Monk Fully Combined,BitterPast,Classes,1.0.2,83,2024-01-03T18:38:08.000+00:00,published,prolific_author,https://www.nexusmods.com/baldursgate3/mods/3442,3442,3442
1,The Devourer - La Divoratrice,Shivero,Equipment,1.0.0.1,83,2023-11-26T23:39:23.000+00:00,published,prolific_author,https://www.nexusmods.com/baldursgate3/mods/4601,4601,4601
1,Spells Enhanced - Light,MaskedRPGFan,Spells,1.0.0,83,2023-12-13T22:08:43.000+00:00,published,prolific_author,https://www.nexusmods.com/baldursgate3/mods/5106,5106,5106
1,Second Wind - Level Scaling,BitterPast,Spells,1.0.0,83,2024-01-29T15:38:17.000+00:00,published,prolific_author,https://www.nexusmods.com/baldursgate3/mods/6301,6301,6301
1,Male Body 1 (MB1) Outfits for Character Creation,xJustAdam,Equipment,1.1,83,2025-11-08T02:59:33.000+00:00,published,category_top20pct_item,https://www.nexusmods.com/baldursgate3/mods/14354,14354,14354
1,Early Access Illithid Powers Restored,GraphicFade,Gameplay,1.0.0.8,83,2025-11-04T20:42:01.000+00:00,published,dependency_closure_inherited,https://www.nexusmods.com/baldursgate3/mods/18911,18911,18911
1,Grey Sweatpants,baeator,Equipment,1.0.1,83,2025-11-20T22:16:44.000+00:00,published,category_top20pct_item,https://www.nexusmods.com/baldursgate3/mods/19714,19714,19714
1,Outfit of the Ice Island,Elledwyn and PittPens,Equipment,1.0.0.30,83,2026-01-10T23:16:41.000+00:00,published,category_top20pct_item,https://www.nexusmods.com/baldursgate3/mods/20620,20620,20620
1,Divine Caster Dress and Staff for BT1 and TMTS,Ayuro,Clothing,1.0,83,2026-04-28T11:13:43.000+00:00,published,category_top20pct_item,https://www.nexusmods.com/baldursgate3/mods/22237,22237,22237
1,NPC Spell Unlocking Potions,BitterPast,Spells,1.0.3,82,2023-11-28T15:16:01.000+00:00,published,prolific_author,https://www.nexusmods.com/baldursgate3/mods/4553,4553,4553
1,Blacklight Virus Class,Yoesph,Classes,1.0,82,2024-04-12T00:10:14.000+00:00,published,dependency_closure_inherited,https://www.nexusmods.com/baldursgate3/mods/8697,8697,8697
1,Amonkhet - Ambition Domain - Cleric Subclass,Duglboo,Classes,1.1,82,2024-06-05T18:39:51.000+00:00,published,dependency_closure_inherited,https://www.nexusmods.com/baldursgate3/mods/8734,8734,8734
1,Warhammer 40000 Weapons,seran58 - kharneth,Weapons,1.0,82,2024-11-10T08:02:41.000+00:00,published,category_top20pct_item,https://www.nexusmods.com/baldursgate3/mods/13704,13704,13704
1,Circle of the Claw,Syrchalis,Classes,1.0.0,82,2025-07-03T17:43:41.000+00:00,published,prolific_author,https://www.nexusmods.com/baldursgate3/mods/17386,17386,17386
1,Better Weapons All in One Pack,CaptainsShieldMedia,Weapons,1.4,82,2025-10-23T06:23:18.000+00:00,published,category_top20pct_item,https://www.nexusmods.com/baldursgate3/mods/18490,18490,18490
1,Astral Archive - Asset Library,Astralities,Resources,1.0,82,2026-03-26T05:40:15.000+00:00,published,"category_top5pct,prolific_author",https://www.nexusmods.com/baldursgate3/mods/20752,20752,20752
1,Learn Fighting Styles,BitterPast,Gameplay,1.0.1,81,2024-02-02T11:13:44.000+00:00,published,prolific_author,https://www.nexusmods.com/baldursgate3/mods/5495,5495,5495
1,Soul Coin Tweaks,BitterPast,Gameplay,1.0.0,81,2024-01-15T12:58:46.000+00:00,published,prolific_author,https://www.nexusmods.com/baldursgate3/mods/5930,5930,5930
1,More Firewine Kobolds,Volitio,Gameplay,1.0.0,81,2025-05-22T15:32:21.000+00:00,published,prolific_author,https://www.nexusmods.com/baldursgate3/mods/16748,16748,16748
1,Armour of Gods (Leftovers) - armor sets from early access,commanderstrawberry,Armor,1,81,2025-06-20T19:03:26.000+00:00,published,prolific_author,https://www.nexusmods.com/baldursgate3/mods/17143,17143,17143
1,Learn Slayer Form,BitterPast,Gameplay,1.0.0,80,2024-01-08T12:38:43.000+00:00,published,prolific_author,https://www.nexusmods.com/baldursgate3/mods/5769,5769,5769
1,Amonkhet - Strength Domain - Cleric Subclass,Duglboo,Classes,1,80,2024-06-05T18:43:30.000+00:00,published,dependency_closure_inherited,https://www.nexusmods.com/baldursgate3/mods/9054,9054,9054
1,Way of the Brewmaster Monk Subclass,havsglimt,Classes,1.0,80,2025-05-09T23:22:22.000+00:00,published,prolific_author,https://www.nexusmods.com/baldursgate3/mods/16473,16473,16473
1,Spells Enhanced - Confusion,MaskedRPGFan,Spells,2.0.0,79,2023-10-11T18:52:48.000+00:00,published,prolific_author,https://www.nexusmods.com/baldursgate3/mods/1024,1024,1024
1,Quasit Shovel Tank-Harder to kill,BitterPast,Character Customisation,1.0.1,79,2024-01-08T00:06:24.000+00:00,published,prolific_author,https://www.nexusmods.com/baldursgate3/mods/3459,3459,3459
1,Learn Summon Adamantine Golem,BitterPast,Spells,1.0.0,79,2023-12-02T18:52:57.000+00:00,published,prolific_author,https://www.nexusmods.com/baldursgate3/mods/4777,4777,4777
1,Learn Jack of All Trades,BitterPast,Miscellaneous,1.0.1,79,2024-01-28T15:46:18.000+00:00,published,prolific_author,https://www.nexusmods.com/baldursgate3/mods/5095,5095,5095
1,Aether's No Fall Damage,Aether,Gameplay,2.0,79,2024-02-19T09:06:42.000+00:00,published,prolific_author,https://www.nexusmods.com/baldursgate3/mods/6953,6953,6953
1,Dice Roulette,wtfbengt,Dice,1.3.0.1,79,2026-05-29T14:15:46.000+00:00,published,category_top5pct,https://www.nexusmods.com/baldursgate3/mods/20857,20857,20857
1,The Bare Moon Bath House - A Custom Level Map for VP,inkyplz,Maps,0.0.0.12,79,2026-04-02T15:01:59.000+00:00,published,category_top5pct,https://www.nexusmods.com/baldursgate3/mods/22120,22120,22120
1,Moon Knight  - Reithwin Governor's Armor,marten9,Armor,1.3,79,2026-05-07T06:06:42.000+00:00,published,category_top20pct_item,https://www.nexusmods.com/baldursgate3/mods/22678,22678,22678
1,P4 Trolltide a Halloween themed Mod (Pumpkin Helms Cat Ears an Outfit and Horns oh my),Padme4000,Miscellaneous,1.0.0.0,78,2023-10-31T14:40:43.000+00:00,published,prolific_author,https://www.nexusmods.com/baldursgate3/mods/3353,3353,3353
1,Improved Ray of Frost,BitterPast,Spells,1.0.0,78,2023-12-03T12:59:52.000+00:00,published,prolific_author,https://www.nexusmods.com/baldursgate3/mods/4802,4802,4802
1,Learn Brutal-Improved Critical,BitterPast,Gameplay,1.0.1,78,2024-01-30T23:27:50.000+00:00,published,prolific_author,https://www.nexusmods.com/baldursgate3/mods/5554,5554,5554
1,OPALITE - mini modular outfit set for BT1 and BT3,cloudie,Equipment,1.0.0.15,78,2025-10-04T15:55:10.000+00:00,published,category_top20pct_item,https://www.nexusmods.com/baldursgate3/mods/18981,18981,18981
1,Nightwarden Minthara,Nzx,Companions,1.2.1,78,2026-06-16T19:13:37.000+00:00,published,dependency_closure_inherited,https://www.nexusmods.com/baldursgate3/mods/22156,22156,22156
1,The Fairy Garden Tea Party - A Map for VP,inkyplz,Maps,1.0.0.7,78,2026-05-21T16:05:41.000+00:00,published,category_top5pct,https://www.nexusmods.com/baldursgate3/mods/22608,22608,22608
1,Storm Caller's Step,BitterPast,Spells,1.0.0,77,2023-11-24T00:19:28.000+00:00,published,prolific_author,https://www.nexusmods.com/baldursgate3/mods/4490,4490,4490
1,Tasha's Sorcerer Items,YansterOne,Equipment,1.0.2,77,2026-05-04T12:54:45.000+00:00,published,category_top20pct_item,https://www.nexusmods.com/baldursgate3/mods/15216,15216,15216
1,GraphicFade's Items Patch for HomeBrew (All in One Edition),Darkynho,Equipment,1.7.0.5,77,2026-04-20T09:26:35.000+00:00,published,category_top20pct_item,https://www.nexusmods.com/baldursgate3/mods/16301,16301,16301
1,Early Access Nautiloid,DerekL27,Maps,1.0.0.9,77,2026-05-31T16:14:53.000+00:00,published,category_top5pct,https://www.nexusmods.com/baldursgate3/mods/23007,23007,23007
1,Dual Wielding Rewritten,wedsels,Weapons,1.2.4.4,76,2026-06-14T21:53:12.000+00:00,published,category_top20pct_item,https://www.nexusmods.com/baldursgate3/mods/16593,16593,16593
1,Dragonborn - All Breath Weapons,MaskedRPGFan,Spells,1.3.0,75,2023-10-19T09:30:46.000+00:00,published,prolific_author,https://www.nexusmods.com/baldursgate3/mods/3319,3319,3319
1,Learn Summon Skeletal Dragon,BitterPast,Spells,1.0.0,75,2023-12-02T14:37:10.000+00:00,published,prolific_author,https://www.nexusmods.com/baldursgate3/mods/4748,4748,4748
1,Spells Enhanced - Aura of Hate,MaskedRPGFan,Spells,1.0.0,75,2023-12-04T20:45:10.000+00:00,published,prolific_author,https://www.nexusmods.com/baldursgate3/mods/4794,4794,4794
1,Spells Enhanced - Inflict Wounds,MaskedRPGFan,Spells,1.0.0,75,2023-12-18T17:15:18.000+00:00,published,prolific_author,https://www.nexusmods.com/baldursgate3/mods/5212,5212,5212
1,Enmity - Black Glass Dice,onyx,Dice,1.0,75,2025-10-26T23:45:19.000+00:00,published,category_top5pct,https://www.nexusmods.com/baldursgate3/mods/19400,19400,19400
1,Post-Combat Cleanup,Volitio,Gameplay,1.1.0,75,2026-04-29T03:45:39.000+00:00,published,prolific_author,https://www.nexusmods.com/baldursgate3/mods/21777,21777,21777
1,Sinking Sun,Crimsonia3DArt,Clothing,2.0.0.17,75,2026-05-17T08:39:10.000+00:00,published,category_top20pct_item,https://www.nexusmods.com/baldursgate3/mods/22873,22873,22873
1,Spells Enhanced - Contagion,MaskedRPGFan,Spells,1.0.0,74,2023-09-18T20:02:27.000+00:00,published,prolific_author,https://www.nexusmods.com/baldursgate3/mods/2396,2396,2396
1,Boots of Haste,Aether,Armor,1.0,74,2023-10-25T08:30:01.000+00:00,published,prolific_author,https://www.nexusmods.com/baldursgate3/mods/3601,3601,3601
1,Modular Resource Cheats,Belinn,Gameplay,1.0,74,2024-10-06T14:33:14.000+00:00,published,prolific_author,https://www.nexusmods.com/baldursgate3/mods/12847,12847,12847
1,Warhammer 4000 Armours,TashaWeeds,Armor,1.1,74,2024-12-15T05:27:52.000+00:00,published,prolific_author,https://www.nexusmods.com/baldursgate3/mods/14103,14103,14103
1,Underdark's Chosen - Drow RP,BitterPast,Races,1.0.1,73,2024-01-29T20:28:21.000+00:00,published,prolific_author,https://www.nexusmods.com/baldursgate3/mods/3485,3485,3485
1,Starry Sky Glass Dice (Gemstone Edition),Almandite,Dice,1.0,73,2025-11-01T12:09:06.000+00:00,published,category_top5pct,https://www.nexusmods.com/baldursgate3/mods/19431,19431,19431
1,Ring of Mind Shielding Edit,xJustAdam,Equipment,1.0,73,2025-11-10T23:45:17.000+00:00,published,category_top20pct_item,https://www.nexusmods.com/baldursgate3/mods/19607,19607,19607
1,Playable Shadar-kai,tepkunset,Races,1,73,2026-02-08T16:34:53.000+00:00,published,prolific_author,https://www.nexusmods.com/baldursgate3/mods/21382,21382,21382
1,Rose Hill Cemetery - A Map for VP,inkyplz,Maps,1.0.0.4,73,2026-05-13T14:58:33.000+00:00,published,category_top5pct,https://www.nexusmods.com/baldursgate3/mods/22801,22801,22801
1,Damage Reflection Feats,BitterPast,Gameplay,1.0.0,72,2023-12-01T13:37:19.000+00:00,published,prolific_author,https://www.nexusmods.com/baldursgate3/mods/4694,4694,4694
1,Spells Enhanced - Hypnotic Pattern,MaskedRPGFan,Spells,1.0.0,72,2023-12-07T01:48:01.000+00:00,published,prolific_author,https://www.nexusmods.com/baldursgate3/mods/4933,4933,4933
1,Lesser Restoration Unpetrify,BitterPast,Spells,1.0.0,72,2024-02-01T12:41:49.000+00:00,published,prolific_author,https://www.nexusmods.com/baldursgate3/mods/6372,6372,6372
1,Narrator - Deep Male Voice,Arbitality,Audio,1.2,72,2026-04-06T17:34:54.000+00:00,published,category_top5pct,https://www.nexusmods.com/baldursgate3/mods/13861,13861,13861
1,TEDDYPACK - for plushie friends,cloudie,Accessories,1.0.0.18,72,2026-01-11T02:28:57.000+00:00,published,category_top20pct_item,https://www.nexusmods.com/baldursgate3/mods/18686,18686,18686
1,The Chanteuse and the Lovers - Corset and Tailored Clothes for BT 1 2 3 (4),ARAFEL,Clothing,1.0.0.3,72,2026-05-17T10:50:00.000+00:00,published,category_top20pct_item,https://www.nexusmods.com/baldursgate3/mods/22886,22886,22886
1,Transgender Gale,Aether,Character Customisation,1.0,71,2023-11-14T01:11:18.000+00:00,published,prolific_author,https://www.nexusmods.com/baldursgate3/mods/4203,4203,4203
1,Unique Tav Body -Harpy Feet- digigrade clawed feet for tiefling,commanderstrawberry,Character Customisation,1,71,2025-05-27T20:14:46.000+00:00,published,prolific_author,https://www.nexusmods.com/baldursgate3/mods/14312,14312,14312
1,Configurable Fall Damage,Volitio,Gameplay,1.1.1,71,2026-06-25T21:03:28.000+00:00,published,prolific_author,https://www.nexusmods.com/baldursgate3/mods/15849,15849,15849
1,Weapon Earrings,Klarafromearth,Accessories,1.0,71,2025-09-16T18:20:12.000+00:00,published,category_top20pct_item,https://www.nexusmods.com/baldursgate3/mods/18691,18691,18691
1,Mazzle's Photo Hub,Mazzle,Utilities,1.0.0,71,2025-12-25T17:16:07.000+00:00,published,dependency_closure_inherited,https://www.nexusmods.com/baldursgate3/mods/19560,19560,19560
1,Ember's Enchanted Instruments - Lutes and Mandolins,Ariefel,Equipment,v1.0.4.0,71,2026-04-03T18:04:27.000+00:00,published,category_top20pct_item,https://www.nexusmods.com/baldursgate3/mods/22168,22168,22168
1,Spells Enhanced - Silence,MaskedRPGFan,Spells,1.0.0,70,2023-11-20T22:40:01.000+00:00,published,prolific_author,https://www.nexusmods.com/baldursgate3/mods/4427,4427,4427
1,P4 Draconic Bloodline,Padme4000,Character Customisation,1.0.0.0,70,2024-09-06T15:23:42.000+00:00,published,prolific_author,https://www.nexusmods.com/baldursgate3/mods/11998,11998,11998
1,Hats of Power,Sainark Kranias,Equipment,1.0.0.0,70,2024-10-24T15:44:03.000+00:00,published,category_top20pct_item,https://www.nexusmods.com/baldursgate3/mods/13337,13337,13337
1,Mizora Dyable Outfit,hijimare,Miscellaneous,1,70,2025-01-03T00:50:59.000+00:00,published,prolific_author,https://www.nexusmods.com/baldursgate3/mods/14530,14530,14530
1,B52's Finesse Weaponry,B52NAKAMURA,Weapons,3.0.1.9,70,2026-03-06T22:46:36.000+00:00,published,category_top20pct_item,https://www.nexusmods.com/baldursgate3/mods/17664,17664,17664
1,Shove as an Attack,wesslen,Gameplay,1.1.0.1,69,2024-01-21T07:42:05.000+00:00,published,prolific_author,https://www.nexusmods.com/baldursgate3/mods/3960,3960,3960
1,Increase Initiative,BitterPast,Gameplay,1.0.0,69,2023-12-30T19:37:45.000+00:00,published,prolific_author,https://www.nexusmods.com/baldursgate3/mods/5511,5511,5511
1,Hirelings Unlocked,Volitio,Companions,1.1.0,69,2026-03-13T00:50:48.000+00:00,published,prolific_author,https://www.nexusmods.com/baldursgate3/mods/21869,21869,21869
1,Biker Chick Outfit,AnteMaxx,Equipment,1.03,68,2020-10-29T13:57:08.000+00:00,published,prolific_author,https://www.nexusmods.com/baldursgate3/mods/59,59,59
1,Spells Enhanced - Shadow Step,MaskedRPGFan,Spells,1.0.0,68,2023-10-13T03:08:44.000+00:00,published,prolific_author,https://www.nexusmods.com/baldursgate3/mods/3231,3231,3231
1,Medical Help,VitruvianGuar,Gameplay,1.0,68,2023-11-01T14:50:19.000+00:00,published,dependency_closure_inherited,https://www.nexusmods.com/baldursgate3/mods/3879,3879,3879
1,Spells Enhanced - Spiteful Suffering,MaskedRPGFan,Spells,1.0.0,68,2023-12-28T22:20:29.000+00:00,published,prolific_author,https://www.nexusmods.com/baldursgate3/mods/4887,4887,4887
1,Learn Summon Quothe the Raven,BitterPast,Gameplay,1.0.0,68,2024-01-09T11:48:25.000+00:00,published,prolific_author,https://www.nexusmods.com/baldursgate3/mods/5796,5796,5796
1,DUNGEON load orders,dae,Resources,36plus,68,2026-05-29T07:12:35.000+00:00,published,category_top5pct,https://www.nexusmods.com/baldursgate3/mods/14745,14745,14745
1,Staff Of Parthalan,Alor Sung,Weapons,1.0.0.5,68,2025-10-08T08:59:44.000+00:00,published,category_top20pct_item,https://www.nexusmods.com/baldursgate3/mods/15803,15803,15803
1,The Brigmore Witch - Delilah Copperspoon's outfit,yonhi,Armor,1,68,2026-05-23T08:52:08.000+00:00,published,category_top20pct_item,https://www.nexusmods.com/baldursgate3/mods/22860,22860,22860
1,Learn Shadow Step,BitterPast,Spells,1.0.1,67,2024-01-28T11:50:26.000+00:00,published,prolific_author,https://www.nexusmods.com/baldursgate3/mods/4606,4606,4606
1,Actions Enhanced - Throw Jump Dash,MaskedRPGFan,Spells,1.0.0,67,2023-12-22T03:56:35.000+00:00,published,prolific_author,https://www.nexusmods.com/baldursgate3/mods/5294,5294,5294
1,Sussur Antimagic Immunity,BitterPast,Gameplay,1.0.0,67,2024-01-14T21:08:21.000+00:00,published,prolific_author,https://www.nexusmods.com/baldursgate3/mods/5921,5921,5921
1,Learn Aura of Murder or Increase Radius,BitterPast,Gameplay,1.0.0,67,2024-01-17T22:44:10.000+00:00,published,prolific_author,https://www.nexusmods.com/baldursgate3/mods/5994,5994,5994
1,Small God's Armory - Tymora and Yondalla - Shields,commanderstrawberry,Equipment,2,67,2025-08-02T20:15:37.000+00:00,published,prolific_author,https://www.nexusmods.com/baldursgate3/mods/10167,10167,10167
1,Lydia's Heads - Dia,Lydia,Character Customisation,1,67,2024-09-17T14:40:22.000+00:00,published,dependency_closure_inherited,https://www.nexusmods.com/baldursgate3/mods/12249,12249,12249
1,Kikyo's Mountain Pass Camp Overhaul,Kikyo99,Maps,1.0,67,2026-04-14T23:39:58.000+00:00,published,category_top5pct,https://www.nexusmods.com/baldursgate3/mods/22427,22427,22427
1,Spells Enhanced - Dominate Person,MaskedRPGFan,Spells,1.0.0,66,2023-12-16T20:25:21.000+00:00,published,prolific_author,https://www.nexusmods.com/baldursgate3/mods/5051,5051,5051
1,Hag-Eyed Begone,BitterPast,Miscellaneous,1.0.0,66,2024-01-07T15:30:08.000+00:00,published,prolific_author,https://www.nexusmods.com/baldursgate3/mods/5731,5731,5731
1,Sins of the Father - Dark Urge RP,BitterPast,Races,1.0.3,65,2024-09-24T16:54:50.000+00:00,published,prolific_author,https://www.nexusmods.com/baldursgate3/mods/3822,3822,3822
1,Spells Enhanced - Phantasmal Killer,MaskedRPGFan,Spells,1.0.1,65,2023-12-14T23:06:07.000+00:00,published,prolific_author,https://www.nexusmods.com/baldursgate3/mods/5003,5003,5003
1,Unearthed Arcana - Protection Domain - Cleric Subclass,Duglboo,Classes,1.1.1,65,2024-06-05T18:48:30.000+00:00,published,dependency_closure_inherited,https://www.nexusmods.com/baldursgate3/mods/9449,9449,9449
1,Dual Wielding Off,wesslen,User Interface,1.1,65,2025-06-09T17:52:16.000+00:00,published,prolific_author,https://www.nexusmods.com/baldursgate3/mods/16600,16600,16600
1,Improved Weapon Actions and Balance,KowboyBebop,Weapons,2.5,65,2026-05-09T14:51:28.000+00:00,published,category_top20pct_item,https://www.nexusmods.com/baldursgate3/mods/18454,18454,18454
1,Learn Useful Dialogue Spells,BitterPast,Gameplay,1.0.1,64,2024-01-27T21:19:10.000+00:00,published,prolific_author,https://www.nexusmods.com/baldursgate3/mods/4293,4293,4293
1,Spells Enhanced - Blur,MaskedRPGFan,Spells,1.0.0,64,2023-12-07T08:54:44.000+00:00,published,prolific_author,https://www.nexusmods.com/baldursgate3/mods/4891,4891,4891
1,Chromadarts Cantrip,Shivero,Spells,1.0.0.0,64,2023-12-11T20:26:59.000+00:00,published,prolific_author,https://www.nexusmods.com/baldursgate3/mods/5035,5035,5035
1,Stop Yelling Please,Magnetuning,Audio,1.0.0.0,64,2025-07-25T06:18:53.000+00:00,published,category_top5pct,https://www.nexusmods.com/baldursgate3/mods/17770,17770,17770
1,Helena Outfit Set,baeator,Equipment,1.0.0,64,2026-03-29T15:51:18.000+00:00,published,category_top20pct_item,https://www.nexusmods.com/baldursgate3/mods/21661,21661,21661
1,Magic Torch,Belinn,Gameplay,1.0,63,2025-05-14T21:28:15.000+00:00,published,prolific_author,https://www.nexusmods.com/baldursgate3/mods/3256,3256,3256
1,Mod Builder,ReallyLazyIcarus,Resources,1.0.0,63,2023-10-31T23:28:45.000+00:00,published,prolific_author,https://www.nexusmods.com/baldursgate3/mods/3862,3862,3862
1,Learn Some or All Wildshapes,BitterPast,Spells,1.0.1,63,2024-01-27T21:02:03.000+00:00,published,prolific_author,https://www.nexusmods.com/baldursgate3/mods/4382,4382,4382
1,Spells Enhanced - Sanctuary,MaskedRPGFan,Spells,1.0.1,63,2023-12-11T21:42:25.000+00:00,published,prolific_author,https://www.nexusmods.com/baldursgate3/mods/4735,4735,4735
1,Reset Cooldowns,BitterPast,Gameplay,1.0.1,63,2024-01-30T11:09:00.000+00:00,published,prolific_author,https://www.nexusmods.com/baldursgate3/mods/5661,5661,5661
1,Better Potion of Everlasting Vigour,Syrchalis,Gameplay,1.0.0,63,2025-05-05T16:27:02.000+00:00,published,prolific_author,https://www.nexusmods.com/baldursgate3/mods/16368,16368,16368
1,Charisma Cleric,Sindae,Classes,1.0,62,2023-09-13T18:08:49.000+00:00,published,prolific_author,https://www.nexusmods.com/baldursgate3/mods/2227,2227,2227
1,Improved Dueling Fighting Style,BitterPast,Miscellaneous,1.0.1,62,2024-03-03T09:03:41.000+00:00,published,prolific_author,https://www.nexusmods.com/baldursgate3/mods/4957,4957,4957
1,Aether's Metallic Die,Aether,Dice,1.0,62,2024-01-02T20:22:16.000+00:00,published,prolific_author,https://www.nexusmods.com/baldursgate3/mods/5588,5588,5588
1,Rope for Falling,BitterPast,Miscellaneous,1.0.0,62,2024-02-02T13:07:23.000+00:00,published,prolific_author,https://www.nexusmods.com/baldursgate3/mods/6397,6397,6397
1,Might or Magic - Feat,BitterPast,Gameplay,1.0.0,62,2024-02-28T22:37:18.000+00:00,published,prolific_author,https://www.nexusmods.com/baldursgate3/mods/6658,6658,6658
1,EZ-Manipulator - Object Move-Rotate-Transform Gizmo,Mazzle and RingoIp,Utilities,1.2.0,62,2026-05-09T18:17:17.000+00:00,published,dependency_closure_inherited,https://www.nexusmods.com/baldursgate3/mods/21922,21922,21922
1,Ring of Unified Sigils,SwissFred,Equipment,6.0.8.12,62,2026-06-03T10:59:17.000+00:00,published,category_top20pct_item,https://www.nexusmods.com/baldursgate3/mods/22363,22363,22363
1,Arcane Trickster Half and Full Caster,BitterPast,Classes,1.0.1,61,2024-01-03T21:45:47.000+00:00,published,prolific_author,https://www.nexusmods.com/baldursgate3/mods/3376,3376,3376
1,Spells Enhanced - Crown of Madness,MaskedRPGFan,Spells,1.0.0,61,2023-12-11T12:33:07.000+00:00,published,prolific_author,https://www.nexusmods.com/baldursgate3/mods/5025,5025,5025
1,Dwarven NPC edits,bububull,Visuals,1.0,61,2025-06-20T23:33:17.000+00:00,published,prolific_author,https://www.nexusmods.com/baldursgate3/mods/17198,17198,17198
1,Class Action Enhanced - Voice of the Circle,MaskedRPGFan,Spells,1.0.0,60,2023-12-12T15:46:38.000+00:00,published,prolific_author,https://www.nexusmods.com/baldursgate3/mods/5075,5075,5075
1,Learn Healing Words,BitterPast,Gameplay,1.0.1,60,2024-01-30T23:31:27.000+00:00,published,prolific_author,https://www.nexusmods.com/baldursgate3/mods/5574,5574,5574
1,Exploring Eberron - Mind Domain - Cleric Subclass,Duglboo,Classes,1,60,2024-06-05T18:52:00.000+00:00,published,dependency_closure_inherited,https://www.nexusmods.com/baldursgate3/mods/9887,9887,9887
1,Mankini,baeator,Equipment,1.1.0,60,2025-03-08T19:01:23.000+00:00,published,category_top20pct_item,https://www.nexusmods.com/baldursgate3/mods/11200,11200,11200
1,Strong as a Barbarian,Belinn,Gameplay,1.1,60,2024-09-16T13:10:23.000+00:00,published,prolific_author,https://www.nexusmods.com/baldursgate3/mods/12207,12207,12207
1,Granny Rings Immersive,Grannymods,Accessories,1.0.0.55,60,2026-02-06T19:58:41.000+00:00,published,category_top20pct_item,https://www.nexusmods.com/baldursgate3/mods/19326,19326,19326
1,Wood Elf Beastmaster Combined,BitterPast,Races,1.0.1,59,2024-01-08T00:03:27.000+00:00,published,prolific_author,https://www.nexusmods.com/baldursgate3/mods/3395,3395,3395
1,Spells Enhanced - Compelled Duel,MaskedRPGFan,Spells,1.0.0,59,2023-11-23T18:43:38.000+00:00,published,prolific_author,https://www.nexusmods.com/baldursgate3/mods/4483,4483,4483
1,Spells Enhanced - Flesh to Stone,MaskedRPGFan,Spells,1.0.0,59,2023-12-10T05:29:17.000+00:00,published,prolific_author,https://www.nexusmods.com/baldursgate3/mods/4725,4725,4725
1,Lydia's Heads Patches for Elemental Power Genasi,perseidipity,Character Customisation,LH-1.2.0,59,2025-03-04T20:02:38.000+00:00,published,prolific_author,https://www.nexusmods.com/baldursgate3/mods/13006,13006,13006
1,Better Camp Casting,Syrchalis,Gameplay,1.0.5,59,2025-05-29T11:42:56.000+00:00,published,prolific_author,https://www.nexusmods.com/baldursgate3/mods/16427,16427,16427
1,The Pale Devil - Tiefling Astarion,Astralities,Companions,1.0,59,2025-05-31T00:51:59.000+00:00,published,prolific_author,https://www.nexusmods.com/baldursgate3/mods/16887,16887,16887
1,Storm And Spectral Dice,SultryShea,Dice,1.0,59,2025-07-21T22:11:27.000+00:00,published,category_top5pct,https://www.nexusmods.com/baldursgate3/mods/17521,17521,17521
1,Heartstrings - A Musical Bow for All,mons,Weapons,1.0.1,59,2026-05-31T07:30:41.000+00:00,published,category_top20pct_item,https://www.nexusmods.com/baldursgate3/mods/22754,22754,22754
1,Fighter Wizard Subclasses Combined,BitterPast,Classes,1.0.1,58,2024-02-06T19:16:19.000+00:00,published,prolific_author,https://www.nexusmods.com/baldursgate3/mods/3380,3380,3380
1,Learn Spellcasting,BitterPast,Spells,1.0.0,58,2023-12-25T14:10:41.000+00:00,published,prolific_author,https://www.nexusmods.com/baldursgate3/mods/5393,5393,5393
1,Coatings - No Overwrite,Belinn,Gameplay,1.0,58,2024-04-04T17:30:35.000+00:00,published,prolific_author,https://www.nexusmods.com/baldursgate3/mods/8510,8510,8510
1,Useful Hag Potions with JWL Crafting Framework and Item Shipment Framework,Belinn,Gameplay,1.1,57,2024-05-10T11:44:59.000+00:00,published,prolific_author,https://www.nexusmods.com/baldursgate3/mods/3391,3391,3391
1,Summon Avatar of Death,BitterPast,Spells,1.0.0,57,2023-12-12T20:11:10.000+00:00,published,prolific_author,https://www.nexusmods.com/baldursgate3/mods/5081,5081,5081
1,OneDnD Spells - Cantrips,BG3 Community Library Team,Spells,1.0.1.2,57,2024-07-29T06:29:18.000+00:00,published,prolific_author,https://www.nexusmods.com/baldursgate3/mods/10141,10141,10141
1,Voice Swaps 2 - Gale,Arkien,Audio,1.0,57,2025-09-07T22:53:36.000+00:00,published,category_top5pct,https://www.nexusmods.com/baldursgate3/mods/16466,16466,16466
1,A Dream of Silence ReVamped - Act 1 - Custom Campaign Story Mod,lizardphunk,Quests,v1.0.0.0,57,2025-08-23T10:12:58.000+00:00,published,category_top5pct,https://www.nexusmods.com/baldursgate3/mods/18305,18305,18305
1,Forgotten Witcher Gear,e_resh,Equipment,1.2,57,2026-04-09T23:52:08.000+00:00,published,category_top20pct_item,https://www.nexusmods.com/baldursgate3/mods/21852,21852,21852
1,COLORS - Custom Rarities,ForKiramay,Utilities,1.0.0.6,57,2026-04-17T16:13:58.000+00:00,published,dependency_closure_inherited,https://www.nexusmods.com/baldursgate3/mods/22418,22418,22418
1,Call Forth Allies Use Cost Change,BitterPast,Spells,1.0.0,56,2023-12-11T16:08:19.000+00:00,published,prolific_author,https://www.nexusmods.com/baldursgate3/mods/5050,5050,5050
1,Learn Relentless Endurance-Savage Attacks,BitterPast,Gameplay,1.0.1,56,2024-01-30T23:25:01.000+00:00,published,prolific_author,https://www.nexusmods.com/baldursgate3/mods/5555,5555,5555
1,Learn Haste,BitterPast,Gameplay,1.0.0,56,2024-01-09T11:19:23.000+00:00,published,prolific_author,https://www.nexusmods.com/baldursgate3/mods/5729,5729,5729
1,Worn Traveler's Attire,Elledwyn,Equipment,1.0.0.18,56,2026-02-06T18:43:07.000+00:00,published,category_top20pct_item,https://www.nexusmods.com/baldursgate3/mods/20762,20762,20762
1,OneDnD Monk - Weapon Proficiency Additions,BG3 Community Library Team,Classes,2.6.3.2,55,2023-12-01T06:51:25.000+00:00,published,prolific_author,https://www.nexusmods.com/baldursgate3/mods/4720,4720,4720
1,Improved Poison Spray,BitterPast,Spells,1.0.0,55,2023-12-04T01:32:10.000+00:00,published,prolific_author,https://www.nexusmods.com/baldursgate3/mods/4803,4803,4803
1,Spells Enhanced - Barkskin,MaskedRPGFan,Spells,1.0.0,55,2023-12-19T19:27:28.000+00:00,published,prolific_author,https://www.nexusmods.com/baldursgate3/mods/5247,5247,5247
1,Learn Adroit Caster,BitterPast,Gameplay,1.0.0,55,2024-01-11T01:46:18.000+00:00,published,prolific_author,https://www.nexusmods.com/baldursgate3/mods/5832,5832,5832
1,Silence Immunity,BitterPast,Gameplay,1.0.0,55,2024-01-15T21:57:28.000+00:00,published,prolific_author,https://www.nexusmods.com/baldursgate3/mods/5940,5940,5940
1,Kender's Laboratory Core Library,Fenrules,Resources,1.1.0.23,55,2025-10-22T21:38:58.000+00:00,published,category_top5pct,https://www.nexusmods.com/baldursgate3/mods/11245,11245,11245
1,Configurable Pickpocketing,Volitio,Gameplay,1.0.0,55,2025-10-25T02:57:06.000+00:00,published,prolific_author,https://www.nexusmods.com/baldursgate3/mods/19367,19367,19367
1,Shadowheart - Disable Forced White Hair,Padme4000,Companions,1.0.0.0,55,2025-11-27T15:40:45.000+00:00,published,prolific_author,https://www.nexusmods.com/baldursgate3/mods/19843,19843,19843
1,Critical Hit-Miss Immunity,BitterPast,Gameplay,1.0.0,54,2023-12-31T13:17:59.000+00:00,published,prolific_author,https://www.nexusmods.com/baldursgate3/mods/5532,5532,5532
1,Learn Action Surge-Second Wind,BitterPast,Spells,1.0.1,54,2024-01-30T23:21:48.000+00:00,published,prolific_author,https://www.nexusmods.com/baldursgate3/mods/5534,5534,5534
1,Learn Vicious Mockery - Cutting Words,BitterPast,Gameplay,1.0.0,54,2024-01-14T02:01:24.000+00:00,published,prolific_author,https://www.nexusmods.com/baldursgate3/mods/5897,5897,5897
1,Infernal Fury Shout,Belinn,Gameplay,1.0,54,2024-05-15T06:28:57.000+00:00,published,prolific_author,https://www.nexusmods.com/baldursgate3/mods/9478,9478,9478
1,P4 Photomode Additions,Padme4000,Photo Mode,1.0.0.3,54,2025-04-28T19:00:40.000+00:00,published,prolific_author,https://www.nexusmods.com/baldursgate3/mods/16184,16184,16184
1,Grimoire,SEVNCE,Resources,V1.6,54,2026-02-16T14:31:53.000+00:00,published,category_top5pct,https://www.nexusmods.com/baldursgate3/mods/20671,20671,20671
1,Little Frog Friend,Grace455,Equipment,1,54,2026-05-07T15:14:38.000+00:00,published,category_top20pct_item,https://www.nexusmods.com/baldursgate3/mods/22738,22738,22738
1,Fighter Sorcerer Subclasses Combined,BitterPast,Classes,1.0.1,53,2024-01-07T23:40:42.000+00:00,published,prolific_author,https://www.nexusmods.com/baldursgate3/mods/3434,3434,3434
1,Ranger Full Caster,BitterPast,Classes,1.0.2,53,2025-05-14T21:02:55.000+00:00,published,prolific_author,https://www.nexusmods.com/baldursgate3/mods/3890,3890,3890
1,Learn Reusable Divine Intervention,BitterPast,Gameplay,1.0.0,53,2024-01-08T12:38:46.000+00:00,published,prolific_author,https://www.nexusmods.com/baldursgate3/mods/5766,5766,5766
1,Overpowered Scratch - Chosen Dragon,Shivero,Character Customisation,1.0.0.0,53,2024-02-29T20:04:13.000+00:00,published,prolific_author,https://www.nexusmods.com/baldursgate3/mods/7327,7327,7327
1,Musical Instrument Box - Item Shipment Framework,Belinn,Gameplay,1.0,53,2024-04-13T21:01:26.000+00:00,published,prolific_author,https://www.nexusmods.com/baldursgate3/mods/8737,8737,8737
1,Caustic Blade - Rogue Subclass,Nitreaux,Classes,1.0.0,53,2024-06-12T13:06:55.000+00:00,published,dependency_closure_inherited,https://www.nexusmods.com/baldursgate3/mods/10264,10264,10264
1,BG3 Texture Stamps - Modder's Resource - Skeletons and God Symbols,commanderstrawberry,Miscellaneous,1,52,2025-05-03T13:10:51.000+00:00,published,prolific_author,https://www.nexusmods.com/baldursgate3/mods/4337,4337,4337
1,Learn Assassinate,BitterPast,Miscellaneous,1.0.1,52,2024-01-28T15:42:56.000+00:00,published,prolific_author,https://www.nexusmods.com/baldursgate3/mods/5125,5125,5125
1,Learn Saving Throw Proficiencies,BitterPast,Miscellaneous,1.0.1,52,2024-02-02T11:06:44.000+00:00,published,prolific_author,https://www.nexusmods.com/baldursgate3/mods/5390,5390,5390
1,OneDnD Monk - Monk's Discipline,BG3 Community Library Team,Classes,1.0.0.0,52,2024-05-17T05:06:59.000+00:00,published,prolific_author,https://www.nexusmods.com/baldursgate3/mods/9020,9020,9020
1,Raijins Ring,xekeys300,Equipment,1.0.0.0,52,2025-10-13T00:55:10.000+00:00,published,category_top20pct_item,https://www.nexusmods.com/baldursgate3/mods/19163,19163,19163
1,Yuan-ti Purebloods (Redux),tepkunset,Races,1,52,2026-04-19T23:02:37.000+00:00,published,prolific_author,https://www.nexusmods.com/baldursgate3/mods/22497,22497,22497
1,Vigilantia - Light Armor and Camp Clothing,mons,Armor,1.0.1,52,2026-06-12T02:14:55.000+00:00,published,category_top20pct_item,https://www.nexusmods.com/baldursgate3/mods/23313,23313,23313
1,Arcane Trickster Drow Race Combined,BitterPast,Races,1.0.1,51,2024-01-07T23:55:51.000+00:00,published,prolific_author,https://www.nexusmods.com/baldursgate3/mods/3373,3373,3373
1,Berserker Dragonborn Combined,BitterPast,Races,1.0.2,51,2024-01-10T22:51:32.000+00:00,published,prolific_author,https://www.nexusmods.com/baldursgate3/mods/3394,3394,3394
1,Learn Permanently Armed and Weapon Bond,BitterPast,Spells,1.0.1,51,2024-01-28T12:00:53.000+00:00,published,prolific_author,https://www.nexusmods.com/baldursgate3/mods/4566,4566,4566
1,Learn Feral Instinct,BitterPast,Miscellaneous,1.0.1,51,2024-01-28T15:41:51.000+00:00,published,prolific_author,https://www.nexusmods.com/baldursgate3/mods/5123,5123,5123
1,Arcane Ward - Level Scaling,BitterPast,Spells,1.0.1,51,2025-07-19T08:42:26.000+00:00,published,prolific_author,https://www.nexusmods.com/baldursgate3/mods/5605,5605,5605
1,Learn Kereska's Favour,BitterPast,Gameplay,1.0.0,51,2024-01-08T23:50:21.000+00:00,published,prolific_author,https://www.nexusmods.com/baldursgate3/mods/5785,5785,5785
1,Combat Grouping by Proximity,Volitio,Gameplay,1.0.0,51,2025-07-05T16:47:27.000+00:00,published,prolific_author,https://www.nexusmods.com/baldursgate3/mods/17387,17387,17387
1,Into the Woods - Ranger Armor and Clothing,copperleaves,Equipment,1.0.0.11,51,2026-05-29T22:10:05.000+00:00,published,category_top20pct_item,https://www.nexusmods.com/baldursgate3/mods/23109,23109,23109
1,The Cheesemancer (Feat),BitterPast,Gameplay,1.0.0,50,2023-11-25T00:33:38.000+00:00,published,prolific_author,https://www.nexusmods.com/baldursgate3/mods/4431,4431,4431
1,Chain Witch Bolt,BitterPast,Spells,1.0.0,50,2023-11-24T03:38:20.000+00:00,published,prolific_author,https://www.nexusmods.com/baldursgate3/mods/4510,4510,4510
1,Learn Chain Lightning Potion,BitterPast,Miscellaneous,1.0.0,50,2023-12-05T00:01:07.000+00:00,published,prolific_author,https://www.nexusmods.com/baldursgate3/mods/4859,4859,4859
1,Demonbreaker Caliver,AeehyehssReeper,Weapons,14.0.0,50,2026-01-11T13:51:26.000+00:00,published,category_top20pct_item,https://www.nexusmods.com/baldursgate3/mods/12492,12492,12492
1,P4 Mask Emporium,Padme4000,Equipment,1.0.1.1,49,2025-05-01T10:45:03.000+00:00,published,prolific_author,https://www.nexusmods.com/baldursgate3/mods/442,442,442
1,Metallic and Chromatic Dragonborn Combined,BitterPast,Races,1.0.1,49,2024-01-12T11:06:36.000+00:00,published,prolific_author,https://www.nexusmods.com/baldursgate3/mods/3450,3450,3450
1,Duplicate Equipment,BitterPast,Gameplay,1.0.1,49,2024-01-30T11:02:31.000+00:00,published,prolific_author,https://www.nexusmods.com/baldursgate3/mods/5659,5659,5659
1,Combat Extender Tweaks,Syrchalis,Gameplay,1.0.0,49,2025-07-06T11:31:46.000+00:00,published,prolific_author,https://www.nexusmods.com/baldursgate3/mods/17434,17434,17434
1,5R Conjure Animals (dnd 5e 2024 PHB),ShadyDax,Spells,1.0.4.0,49,2026-06-16T16:52:00.000+00:00,published,dependency_closure_inherited,https://www.nexusmods.com/baldursgate3/mods/19666,19666,19666
1,Cursed Feat - Too Much Wild Magic,BitterPast,Gameplay,1.0.2,48,2023-11-20T12:29:07.000+00:00,published,prolific_author,https://www.nexusmods.com/baldursgate3/mods/4385,4385,4385
1,Massive Darkness,BitterPast,Spells,1.0.0,48,2023-12-16T12:06:34.000+00:00,published,prolific_author,https://www.nexusmods.com/baldursgate3/mods/4826,4826,4826
1,Improved Thorn Whip,BitterPast,Spells,1.0.0,48,2023-12-05T13:07:07.000+00:00,published,prolific_author,https://www.nexusmods.com/baldursgate3/mods/4875,4875,4875
1,Learn Evasion,BitterPast,Miscellaneous,1.0.1,48,2024-01-29T15:44:16.000+00:00,published,prolific_author,https://www.nexusmods.com/baldursgate3/mods/5343,5343,5343
1,Simple Edits - Armor Visuals,Belinn,Clothing,1.1,48,2024-10-02T12:47:44.000+00:00,published,prolific_author,https://www.nexusmods.com/baldursgate3/mods/12554,12554,12554
1,Improved Blade Ward,BitterPast,Spells,1.0.0,47,2023-12-02T23:39:36.000+00:00,published,prolific_author,https://www.nexusmods.com/baldursgate3/mods/4776,4776,4776
1,The Bounty Hunter - Rogue Subclass,meadowlarkk,Classes,1.0.0,47,2024-01-01T22:12:20.000+00:00,published,dependency_closure_inherited,https://www.nexusmods.com/baldursgate3/mods/5561,5561,5561
1,Thurible Flails - Censer Flail- Cleric gear,commanderstrawberry,Equipment,1.0,47,2024-10-19T21:44:23.000+00:00,published,prolific_author,https://www.nexusmods.com/baldursgate3/mods/7501,7501,7501
1,NPC Spell Slot Fixer (Nere),wesslen,Gameplay,1.0,47,2025-06-24T19:32:25.000+00:00,published,prolific_author,https://www.nexusmods.com/baldursgate3/mods/17270,17270,17270
1,Legendary Resistance Feats,BitterPast,Gameplay,1.0.0,46,2023-12-01T13:15:56.000+00:00,published,prolific_author,https://www.nexusmods.com/baldursgate3/mods/4730,4730,4730
1,Learn Hellish Rebuke,BitterPast,Miscellaneous,1.0.1,46,2024-01-30T10:59:28.000+00:00,published,prolific_author,https://www.nexusmods.com/baldursgate3/mods/5413,5413,5413
1,Learn Shadow Blade,BitterPast,Gameplay,1.0.0,46,2024-01-08T23:50:23.000+00:00,published,prolific_author,https://www.nexusmods.com/baldursgate3/mods/5784,5784,5784
1,Tiefling Update,tepkunset,Races,1,46,2024-12-27T12:57:05.000+00:00,published,prolific_author,https://www.nexusmods.com/baldursgate3/mods/14445,14445,14445
1,Healer Gear,Maxwell61,Equipment,1.0.1.8,46,2026-04-11T22:16:04.000+00:00,published,category_top20pct_item,https://www.nexusmods.com/baldursgate3/mods/17215,17215,17215
1,Space Mommies and Daddies - Star Wars mod,DramaticChipmunk,Equipment,3,46,2026-04-28T10:34:22.000+00:00,published,category_top20pct_item,https://www.nexusmods.com/baldursgate3/mods/22430,22430,22430
1,Bububull's lazy Hair mod template and tutorial,bububull,Utilities,1,45,2023-11-20T22:30:18.000+00:00,published,prolific_author,https://www.nexusmods.com/baldursgate3/mods/4413,4413,4413
1,Add Bonus Actions To Player,BitterPast,Gameplay,1.0.0,45,2023-11-22T02:08:10.000+00:00,published,prolific_author,https://www.nexusmods.com/baldursgate3/mods/4457,4457,4457
1,Netherstone Tweaks,BitterPast,Miscellaneous,1.0.0,45,2024-01-29T15:38:12.000+00:00,published,prolific_author,https://www.nexusmods.com/baldursgate3/mods/6304,6304,6304
1,Masc Barb Starter Armor for Body Type 3,Belinn,Clothing,1.0,45,2024-10-07T14:44:39.000+00:00,published,prolific_author,https://www.nexusmods.com/baldursgate3/mods/12878,12878,12878
1,Witcher Equipment,StuWil,Equipment,1.1,45,2026-01-21T15:56:35.000+00:00,published,category_top20pct_item,https://www.nexusmods.com/baldursgate3/mods/18157,18157,18157
1,Learn Unwavering,BitterPast,Gameplay,1.0.0,44,2024-01-10T11:29:55.000+00:00,published,prolific_author,https://www.nexusmods.com/baldursgate3/mods/5821,5821,5821
1,Resonance Stone Tweaks,BitterPast,Miscellaneous,1.0.0,44,2024-01-16T16:21:31.000+00:00,published,prolific_author,https://www.nexusmods.com/baldursgate3/mods/5952,5952,5952
1,Vera The Alchemist (Quest) Adds New Flask Weapons,Plumegnis and Lingler21,Quests,0.0.1.2,44,2025-08-03T00:15:46.000+00:00,published,category_top5pct,https://www.nexusmods.com/baldursgate3/mods/17864,17864,17864
1,A Dream of Silence ReVamped - Act 2 - Custom Campaign Story Mod,lizardphunk,Quests,v1.0.0.0,44,2025-12-23T16:32:55.000+00:00,published,category_top5pct,https://www.nexusmods.com/baldursgate3/mods/20268,20268,20268
1,Shifting Skins - Changeling Race Mod - Orin Visuals,commanderstrawberry,Races,1,44,2026-06-10T17:28:39.000+00:00,published,prolific_author,https://www.nexusmods.com/baldursgate3/mods/22773,22773,22773
1,Learn Paladin Auras,BitterPast,Spells,1.0.1,43,2024-01-27T20:38:16.000+00:00,published,prolific_author,https://www.nexusmods.com/baldursgate3/mods/4371,4371,4371
1,Shadowheart's Hair Accessory for CC,perseidipity,Character Customisation,1.0.0,43,2024-10-15T09:06:08.000+00:00,published,prolific_author,https://www.nexusmods.com/baldursgate3/mods/13093,13093,13093
1,Frostmourne,2Trinkets,Weapons,2.1,43,2026-06-13T14:33:13.000+00:00,published,category_top20pct_item,https://www.nexusmods.com/baldursgate3/mods/19304,19304,19304
1,Vendor Stock Control,Volitio,Gameplay,1.0.0,43,2026-03-15T14:04:57.000+00:00,published,prolific_author,https://www.nexusmods.com/baldursgate3/mods/21896,21896,21896
1,Body Type 3 Head Pack (Humans Elves Drow Half-Elves),tepkunset,Character Customisation,1,43,2026-03-18T21:38:23.000+00:00,published,prolific_author,https://www.nexusmods.com/baldursgate3/mods/21979,21979,21979
1,Trident for Polearm Master,Sindae,Gameplay,1.0,42,2023-09-06T23:13:25.000+00:00,published,prolific_author,https://www.nexusmods.com/baldursgate3/mods/1930,1930,1930
1,Learn Eldritch Blast,BitterPast,Spells,1.0.1,42,2024-01-27T20:41:37.000+00:00,published,prolific_author,https://www.nexusmods.com/baldursgate3/mods/4369,4369,4369
1,Spells Enhanced - Flock Of Familiars,MaskedRPGFan,Spells,1.0.0,42,2023-12-07T00:37:56.000+00:00,published,prolific_author,https://www.nexusmods.com/baldursgate3/mods/4890,4890,4890
1,Equip Light Weapons (and-or Shields) as bonus action,kharneth,Gameplay,1.0,42,2023-12-28T08:51:32.000+00:00,published,prolific_author,https://www.nexusmods.com/baldursgate3/mods/5457,5457,5457
1,Learn Sights of the Seelie - Summon Deva,BitterPast,Gameplay,1.0.0,42,2024-01-09T11:48:26.000+00:00,published,prolific_author,https://www.nexusmods.com/baldursgate3/mods/5798,5798,5798
1,Alternate Wyll Horns - fixed neck line,tepkunset,Character Customisation,1,42,2024-04-30T20:49:11.000+00:00,published,prolific_author,https://www.nexusmods.com/baldursgate3/mods/9120,9120,9120
1,5e Primeval Guardian - Ranger Subclass (Deprecated),Sumradagnoth,Classes,1.9.0.0,42,2025-01-18T18:46:31.000+00:00,published,prolific_author,https://www.nexusmods.com/baldursgate3/mods/14686,14686,14686
1,Kurgan's Armour,TashaWeeds,Armor,1.1,42,2025-06-07T05:58:53.000+00:00,published,prolific_author,https://www.nexusmods.com/baldursgate3/mods/16894,16894,16894
1,Summoner's Best Friend (Quest),Lingler21 and Plumegnis,Quests,2.0,42,2025-11-09T14:28:08.000+00:00,published,category_top5pct,https://www.nexusmods.com/baldursgate3/mods/17686,17686,17686
1,More Better Scimitars,Sarymsak,Weapons,3.1,42,2026-02-22T17:14:50.000+00:00,published,category_top20pct_item,https://www.nexusmods.com/baldursgate3/mods/18033,18033,18033
1,Better Crossbows,CaptainsShieldMedia,Weapons,1.1,42,2025-10-06T03:16:01.000+00:00,published,category_top20pct_item,https://www.nexusmods.com/baldursgate3/mods/18297,18297,18297
1,NAERYS - Nyx,Naerys,Equipment,1,42,2026-04-10T15:30:18.000+00:00,published,category_top20pct_item,https://www.nexusmods.com/baldursgate3/mods/22225,22225,22225
1,BUGFIX Pact of the Chain Summon Extra Attack,Loktide,Gameplay,1.1,41,2023-08-17T18:07:52.000+00:00,published,prolific_author,https://www.nexusmods.com/baldursgate3/mods/898,898,898
1,Vicious Mockery Disarms,BitterPast,Spells,1.0.0,41,2023-12-01T21:37:02.000+00:00,published,prolific_author,https://www.nexusmods.com/baldursgate3/mods/4742,4742,4742
1,Improved Gust of Wind,BitterPast,Spells,1.0.0,41,2023-12-05T13:04:22.000+00:00,published,prolific_author,https://www.nexusmods.com/baldursgate3/mods/4874,4874,4874
1,Holy Fire Immunity,BitterPast,Gameplay,1.0.0,41,2024-01-16T23:35:58.000+00:00,published,prolific_author,https://www.nexusmods.com/baldursgate3/mods/5964,5964,5964
1,Fulgurcoil Arbalest,AeehyehssReeper,Weapons,1.0.5,41,2026-02-23T12:45:49.000+00:00,published,category_top20pct_item,https://www.nexusmods.com/baldursgate3/mods/18281,18281,18281
1,Undead Dragonborn Traits,BitterPast,Races,1.0.1,40,2024-01-08T00:13:34.000+00:00,published,prolific_author,https://www.nexusmods.com/baldursgate3/mods/3372,3372,3372
1,Dynamic Camera Rotation Sensitivity,Volitio,Utilities,1.0.0,40,2026-03-08T17:01:56.000+00:00,published,prolific_author,https://www.nexusmods.com/baldursgate3/mods/21806,21806,21806
1,Amulet of Unified Sigils,SwissFred,Equipment,6.0.8.4,40,2026-05-28T13:19:46.000+00:00,published,category_top20pct_item,https://www.nexusmods.com/baldursgate3/mods/22433,22433,22433
1,Anti-Mage Feat,BitterPast,Gameplay,1.0.1,39,2023-11-17T12:31:59.000+00:00,published,prolific_author,https://www.nexusmods.com/baldursgate3/mods/4289,4289,4289
1,Labo-r of Love (Modders Resource Collection),labotor,Resources,1.2,39,2024-10-16T19:54:55.000+00:00,published,prolific_author,https://www.nexusmods.com/baldursgate3/mods/5480,5480,5480
1,Learn Weapon Actions,BitterPast,Gameplay,1.0.0,39,2024-03-14T10:12:51.000+00:00,published,prolific_author,https://www.nexusmods.com/baldursgate3/mods/5849,5849,5849
1,Thornsong Bow,Haytur,Weapons,1.3,39,2026-06-10T05:30:14.000+00:00,published,category_top20pct_item,https://www.nexusmods.com/baldursgate3/mods/16629,16629,16629
1,Sword of Justice Improved,CtrlFr33k,Weapons,1.0,39,2026-04-13T01:26:36.000+00:00,published,category_top20pct_item,https://www.nexusmods.com/baldursgate3/mods/17524,17524,17524
1,I Can't Believe It's Not Halberds,mons,Weapons,1.0.1,39,2026-05-31T08:38:47.000+00:00,published,category_top20pct_item,https://www.nexusmods.com/baldursgate3/mods/22988,22988,22988
1,Probably Unbalanced Summons,BitterPast,Gameplay,1.0.3,38,2024-01-19T19:31:39.000+00:00,published,prolific_author,https://www.nexusmods.com/baldursgate3/mods/4231,4231,4231
1,Learn Hunter's Prey,BitterPast,Gameplay,1.0.1,38,2024-01-30T11:03:35.000+00:00,published,prolific_author,https://www.nexusmods.com/baldursgate3/mods/5497,5497,5497
1,Learn Prayer of Healing,BitterPast,Gameplay,1.0.0,38,2024-01-07T15:30:06.000+00:00,published,prolific_author,https://www.nexusmods.com/baldursgate3/mods/5730,5730,5730
1,Learn The Shadow Itself,BitterPast,Gameplay,1.0.0,38,2024-01-11T01:46:16.000+00:00,published,prolific_author,https://www.nexusmods.com/baldursgate3/mods/5834,5834,5834
1,Potions - No Negative Effects,Belinn,Gameplay,1.0,38,2024-04-04T15:22:24.000+00:00,published,prolific_author,https://www.nexusmods.com/baldursgate3/mods/8508,8508,8508
1,Throwing Daggers,wesslen,Weapons,1.0.1,38,2026-03-09T09:20:47.000+00:00,published,"category_top20pct_item,prolific_author",https://www.nexusmods.com/baldursgate3/mods/21738,21738,21738
1,Invisible Head and Body,AnteMaxx,Visuals,0.0.1,37,2022-12-23T16:25:29.000+00:00,published,prolific_author,https://www.nexusmods.com/baldursgate3/mods/389,389,389
1,Monk Sorcerer Subclasses Combined,BitterPast,Classes,1.0.1,37,2024-01-08T00:21:02.000+00:00,published,prolific_author,https://www.nexusmods.com/baldursgate3/mods/3436,3436,3436
1,Spiritual Weapon Model Swap- Scythe,commanderstrawberry,Visuals,1,37,2025-11-16T17:37:12.000+00:00,published,prolific_author,https://www.nexusmods.com/baldursgate3/mods/4534,4534,4534
1,Treasure Vault - A Community Library Project,BG3 Community Library Team,Equipment,1.0.1.0,37,2024-07-11T09:53:39.000+00:00,published,prolific_author,https://www.nexusmods.com/baldursgate3/mods/10840,10840,10840
1,OneDnD Modules - Bard,BG3 Community Library Team,Classes,1.0.0.1,37,2025-01-27T22:37:02.000+00:00,published,prolific_author,https://www.nexusmods.com/baldursgate3/mods/11279,11279,11279
1,Boot of Forced Entry - Kick Open Doors And Chests,K_Constantine,Gameplay,1.2,37,2025-06-16T17:10:50.000+00:00,published,dependency_closure_inherited,https://www.nexusmods.com/baldursgate3/mods/16540,16540,16540
1,Devil May Cry 5 (DMC5) Dante Clothes,KraytClaw - Lokplart,Equipment,1.3,37,2026-06-15T10:10:12.000+00:00,published,category_top20pct_item,https://www.nexusmods.com/baldursgate3/mods/22537,22537,22537
1,Learn Smites,BitterPast,Spells,1.0.2,36,2024-01-27T20:35:43.000+00:00,published,prolific_author,https://www.nexusmods.com/baldursgate3/mods/4368,4368,4368
1,Chain Fireball and Melf's Acid Arrow,BitterPast,Spells,1.0.0,36,2023-12-06T14:54:56.000+00:00,published,prolific_author,https://www.nexusmods.com/baldursgate3/mods/4665,4665,4665
1,All Spell Smites Modification,BitterPast,Spells,1.0.0,36,2023-12-08T19:44:04.000+00:00,published,prolific_author,https://www.nexusmods.com/baldursgate3/mods/4978,4978,4978
1,Learn Dread Ambusher,BitterPast,Miscellaneous,1.0.1,36,2024-01-29T15:55:51.000+00:00,published,prolific_author,https://www.nexusmods.com/baldursgate3/mods/5392,5392,5392
1,Unlock Level Curve - Feat Every 3rd Level,Syrchalis,Classes,1.0.4,36,2025-07-06T11:51:28.000+00:00,published,prolific_author,https://www.nexusmods.com/baldursgate3/mods/17435,17435,17435
1,Sarymsak's gloves for monks (and not only),Sarymsak,Equipment,1.7,36,2026-06-20T19:05:33.000+00:00,published,category_top20pct_item,https://www.nexusmods.com/baldursgate3/mods/20225,20225,20225
1,Crimson Mayhem,For_Kiramay,Weapons,1.0.0.2,36,2026-01-18T16:49:25.000+00:00,published,category_top20pct_item,https://www.nexusmods.com/baldursgate3/mods/20775,20775,20775
1,Fade's Randomized Early Equipment - FREE,GraphicFade,Equipment,1.0.0.3,36,2026-05-11T23:07:20.000+00:00,published,category_top20pct_item,https://www.nexusmods.com/baldursgate3/mods/21569,21569,21569
1,My Funny Valentine,ARAFEL,Accessories,1.0.0.6,36,2026-02-27T16:44:07.000+00:00,published,category_top20pct_item,https://www.nexusmods.com/baldursgate3/mods/21660,21660,21660
1,Auto Scroll Transcribing,Volitio,Gameplay,1.0.1,36,2026-03-27T04:16:31.000+00:00,published,"category_top20pct_item,prolific_author",https://www.nexusmods.com/baldursgate3/mods/22053,22053,22053
1,Transgender Halsin,Aether,Character Customisation,1.0,35,2023-11-19T00:38:30.000+00:00,published,prolific_author,https://www.nexusmods.com/baldursgate3/mods/4272,4272,4272
1,Learn Remarkable Athlete,BitterPast,Miscellaneous,1.0.1,35,2024-01-28T15:42:22.000+00:00,published,prolific_author,https://www.nexusmods.com/baldursgate3/mods/5124,5124,5124
1,Block Hunter Mark,kharneth,Gameplay,1.0,35,2023-12-18T11:54:11.000+00:00,published,prolific_author,https://www.nexusmods.com/baldursgate3/mods/5205,5205,5205
1,Spells Enhanced - Zephyr Flash,MaskedRPGFan,Spells,1.0.1,35,2023-12-19T16:53:19.000+00:00,published,prolific_author,https://www.nexusmods.com/baldursgate3/mods/5215,5215,5215
1,Nightsong Armor for Gents - Selune Aylin,commanderstrawberry,Visuals,1.0,35,2024-02-15T00:00:24.000+00:00,published,prolific_author,https://www.nexusmods.com/baldursgate3/mods/6774,6774,6774
1,Dark Urge's Ilmater Paladin Armour,commanderstrawberry,Armor,1.1,35,2025-11-24T21:56:57.000+00:00,published,prolific_author,https://www.nexusmods.com/baldursgate3/mods/11306,11306,11306
1,Ember's Enchanted Instruments - Drums,Ariefel,Equipment,v1.0.2.0,35,2026-03-02T23:42:15.000+00:00,published,category_top20pct_item,https://www.nexusmods.com/baldursgate3/mods/21635,21635,21635
1,NAERYS - Incendium,Naerys,Equipment,1,35,2026-04-13T11:50:09.000+00:00,published,category_top20pct_item,https://www.nexusmods.com/baldursgate3/mods/22358,22358,22358
1,Gloves of Unified Sigils,SwissFred,Equipment,6.0.8.4,35,2026-06-03T10:39:13.000+00:00,published,category_top20pct_item,https://www.nexusmods.com/baldursgate3/mods/22448,22448,22448
1,Eldritch Strike Warlock,BitterPast,Classes,1.0.1,34,2024-01-07T23:49:15.000+00:00,published,prolific_author,https://www.nexusmods.com/baldursgate3/mods/3360,3360,3360
1,Forged in Cania - Mace and Shield Set,For_Kiramay,Weapons,1.0.0.6,34,2026-01-15T02:02:55.000+00:00,published,category_top20pct_item,https://www.nexusmods.com/baldursgate3/mods/20355,20355,20355
1,The Dwarf King,BitterPast,Races,1.0.1,33,2024-01-08T00:05:19.000+00:00,published,prolific_author,https://www.nexusmods.com/baldursgate3/mods/3378,3378,3378
1,VFX Auto Color Changer by Shivero,Shivero,Utilities,1.0.0.3,33,2023-11-23T17:06:00.000+00:00,published,prolific_author,https://www.nexusmods.com/baldursgate3/mods/3880,3880,3880
1,Sacred Flame Once Per Turn,BitterPast,Spells,1.0.0,33,2023-11-28T18:47:29.000+00:00,published,prolific_author,https://www.nexusmods.com/baldursgate3/mods/4642,4642,4642
1,Bububull's lazy armor mod template,bububull,Utilities,1,33,2024-10-30T18:30:58.000+00:00,published,prolific_author,https://www.nexusmods.com/baldursgate3/mods/10554,10554,10554
1,Deadly Music,FluffySpider,Weapons,1,33,2026-03-30T08:35:35.000+00:00,published,category_top20pct_item,https://www.nexusmods.com/baldursgate3/mods/22197,22197,22197
1,EA Sorcerer Robes Restored,tepkunset,Armor,1,33,2026-04-16T15:31:27.000+00:00,published,prolific_author,https://www.nexusmods.com/baldursgate3/mods/22461,22461,22461
1,Wild Shape Drider,BitterPast,Spells,1.0.0,32,2023-12-03T21:37:55.000+00:00,published,prolific_author,https://www.nexusmods.com/baldursgate3/mods/4823,4823,4823
1,Learn Brave,BitterPast,Miscellaneous,1.0.1,32,2024-01-29T15:55:23.000+00:00,published,prolific_author,https://www.nexusmods.com/baldursgate3/mods/5376,5376,5376
1,Tribes - Half-Orc Subrace Framework,Anxiety The Ork,Races,1.1.0.1,32,2025-11-02T01:28:26.000+00:00,published,dependency_closure_inherited,https://www.nexusmods.com/baldursgate3/mods/12827,12827,12827
1,Paladin Sorcerer Subclasses Combined,BitterPast,Classes,1.0.0,31,2023-10-19T17:25:28.000+00:00,published,prolific_author,https://www.nexusmods.com/baldursgate3/mods/3443,3443,3443
1,Learn Defensive Tactics,BitterPast,Gameplay,1.0.1,31,2024-01-30T11:02:58.000+00:00,published,prolific_author,https://www.nexusmods.com/baldursgate3/mods/5496,5496,5496
1,Redirect Damage Taken,BitterPast,Gameplay,1.0.0,31,2024-01-03T01:42:50.000+00:00,published,prolific_author,https://www.nexusmods.com/baldursgate3/mods/5594,5594,5594
1,Dread Ambusher Per Turn,BitterPast,Gameplay,1.0.0,31,2024-01-06T12:06:50.000+00:00,published,prolific_author,https://www.nexusmods.com/baldursgate3/mods/5701,5701,5701
1,d100 Initiative Roll,BitterPast,Gameplay,1.0.0,31,2024-01-10T11:29:59.000+00:00,published,prolific_author,https://www.nexusmods.com/baldursgate3/mods/5823,5823,5823
1,Clansong - Karlach as Red Dragonborn BT1 - Digitigrade,AkELkA,Accessories,1.0.0.10,31,2026-01-23T16:44:25.000+00:00,published,category_top20pct_item,https://www.nexusmods.com/baldursgate3/mods/20917,20917,20917
1,Playable Goliaths,tepkunset,Races,1,31,2026-03-20T23:44:58.000+00:00,published,prolific_author,https://www.nexusmods.com/baldursgate3/mods/22034,22034,22034
1,Devil May Cry 5 (DMC5) Vergil Clothes,KraytClaw - Lokplart,Equipment,1.3,31,2026-06-15T10:11:32.000+00:00,published,category_top20pct_item,https://www.nexusmods.com/baldursgate3/mods/22539,22539,22539
1,Barbarian Half-Orc and others Combined,BitterPast,Races,1.0.1,30,2024-01-08T00:01:08.000+00:00,published,prolific_author,https://www.nexusmods.com/baldursgate3/mods/3371,3371,3371
1,Improved Protection Fighting Style,BitterPast,Gameplay,1.0.0,30,2023-12-09T19:17:02.000+00:00,published,prolific_author,https://www.nexusmods.com/baldursgate3/mods/5001,5001,5001
1,Learn Book of Ancient Secrets,BitterPast,Gameplay,1.0.1,30,2024-01-29T15:54:53.000+00:00,published,prolific_author,https://www.nexusmods.com/baldursgate3/mods/5378,5378,5378
1,Learn Arcane Gate,BitterPast,Gameplay,1.0.0,30,2024-01-11T21:09:19.000+00:00,published,prolific_author,https://www.nexusmods.com/baldursgate3/mods/5853,5853,5853
1,Learn Darkness,BitterPast,Gameplay,1.0.0,30,2024-01-16T23:35:55.000+00:00,published,prolific_author,https://www.nexusmods.com/baldursgate3/mods/5962,5962,5962
1,VT Audit,Volitio,Utilities,1.0.0,30,2026-06-02T14:58:47.000+00:00,published,prolific_author,https://www.nexusmods.com/baldursgate3/mods/23124,23124,23124
1,Basic VFX Tutorial - Sample VFX Mod,Shivero,Resources,1.0.0.1,29,2023-11-13T23:20:21.000+00:00,published,prolific_author,https://www.nexusmods.com/baldursgate3/mods/4200,4200,4200
1,Singularity Step,BitterPast,Spells,1.0.0,29,2023-11-24T12:21:13.000+00:00,published,prolific_author,https://www.nexusmods.com/baldursgate3/mods/4509,4509,4509
1,Spells Enhanced - Otilukes Resilient Sphere,MaskedRPGFan,Spells,1.0.0,29,2023-12-01T08:22:48.000+00:00,published,prolific_author,https://www.nexusmods.com/baldursgate3/mods/4724,4724,4724
1,Learn Beguiling Defences,BitterPast,Miscellaneous,1.0.1,29,2024-01-29T15:43:20.000+00:00,published,prolific_author,https://www.nexusmods.com/baldursgate3/mods/5344,5344,5344
1,Reduce Damage Taken,BitterPast,Gameplay,1.0.0,29,2024-01-05T22:51:58.000+00:00,published,prolific_author,https://www.nexusmods.com/baldursgate3/mods/5686,5686,5686
1,Learn Executioner,BitterPast,Gameplay,1.0.0,29,2024-01-10T11:30:00.000+00:00,published,prolific_author,https://www.nexusmods.com/baldursgate3/mods/5820,5820,5820
1,Malus head and drip,feathery muffins - Moi,Character Customisation,1.2,29,2024-03-09T21:23:01.000+00:00,published,dependency_closure_inherited,https://www.nexusmods.com/baldursgate3/mods/6447,6447,6447
1,P4 Hornucopia,Padme4000,Character Customisation,1.0.0.9,29,2026-03-15T12:48:47.000+00:00,published,prolific_author,https://www.nexusmods.com/baldursgate3/mods/7680,7680,7680
1,Shadowheart's New Starting Gear,HyperspaceTowel,Equipment,1.0.0.14,29,2026-06-15T02:46:23.000+00:00,published,category_top20pct_item,https://www.nexusmods.com/baldursgate3/mods/22613,22613,22613
1,Help Casts Sanctuary,BitterPast,Gameplay,1.0.0,28,2023-12-09T23:01:36.000+00:00,published,prolific_author,https://www.nexusmods.com/baldursgate3/mods/5008,5008,5008
1,Learn Danse Macabre,BitterPast,Gameplay,1.0.0,28,2024-01-08T23:50:19.000+00:00,published,prolific_author,https://www.nexusmods.com/baldursgate3/mods/5786,5786,5786
1,UA2026 Villainous Options,tepkunset,Classes,3,28,2026-04-11T23:07:03.000+00:00,published,prolific_author,https://www.nexusmods.com/baldursgate3/mods/22350,22350,22350
1,Intelligent Warlock,Sindae,Character Customisation,1.2,27,2023-10-01T16:27:45.000+00:00,published,prolific_author,https://www.nexusmods.com/baldursgate3/mods/2816,2816,2816
1,Massive Fog Cloud,BitterPast,Spells,1.0.0,27,2023-12-09T16:19:16.000+00:00,published,prolific_author,https://www.nexusmods.com/baldursgate3/mods/4996,4996,4996
1,Learn Misty Escape,BitterPast,Miscellaneous,1.0.1,27,2024-01-30T11:00:00.000+00:00,published,prolific_author,https://www.nexusmods.com/baldursgate3/mods/5414,5414,5414
1,Karlach Auto Use Soul Coin,Volitio,Gameplay,1.0.0,27,2026-03-20T15:52:51.000+00:00,published,prolific_author,https://www.nexusmods.com/baldursgate3/mods/22001,22001,22001
1,Learn Illusory Self,BitterPast,Miscellaneous,1.0.1,26,2024-01-30T10:58:54.000+00:00,published,prolific_author,https://www.nexusmods.com/baldursgate3/mods/5412,5412,5412
1,Learn Beckoning Darkness,BitterPast,Gameplay,1.0.0,26,2024-01-09T11:48:21.000+00:00,published,prolific_author,https://www.nexusmods.com/baldursgate3/mods/5797,5797,5797
1,Learn Armour of Agathys,BitterPast,Spells,1.0.0,26,2024-01-15T21:57:26.000+00:00,published,prolific_author,https://www.nexusmods.com/baldursgate3/mods/5941,5941,5941
1,Superior Salami,BitterPast,Equipment,1.0.1,26,2024-01-19T01:35:02.000+00:00,published,prolific_author,https://www.nexusmods.com/baldursgate3/mods/6000,6000,6000
1,Arrows of Slaying - No Target Restrictions,Belinn,Gameplay,1.0,26,2024-04-04T17:54:05.000+00:00,published,prolific_author,https://www.nexusmods.com/baldursgate3/mods/8511,8511,8511
1,OneDnD Modules - Druid,BG3 Community Library Team,Classes,1.0.0.0,26,2024-07-06T06:56:49.000+00:00,published,prolific_author,https://www.nexusmods.com/baldursgate3/mods/10775,10775,10775
1,Paladin Tag Won't Break Oath,Darkynho,Gameplay,1.0.0.0,26,2026-04-08T01:26:34.000+00:00,published,dependency_closure_inherited,https://www.nexusmods.com/baldursgate3/mods/21917,21917,21917
1,Variant Human RP,BitterPast,Races,1.0.1,25,2024-01-08T00:10:24.000+00:00,published,prolific_author,https://www.nexusmods.com/baldursgate3/mods/3468,3468,3468
1,Warlock Familiar and Shovel Can Cast Knock,BitterPast,Character Customisation,1.0.0,25,2023-11-20T00:52:14.000+00:00,published,prolific_author,https://www.nexusmods.com/baldursgate3/mods/4389,4389,4389
1,Mass Animate Dead,BitterPast,Spells,1.0.0,25,2023-12-01T03:17:29.000+00:00,published,prolific_author,https://www.nexusmods.com/baldursgate3/mods/4716,4716,4716
1,Improved Produce Flame,BitterPast,Spells,1.0.0,25,2023-12-09T10:55:29.000+00:00,published,prolific_author,https://www.nexusmods.com/baldursgate3/mods/4876,4876,4876
1,Learn Spiritual Weapon,BitterPast,Spells,1.0.0,25,2024-01-28T12:07:05.000+00:00,published,prolific_author,https://www.nexusmods.com/baldursgate3/mods/4898,4898,4898
1,Learn Become the Bulwark,BitterPast,Gameplay,1.0.0,25,2024-01-11T01:46:15.000+00:00,published,prolific_author,https://www.nexusmods.com/baldursgate3/mods/5831,5831,5831
1,Auto Summon,Volitio,Gameplay,1.0.1,25,2026-03-21T15:10:05.000+00:00,published,prolific_author,https://www.nexusmods.com/baldursgate3/mods/21975,21975,21975
1,Massive Grease,BitterPast,Spells,1.0.0,24,2023-12-05T23:31:35.000+00:00,published,prolific_author,https://www.nexusmods.com/baldursgate3/mods/4894,4894,4894
1,Bag of Rocks,BitterPast,Miscellaneous,1.0.0,24,2024-01-17T22:44:13.000+00:00,published,prolific_author,https://www.nexusmods.com/baldursgate3/mods/5990,5990,5990
1,Shadowheart camp outfit uses male vest,commanderstrawberry,Clothing,1,24,2025-02-03T18:09:00.000+00:00,published,prolific_author,https://www.nexusmods.com/baldursgate3/mods/14876,14876,14876
1,Guilt-Free Slayer Form - BETA,whatsontheflip,Quests,1.1.0.1,24,2026-04-03T22:44:33.000+00:00,published,category_top5pct,https://www.nexusmods.com/baldursgate3/mods/21038,21038,21038
1,Help Applies Death Ward,BitterPast,Spells,1.0.0,23,2023-11-18T12:03:40.000+00:00,published,prolific_author,https://www.nexusmods.com/baldursgate3/mods/4331,4331,4331
1,Unarmed Eldritch Strike,BitterPast,Gameplay,1.0.0,23,2024-02-02T12:04:41.000+00:00,published,prolific_author,https://www.nexusmods.com/baldursgate3/mods/6300,6300,6300
1,Tides of Chaos Recharge,Sindae,Gameplay,1.0,23,2024-08-17T10:39:04.000+00:00,published,prolific_author,https://www.nexusmods.com/baldursgate3/mods/11625,11625,11625
1,Outfit Randomizer,Volitio,Visuals,1.0.0,23,2026-02-01T16:44:49.000+00:00,published,prolific_author,https://www.nexusmods.com/baldursgate3/mods/21196,21196,21196
1,Abyssal Glaive,AlbertToll,Weapons,1,23,2026-06-11T10:09:35.000+00:00,published,category_top20pct_item,https://www.nexusmods.com/baldursgate3/mods/23317,23317,23317
1,Avoid Bulette of Death,BitterPast,Gameplay,1.0.1,22,2024-01-07T23:54:27.000+00:00,published,prolific_author,https://www.nexusmods.com/baldursgate3/mods/3734,3734,3734
1,Requested Mods Page,BitterPast,Miscellaneous,1.0.0,22,2025-05-14T20:54:10.000+00:00,published,prolific_author,https://www.nexusmods.com/baldursgate3/mods/3892,3892,3892
1,Magic Dagger Weapon Masteries,LostSoulMan,Equipment,1.0,22,2024-07-04T09:42:40.000+00:00,published,prolific_author,https://www.nexusmods.com/baldursgate3/mods/10736,10736,10736
1,See No Evil - Hear No Evil - Speak No Evil Poses (Three Wise Monkeys),Volitio,Photo Mode,1.0.0,22,2025-11-20T22:14:44.000+00:00,published,prolific_author,https://www.nexusmods.com/baldursgate3/mods/19727,19727,19727
1,NAERYS - Ignis,Naerys,Equipment,1.0,22,2026-05-04T13:54:52.000+00:00,published,category_top20pct_item,https://www.nexusmods.com/baldursgate3/mods/22690,22690,22690
1,Assassin RP Elf and Halfling,BitterPast,Races,1.0.1,21,2024-01-08T00:25:04.000+00:00,published,prolific_author,https://www.nexusmods.com/baldursgate3/mods/3437,3437,3437
1,Combat HP Bonus,BitterPast,Gameplay,1.0.0,21,2024-01-06T21:20:54.000+00:00,published,prolific_author,https://www.nexusmods.com/baldursgate3/mods/5713,5713,5713
1,Oath Of The Adamant (Homebrew),Kingpsycho,Classes,1.0v,21,2024-03-01T05:23:49.000+00:00,published,dependency_closure_inherited,https://www.nexusmods.com/baldursgate3/mods/7146,7146,7146
1,Starting Equipment Restored,NecroticFlame,Equipment,1.3.0,21,2026-06-14T06:16:27.000+00:00,published,category_top20pct_item,https://www.nexusmods.com/baldursgate3/mods/22309,22309,22309
1,Gale's Stylist - Skimpy Edition,Padme4000,Character Customisation,1.0.0.0,20,2023-08-18T16:07:11.000+00:00,published,prolific_author,https://www.nexusmods.com/baldursgate3/mods/481,481,481
1,Multiple Target True Strike,BitterPast,Spells,1.0.0,20,2023-11-29T14:36:12.000+00:00,published,prolific_author,https://www.nexusmods.com/baldursgate3/mods/4666,4666,4666
1,Massive Plant Growth,BitterPast,Spells,1.0.0,20,2023-12-04T18:15:23.000+00:00,published,prolific_author,https://www.nexusmods.com/baldursgate3/mods/4846,4846,4846
1,Edible Pixies and Bones,BitterPast,Miscellaneous,1.0.0,20,2024-02-03T12:20:17.000+00:00,published,prolific_author,https://www.nexusmods.com/baldursgate3/mods/6427,6427,6427
1,Worm off a String - Tadpole replacer,commanderstrawberry,Miscellaneous,1,20,2026-04-01T19:47:05.000+00:00,published,prolific_author,https://www.nexusmods.com/baldursgate3/mods/22166,22166,22166
1,Legendary Actions (Custom Honour Mode),Volitio,Gameplay,1.0.0,20,2026-05-03T22:17:46.000+00:00,published,prolific_author,https://www.nexusmods.com/baldursgate3/mods/22651,22651,22651
1,Maravilla Circlet,BerrySemifreddo,Accessories,1.0.0.3,20,2026-06-16T01:49:32.000+00:00,published,category_top20pct_item,https://www.nexusmods.com/baldursgate3/mods/23397,23397,23397
1,Fire Frost and Flora Swords - Weapon Pack,JasondunnaYT,Weapons,1,19,2026-05-27T23:07:28.000+00:00,published,category_top20pct_item,https://www.nexusmods.com/baldursgate3/mods/23084,23084,23084
1,Small Character Creation Eagle,AnteMaxx,Visuals,1.0,18,2021-11-17T18:05:45.000+00:00,published,prolific_author,https://www.nexusmods.com/baldursgate3/mods/283,283,283
1,Wild Magic Subclasses Combined,BitterPast,Classes,1.0.1,18,2024-01-08T00:07:45.000+00:00,published,prolific_author,https://www.nexusmods.com/baldursgate3/mods/3359,3359,3359
1,Upscales of misc textures,commanderstrawberry,Miscellaneous,1,18,2025-03-03T21:22:33.000+00:00,published,prolific_author,https://www.nexusmods.com/baldursgate3/mods/5318,5318,5318
1,More Specific Cleric dialogue- Lathander for now,commanderstrawberry,Miscellaneous,1,18,2024-07-27T19:41:20.000+00:00,published,prolific_author,https://www.nexusmods.com/baldursgate3/mods/11229,11229,11229
1,Head VFX Universal Automatic Patcher (UAP),Volitio,Utilities,1.0.0,18,2026-06-27T20:40:03.000+00:00,published,prolific_author,https://www.nexusmods.com/baldursgate3/mods/22716,22716,22716
1,Learn Enemy Boss Transformation,BitterPast,Spells,1.0.0,17,2023-12-04T23:54:26.000+00:00,published,prolific_author,https://www.nexusmods.com/baldursgate3/mods/4842,4842,4842
1,Massive Spike Growth,BitterPast,Spells,1.0.0,17,2023-12-04T18:19:35.000+00:00,published,prolific_author,https://www.nexusmods.com/baldursgate3/mods/4847,4847,4847
1,Learn Guardian Of Faith,BitterPast,Gameplay,1.0.0,17,2024-01-08T12:38:44.000+00:00,published,prolific_author,https://www.nexusmods.com/baldursgate3/mods/5768,5768,5768
1,Learn Loving Protection,BitterPast,Gameplay,1.0.0,17,2024-01-11T01:46:20.000+00:00,published,prolific_author,https://www.nexusmods.com/baldursgate3/mods/5833,5833,5833
1,UT - KAVT - Toolkit Head Compatibility Patch Generator,Volitio,Utilities,1.0.0,17,2025-12-07T19:55:30.000+00:00,published,prolific_author,https://www.nexusmods.com/baldursgate3/mods/20006,20006,20006
1,P4 Misc Mods,Padme4000,Miscellaneous,1,17,2026-05-17T17:15:29.000+00:00,published,prolific_author,https://www.nexusmods.com/baldursgate3/mods/22879,22879,22879
1,Ebrious Mockery,kharneth,Gameplay,1.0,16,2024-08-03T14:08:05.000+00:00,published,prolific_author,https://www.nexusmods.com/baldursgate3/mods/11394,11394,11394
1,YOU Narrator,ToxicDrake,Audio,1,15,2025-11-22T20:24:08.000+00:00,published,dependency_closure_inherited,https://www.nexusmods.com/baldursgate3/mods/18817,18817,18817
1,Mizora's Milk (reward for killing Karlach,MC1R,Quests,0.1,15,2026-04-22T16:10:24.000+00:00,published,category_top5pct,https://www.nexusmods.com/baldursgate3/mods/22520,22520,22520
1,Party Weight Redistribution,Volitio,Gameplay,1.0.0,15,2026-04-29T13:53:43.000+00:00,published,prolific_author,https://www.nexusmods.com/baldursgate3/mods/22544,22544,22544
1,For Beer - Custom Story Mod,haddyas,Quests,1.0,14,2026-02-01T14:18:30.000+00:00,published,category_top5pct,https://www.nexusmods.com/baldursgate3/mods/21194,21194,21194
1,Human Zombie-WhiteWalker RP,BitterPast,Races,1.0.1,13,2024-01-12T18:16:18.000+00:00,published,prolific_author,https://www.nexusmods.com/baldursgate3/mods/3370,3370,3370
1,Bloodline Hunter,BitterPast,Gameplay,1.0.0,13,2024-01-16T17:24:53.000+00:00,published,prolific_author,https://www.nexusmods.com/baldursgate3/mods/5950,5950,5950
1,Steady Aim (2024),wesslen,Classes,2.0.3,13,2026-04-12T18:50:25.000+00:00,published,prolific_author,https://www.nexusmods.com/baldursgate3/mods/22402,22402,22402
1,Container Loot Control,Volitio,Utilities,1.0.0,13,2026-04-27T15:43:30.000+00:00,published,prolific_author,https://www.nexusmods.com/baldursgate3/mods/22583,22583,22583
1,A Song For the Ages,MF Tadpoles,Quests,1,13,2026-05-05T00:25:46.000+00:00,published,category_top5pct,https://www.nexusmods.com/baldursgate3/mods/22638,22638,22638
1,Vastly Superior Gnomes,BitterPast,Races,1.0.1,12,2024-01-12T18:17:55.000+00:00,published,prolific_author,https://www.nexusmods.com/baldursgate3/mods/3364,3364,3364
1,Level Six Spells Cost Change,BitterPast,Gameplay,1.0.0,12,2023-12-07T16:13:19.000+00:00,published,prolific_author,https://www.nexusmods.com/baldursgate3/mods/4937,4937,4937
1,Withers REL Shop,Capitancow,Equipment,1.5.0,12,2026-02-22T22:26:53.000+00:00,published,dependency_closure_inherited,https://www.nexusmods.com/baldursgate3/mods/15010,15010,15010
1,Dragonborn Lucious Locks (and new sockets),Padme4000,Character Customisation,1.0.0.1,12,2025-06-18T15:18:05.000+00:00,published,prolific_author,https://www.nexusmods.com/baldursgate3/mods/17108,17108,17108
1,Eye Overrides for Player Character (Tav or Origins),Padme4000,Character Customisation,1.0.0.0,12,2025-12-25T12:45:37.000+00:00,published,prolific_author,https://www.nexusmods.com/baldursgate3/mods/19867,19867,19867
1,Smart Equipment Manager,Volitio,Gameplay,1.1.1,12,2026-04-29T03:43:19.000+00:00,published,prolific_author,https://www.nexusmods.com/baldursgate3/mods/22086,22086,22086
1,Raise AC to 20 Plus Modifier,BitterPast,Spells,1.0.1,11,2024-01-27T20:26:26.000+00:00,published,prolific_author,https://www.nexusmods.com/baldursgate3/mods/4470,4470,4470
1,Self-Detonate Spell - Explode Yourself,BitterPast,Spells,1.0.0,11,2023-12-05T02:13:03.000+00:00,published,prolific_author,https://www.nexusmods.com/baldursgate3/mods/4862,4862,4862
1,Rebalance - Cantrips (Thorn Whip fix and Optional Acid Splash version),Syrchalis,Spells,1.0.9,11,2025-01-08T10:00:54.000+00:00,published,prolific_author,https://www.nexusmods.com/baldursgate3/mods/14122,14122,14122
1,2024 Metamagic,wesslen,Gameplay,1.1,10,2026-04-23T11:36:18.000+00:00,published,prolific_author,https://www.nexusmods.com/baldursgate3/mods/22508,22508,22508
1,Zenithar's Chosen - Gold Based Damage,BitterPast,Gameplay,1.0.0,9,2023-11-27T17:08:37.000+00:00,published,prolific_author,https://www.nexusmods.com/baldursgate3/mods/4622,4622,4622
1,Level Four Spells Cost Change,BitterPast,Gameplay,1.0.0,9,2023-12-08T12:37:53.000+00:00,published,prolific_author,https://www.nexusmods.com/baldursgate3/mods/4969,4969,4969
1,Faerunian Roulette,Volitio,Gameplay,1.0.0,9,2024-04-01T11:39:23.000+00:00,published,prolific_author,https://www.nexusmods.com/baldursgate3/mods/8402,8402,8402
1,Simple Scythes,commanderstrawberry,Weapons,1,9,2025-11-26T16:27:01.000+00:00,published,prolific_author,https://www.nexusmods.com/baldursgate3/mods/19826,19826,19826
1,Shove Applies Hunter's Mark,BitterPast,Spells,1.0.0,8,2023-11-18T12:07:34.000+00:00,published,prolific_author,https://www.nexusmods.com/baldursgate3/mods/4333,4333,4333
1,Meow Names,BitterPast,Miscellaneous,1.0.0,8,2023-11-22T21:01:24.000+00:00,published,prolific_author,https://www.nexusmods.com/baldursgate3/mods/4479,4479,4479
1,Some Alt textures for Paladin and Cleric Gear,commanderstrawberry,Visuals,1.0,8,2024-08-18T19:05:11.000+00:00,published,prolific_author,https://www.nexusmods.com/baldursgate3/mods/11514,11514,11514
1,Stomp On Tadpole,julesberry,Quests,1.0.0.3,8,2026-04-08T11:32:02.000+00:00,published,category_top5pct,https://www.nexusmods.com/baldursgate3/mods/22347,22347,22347
1,Level Five Spells Cost Change,BitterPast,Gameplay,1.0.0,5,2023-12-07T16:09:12.000+00:00,published,prolific_author,https://www.nexusmods.com/baldursgate3/mods/4947,4947,4947
1,Blank Texture maps for outfit modders,commanderstrawberry,Miscellaneous,1,5,2024-10-03T17:31:24.000+00:00,published,prolific_author,https://www.nexusmods.com/baldursgate3/mods/8483,8483,8483
1,Hag Hair (Charisma) in Teahouse (CLC),Volitio,Gameplay,1.0.0,5,2026-04-27T15:41:18.000+00:00,published,prolific_author,https://www.nexusmods.com/baldursgate3/mods/22588,22588,22588
1,Block Fleeing From Combat,BitterPast,Gameplay,1.0.0,4,2023-11-21T00:09:03.000+00:00,published,prolific_author,https://www.nexusmods.com/baldursgate3/mods/4430,4430,4430
1,Durge Singer,BG3 Community Library Team,Character Customisation,1.0.0.0,3,2024-07-07T10:32:16.000+00:00,published,prolific_author,https://www.nexusmods.com/baldursgate3/mods/10816,10816,10816
1,Rescued Robes,commanderstrawberry,Armor,1,3,2026-06-11T09:59:04.000+00:00,published,prolific_author,https://www.nexusmods.com/baldursgate3/mods/23009,23009,23009
1,Thaminra - BT1 Mephistopheles Tiefling (CPF Preset),Volitio,Character Customisation,1.0.0,2,2025-11-29T13:44:36.000+00:00,published,prolific_author,https://www.nexusmods.com/baldursgate3/mods/19856,19856,19856
1,Wildsheep Charges,BitterPast,Miscellaneous,1.0.0,1,2023-11-29T17:23:28.000+00:00,published,prolific_author,https://www.nexusmods.com/baldursgate3/mods/4668,4668,4668
1,DribbleSpec,Volitio,Utilities,0.1.0,1,2026-03-08T23:43:48.000+00:00,published,prolific_author,https://www.nexusmods.com/baldursgate3/mods/21808,21808,21808
1,0.5 XP for monsters only,MaskedRPGFan,Gameplay,1.0,0,2023-11-23T22:03:32.000+00:00,published,prolific_author,https://www.nexusmods.com/baldursgate3/mods/4504,4504,4504
1,Commanderstrawberry Virtual Texture Bank,commanderstrawberry,Miscellaneous,1,0,2026-05-28T19:40:12.000+00:00,published,prolific_author,https://www.nexusmods.com/baldursgate3/mods/16845,16845,16845
2,Vemperen's Other Heads Repaired,Vemperen and Dufresne,Character Customisation,1.50,29539,2024-03-14T07:34:18.000+00:00,published,,https://www.nexusmods.com/baldursgate3/mods/2226,2226,2226
2,Bags Bags Bags,Liareth,Gameplay,11,18774,2023-08-28T10:15:45.000+00:00,published,,https://www.nexusmods.com/baldursgate3/mods/880,880,880
2,Customizer's Compendium - NPC Options Unlocker,AlanaSP,Character Customisation,1.0.5,15211,2023-08-15T14:27:54.000+00:00,published,,https://www.nexusmods.com/baldursgate3/mods/10,10,10
2,Level 20 (Multiclass),Malcroix,Gameplay,1.3,12693,2023-08-09T17:34:40.000+00:00,published,,https://www.nexusmods.com/baldursgate3/mods/570,570,570
2,CovenElf's Tattoo and Makeup Collection (v1.2 Update),CovenElf,Character Customisation,v1.2.1,12681,2023-09-09T01:49:52.000+00:00,published,,https://www.nexusmods.com/baldursgate3/mods/1684,1684,1684
2,Fantastical Multiverse,Dungeons and Souls,Races,1.6.0.1,10863,2024-07-25T18:20:59.000+00:00,published,,https://www.nexusmods.com/baldursgate3/mods/215,215,215
2,Silver's Hair Pack,Silver,Character Customisation,1.2,8823,2024-03-28T23:52:22.000+00:00,published,,https://www.nexusmods.com/baldursgate3/mods/5743,5743,5743
2,Enhanced Nude Bodies,FrancisLouis,Character Customisation,1.3,8753,2024-02-11T15:46:58.000+00:00,published,,https://www.nexusmods.com/baldursgate3/mods/652,652,652
2,More Reactive Companions,LightningLarryL,Companions,1.0.0.11,7994,2025-02-17T22:27:32.000+00:00,published,,https://www.nexusmods.com/baldursgate3/mods/5447,5447,5447
2,De-Accessorized NPC Hairstyles,PRISMEeos,Character Customisation,1.4,7236,2023-08-18T11:01:49.000+00:00,published,,https://www.nexusmods.com/baldursgate3/mods/1017,1017,1017
2,Silver's Hair Pack 2,Silver,Character Customisation,1.1,6544,2024-03-28T23:59:33.000+00:00,published,,https://www.nexusmods.com/baldursgate3/mods/7160,7160,7160
2,More Mage Gear,pooteeweet,Equipment,1.4.2,5715,2024-09-13T19:17:21.000+00:00,published,,https://www.nexusmods.com/baldursgate3/mods/2783,2783,2783
2,Yves Hair Gallery,Yves,Character Customisation,2.0,5611,2023-11-26T12:22:06.000+00:00,published,,https://www.nexusmods.com/baldursgate3/mods/4239,4239,4239
2,Half Demon (Cambion),Eternaldole,Races,2.4,4937,2023-10-04T13:41:52.000+00:00,published,,https://www.nexusmods.com/baldursgate3/mods/1991,1991,1991
2,Strong Female Heads,Dufresne,Character Customisation,1.3,4844,2023-11-09T08:38:39.000+00:00,published,,https://www.nexusmods.com/baldursgate3/mods/2657,2657,2657
2,Honey's Hair Kitchen (WIP),HoneyWhite,Character Customisation,1.0,4590,2023-08-18T02:16:03.000+00:00,published,,https://www.nexusmods.com/baldursgate3/mods/293,293,293
2,Cleric Subclasses - Release,Baltavi,Classes,2.0.38,4272,2023-12-20T18:04:52.000+00:00,published,,https://www.nexusmods.com/baldursgate3/mods/432,432,432
2,Variant of Orin's hair,amicanon9,Character Customisation,1.1,4266,2023-08-26T00:12:58.000+00:00,published,,https://www.nexusmods.com/baldursgate3/mods/1287,1287,1287
2,Approval Cheat,unamazement,Gameplay,1.1,4208,2023-09-16T22:46:10.000+00:00,published,,https://www.nexusmods.com/baldursgate3/mods/2192,2192,2192
2,Tactician Plus,Feriat111,Gameplay,1.3,4095,2023-10-31T02:10:39.000+00:00,published,,https://www.nexusmods.com/baldursgate3/mods/661,661,661
2,Long Straight Hair,Aloija,Character Customisation,1.1.3,4082,2023-12-04T16:36:18.000+00:00,published,,https://www.nexusmods.com/baldursgate3/mods/427,427,427
2,New CC Head Presets,PseudoKociara,Character Customisation,1.1,3835,2024-03-01T19:04:50.000+00:00,published,,https://www.nexusmods.com/baldursgate3/mods/6152,6152,6152
2,Mantis' Face Preset Collections,Mantis,Character Customisation,1.4.0.0,3796,2025-02-26T03:37:46.000+00:00,published,,https://www.nexusmods.com/baldursgate3/mods/11456,11456,11456
2,Better Loot,Drake0713,Gameplay,2.51,3423,2024-09-14T00:55:48.000+00:00,published,,https://www.nexusmods.com/baldursgate3/mods/1398,1398,1398
2,Full Custom Companions (Hirelings),adriant1978,Companions,2.2.2.1,3202,2025-12-27T20:18:29.000+00:00,published,,https://www.nexusmods.com/baldursgate3/mods/4928,4928,4928
2,Hairstyles of Faerun,Aloija,Character Customisation,1.0.4,3042,2024-03-24T17:22:15.000+00:00,published,,https://www.nexusmods.com/baldursgate3/mods/6068,6068,6068
2,No Abs for Companions and PC (Resource),slimesona,Character Customisation,1.0,2960,2024-03-06T21:30:16.000+00:00,published,,https://www.nexusmods.com/baldursgate3/mods/1127,1127,1127
2,Shibariwaluigi's NPC Hair Edits,shibariwaluigi,Character Customisation,2.0.0.0,2902,2023-09-21T03:19:23.000+00:00,published,,https://www.nexusmods.com/baldursgate3/mods/1435,1435,1435
2,Kylin's Heads,Kylin3,Character Customisation,1.3,2702,2024-03-29T11:53:42.000+00:00,published,,https://www.nexusmods.com/baldursgate3/mods/6148,6148,6148
2,More Actions,Magus,Gameplay,9.0,2631,2025-11-02T22:32:25.000+00:00,published,,https://www.nexusmods.com/baldursgate3/mods/598,598,598
2,Kylin's Horns,Kylin3,Character Customisation,1.6,2537,2024-05-28T05:22:29.000+00:00,published,,https://www.nexusmods.com/baldursgate3/mods/8681,8681,8681
2,Gortash Facelift,pooteeweet,Character Customisation,1.0,2365,2023-10-31T19:16:28.000+00:00,published,,https://www.nexusmods.com/baldursgate3/mods/2324,2324,2324
2,Replayable Romance Scenes,Cerberry and Moxi,Miscellaneous,2.0,2344,2024-10-09T15:47:00.000+00:00,published,,https://www.nexusmods.com/baldursgate3/mods/12233,12233,12233
2,Vivid Landscapes - HD Ground and Terrain Textures 1k - 2k - Best Choice,Hein84,Visuals,2.2.0,2110,2025-12-07T18:17:52.000+00:00,published,,https://www.nexusmods.com/baldursgate3/mods/6473,6473,6473
2,JWL Soul Smithing - Upgrade Your Gear,Jewels,Gameplay,1.0.0.7,2104,2023-09-04T17:13:02.000+00:00,published,,https://www.nexusmods.com/baldursgate3/mods/1626,1626,1626
2,Additional Fighting Styles,Recat,Classes,1.3.1,2049,2023-08-25T17:25:53.000+00:00,published,,https://www.nexusmods.com/baldursgate3/mods/858,858,858
2,Plus UI,Raizan,User Interface,1.2.5,2009,2024-01-04T00:40:59.000+00:00,published,,https://www.nexusmods.com/baldursgate3/mods/4273,4273,4273
2,Everyone In Dialogue,Silent Note,Gameplay,2.0.0.0,1996,2023-11-17T23:48:17.000+00:00,published,,https://www.nexusmods.com/baldursgate3/mods/3206,3206,3206
2,Lune's Idle Expressions - BG3SX Addon,Lune,Animations,v1.1.0.0,1993,2024-06-07T20:17:42.000+00:00,published,,https://www.nexusmods.com/baldursgate3/mods/7947,7947,7947
2,HGY Heads,horography,Character Customisation,1.0.1.0,1958,2024-03-11T18:58:35.000+00:00,published,,https://www.nexusmods.com/baldursgate3/mods/4895,4895,4895
2,Smooth and muscular Githyanki F Body OUTDATED,GarlicBread,Character Customisation,1.0,1919,2023-09-06T11:41:41.000+00:00,published,,https://www.nexusmods.com/baldursgate3/mods/1902,1902,1902
2,Myky's Makeup and Tattoos,myky,Character Customisation,1.0.1,1902,2025-05-21T10:35:42.000+00:00,published,,https://www.nexusmods.com/baldursgate3/mods/11280,11280,11280
2,Eldertide Armaments (Rings and Amulets),Proxeuz,Equipment,1.6.3,1878,2023-12-11T07:19:29.000+00:00,published,,https://www.nexusmods.com/baldursgate3/mods/3596,3596,3596
2,Deity Tag Activator,Lightboom,Classes,2.1.0,1819,2023-12-15T15:09:56.000+00:00,published,,https://www.nexusmods.com/baldursgate3/mods/1870,1870,1870
2,Alternate Tiefling Tails,samplevi,Character Customisation,1.0.4,1774,2024-02-10T01:02:08.000+00:00,published,,https://www.nexusmods.com/baldursgate3/mods/6442,6442,6442
2,Messy Hair,mocia,Character Customisation,1.1a,1768,2023-11-13T16:58:53.000+00:00,published,,https://www.nexusmods.com/baldursgate3/mods/4120,4120,4120
2,Companions - Old Shaders,KickingWriter,Utilities,1.3.4,1758,2024-04-10T03:16:53.000+00:00,published,,https://www.nexusmods.com/baldursgate3/mods/4774,4774,4774
2,Enhanced World Tooltips,Proxa,User Interface,3.2,1753,2025-07-20T15:06:21.000+00:00,published,,https://www.nexusmods.com/baldursgate3/mods/2037,2037,2037
2,Druu's Clothes and Armours,Druundev,Equipment,v.1.2,1704,2024-09-23T19:34:09.000+00:00,published,,https://www.nexusmods.com/baldursgate3/mods/1830,1830,1830
2,Zip's Heads,ZiplocBag42069,Character Customisation,1.4,1700,2024-03-03T19:16:30.000+00:00,published,,https://www.nexusmods.com/baldursgate3/mods/5357,5357,5357
2,Magus Class,Gycicada,Classes,5.7.0,1690,2023-12-02T01:13:10.000+00:00,published,,https://www.nexusmods.com/baldursgate3/mods/422,422,422
2,Rarities Of The Realms 5e,clintmich,Gameplay,1.16-beta,1677,2023-08-21T08:30:49.000+00:00,published,,https://www.nexusmods.com/baldursgate3/mods/277,277,277
2,Shadow Sorcerer - Subclass,Baaleos,Classes,1.15,1673,2024-02-27T23:27:47.000+00:00,published,,https://www.nexusmods.com/baldursgate3/mods/923,923,923
2,Enemies Enhanced,Khione,Gameplay,2.0,1673,2024-01-09T15:18:05.000+00:00,published,,https://www.nexusmods.com/baldursgate3/mods/2166,2166,2166
2,SBBF Basket full of equipment NSFW patch,Fred_Karrera,Visuals,1.0,1645,2023-12-06T01:12:50.000+00:00,published,,https://www.nexusmods.com/baldursgate3/mods/4893,4893,4893
2,Chaotic Heads Vol. I,ChaoticNeuThrall,Character Customisation,1.0,1606,2025-05-13T05:47:02.000+00:00,published,,https://www.nexusmods.com/baldursgate3/mods/9987,9987,9987
2,Loiru - Custom Heads for Males,Loiru,Character Customisation,1.4,1598,2023-12-18T13:03:45.000+00:00,published,,https://www.nexusmods.com/baldursgate3/mods/4161,4161,4161
2,Vivid Landscapes - Water - HD Textures,Hein84,Visuals,1.9.0,1590,2025-05-08T11:25:57.000+00:00,published,,https://www.nexusmods.com/baldursgate3/mods/7421,7421,7421
2,Cherrshen's Corset Outfit,Cherrshen,Armor,1.2,1587,2023-12-18T14:03:40.000+00:00,published,,https://www.nexusmods.com/baldursgate3/mods/5033,5033,5033
2,keysuspect's Hair Edits,keysuspect,Character Customisation,1.6,1551,2024-05-21T18:15:03.000+00:00,published,,https://www.nexusmods.com/baldursgate3/mods/5825,5825,5825
2,PK Hair Collection,PseudoKociara,Character Customisation,1.2,1550,2024-12-03T17:03:48.000+00:00,published,,https://www.nexusmods.com/baldursgate3/mods/12639,12639,12639
2,PF2e Spells,Gycicada,Spells,8.10.0,1522,2023-12-30T02:05:31.000+00:00,published,,https://www.nexusmods.com/baldursgate3/mods/2460,2460,2460
2,Honour Features Unlocker,Lightboom,Gameplay,1.5.0,1507,2024-03-09T01:07:03.000+00:00,published,,https://www.nexusmods.com/baldursgate3/mods/4743,4743,4743
2,Heads (not only) for Tieflings,Torofu,Character Customisation,1.5,1504,2023-11-18T10:55:53.000+00:00,published,,https://www.nexusmods.com/baldursgate3/mods/2602,2602,2602
2,Demon Hunter Class - Slayer of the Illidari,VivaSortiara,Classes,v1.0.1,1504,2023-11-03T19:53:17.000+00:00,published,,https://www.nexusmods.com/baldursgate3/mods/3165,3165,3165
2,Highlight Everything Revised Tooltip,Lu5ck,User Interface,0.3.3.5,1479,2024-06-30T08:38:47.000+00:00,published,,https://www.nexusmods.com/baldursgate3/mods/1493,1493,1493
2,XP Modifier,Elmvick,Gameplay,1.1,1478,2025-02-22T18:11:57.000+00:00,published,,https://www.nexusmods.com/baldursgate3/mods/4588,4588,4588
2,Gold Digger (No Weight Gold),SFR,Gameplay,6.2.8.0,1465,2026-03-08T19:02:35.000+00:00,published,,https://www.nexusmods.com/baldursgate3/mods/2225,2225,2225
2,Whispers of the Fey - Goblins Race,Trips,Races,4.0.0.0,1449,2024-09-08T12:09:30.000+00:00,published,,https://www.nexusmods.com/baldursgate3/mods/3254,3254,3254
2,Delfinition's Armors,Delfinition,Armor,1.9,1449,2025-04-20T03:55:11.000+00:00,published,,https://www.nexusmods.com/baldursgate3/mods/4545,4545,4545
2,Additional Backgrounds,CrimsonEdge7,User Interface,2.0.0.10,1402,2024-10-24T16:32:41.000+00:00,published,,https://www.nexusmods.com/baldursgate3/mods/1874,1874,1874
2,Whispers of the Fey - Changelings Race,Trips,Races,5.0.0.0,1396,2024-09-08T12:05:29.000+00:00,published,,https://www.nexusmods.com/baldursgate3/mods/3110,3110,3110
2,Extra Attack Compatibility (EAC),3XC4L1B3R,Utilities,1.2,1352,2023-09-22T23:48:29.000+00:00,published,,https://www.nexusmods.com/baldursgate3/mods/1981,1981,1981
2,Absolute Wrath,Grimpreacher,Gameplay,2.1.6,1342,2025-06-25T22:23:29.000+00:00,published,,https://www.nexusmods.com/baldursgate3/mods/5552,5552,5552
2,Icons for Modded Subclasses,Dragonify,Visuals,1.9.0,1325,2023-12-29T10:40:58.000+00:00,published,,https://www.nexusmods.com/baldursgate3/mods/4216,4216,4216
2,Faerun Dental Care,SwedishFreaK,Visuals,3.0.2.1,1312,2025-12-06T19:26:31.000+00:00,published,,https://www.nexusmods.com/baldursgate3/mods/2269,2269,2269
2,No Annoying VFX (visual effects),Doppeltganger,Visuals,1.15,1301,2026-03-14T20:54:54.000+00:00,published,,https://www.nexusmods.com/baldursgate3/mods/7248,7248,7248
2,Neon's Assorted Hairs,neonbutchery,Character Customisation,1.1.1,1281,2024-04-08T10:48:28.000+00:00,published,,https://www.nexusmods.com/baldursgate3/mods/4507,4507,4507
2,Fizbans Treasury of Dragons - Dragonborn,3XC4L1B3R,Races,4,1269,2023-09-15T06:25:58.000+00:00,published,,https://www.nexusmods.com/baldursgate3/mods/1793,1793,1793
2,Transient Guests Are We - Playable Dhampir,Weeviljester EthicalCrusader and Jerinksi,Races,1.1.1,1251,2023-12-13T21:47:00.000+00:00,published,,https://www.nexusmods.com/baldursgate3/mods/4750,4750,4750
2,Circle of Stormchasers Druid Subclass,havsglimt and ThisRockIFound,Classes,1.5,1220,2024-02-11T14:18:03.000+00:00,published,,https://www.nexusmods.com/baldursgate3/mods/3584,3584,3584
2,War Caster 5e (2.0 Update Out Now),DrInpharx,Gameplay,2.1.0.0,1216,2023-09-26T22:24:35.000+00:00,published,,https://www.nexusmods.com/baldursgate3/mods/1192,1192,1192
2,Myshka Comes To Camp,adriant1978,Gameplay,1.1.0.0,1210,2024-09-16T14:51:18.000+00:00,published,,https://www.nexusmods.com/baldursgate3/mods/6126,6126,6126
2,Eyepatch Collection,Lord Cobra,Character Customisation,1.0,1183,2025-02-24T01:07:29.000+00:00,published,,https://www.nexusmods.com/baldursgate3/mods/6525,6525,6525
2,Mysterious Artifact Dice - Larian and custom textures - numbered and non numbered,Kreiyu,Dice,2.0,1161,2024-05-30T20:08:06.000+00:00,published,,https://www.nexusmods.com/baldursgate3/mods/1787,1787,1787
2,Draconic Sorcerer Gear,RadonWolf,Equipment,1.0,1153,2023-12-15T10:08:50.000+00:00,published,,https://www.nexusmods.com/baldursgate3/mods/5140,5140,5140
2,Minthara Moves - Halsin and Minthara tents separated,Kit,Visuals,1.3.0,1138,2025-08-06T18:58:18.000+00:00,published,,https://www.nexusmods.com/baldursgate3/mods/14148,14148,14148
2,No Spell Prep,ITRMM,Gameplay,1.0,1134,2023-10-31T16:25:50.000+00:00,published,,https://www.nexusmods.com/baldursgate3/mods/1696,1696,1696
2,Cheat Table for bg3,Serofix,Gameplay,3.4,1129,2025-06-27T04:05:04.000+00:00,published,,https://www.nexusmods.com/baldursgate3/mods/6917,6917,6917
2,Ultimate Transmog - Real Armor Slot - Armors Helmets Boots Gloves and Cloaks,Wayden,Visuals,1.1.6.0,1101,2023-09-28T00:46:13.000+00:00,published,,https://www.nexusmods.com/baldursgate3/mods/2469,2469,2469
2,Alternate Monk - Complete Class and Subclass Rework,Loz,Classes,13.4.2,1099,2023-12-18T09:46:48.000+00:00,published,,https://www.nexusmods.com/baldursgate3/mods/2266,2266,2266
2,AI Allies,InfernalSkys,Gameplay,1.5.16,1097,2024-09-15T16:45:24.000+00:00,published,,https://www.nexusmods.com/baldursgate3/mods/4351,4351,4351
2,Iridescent Pearl Dice,EllieGreenArt,Dice,1.0.1,1058,2024-09-13T11:59:23.000+00:00,published,,https://www.nexusmods.com/baldursgate3/mods/2218,2218,2218
2,Terpsichore  - Wyll Edits,Aimryax feat Aetherpoint,Character Customisation,1.000,1051,2024-05-08T10:21:29.000+00:00,published,,https://www.nexusmods.com/baldursgate3/mods/8741,8741,8741
2,HD Hair and Beards v2.0.1 (Patch 8 Update),BjornyFjorny,Visuals,2.0.1,1042,2025-09-20T16:25:37.000+00:00,published,,https://www.nexusmods.com/baldursgate3/mods/3496,3496,3496
2,Baldur's Gate 3 Mod Manager Fix,NateSheltry,Utilities,0.2,1039,2023-08-07T10:17:51.000+00:00,published,,https://www.nexusmods.com/baldursgate3/mods/627,627,627
2,Save in Honour Mode,AnaAurora,Utilities,1.0,1025,2024-02-18T16:49:14.000+00:00,published,,https://www.nexusmods.com/baldursgate3/mods/4757,4757,4757
2,Hug Your Companions - In-Dialogue Hug Interactions,Magnetuning,Companions,2.1.0.0,1010,2026-05-20T21:58:51.000+00:00,published,,https://www.nexusmods.com/baldursgate3/mods/9994,9994,9994
2,Atlas' Armor,OneEyeAskew,Armor,1.2.1,1003,2024-10-17T21:28:07.000+00:00,published,,https://www.nexusmods.com/baldursgate3/mods/9679,9679,9679
2,Wylla,Tis I,Visuals,.1,994,2023-12-27T23:29:13.000+00:00,published,,https://www.nexusmods.com/baldursgate3/mods/2565,2565,2565
2,Beautiful Long Nails (Edit for Body 1),CovenElf,Character Customisation,v1.0,994,2023-10-21T22:20:35.000+00:00,published,,https://www.nexusmods.com/baldursgate3/mods/3440,3440,3440
2,Witch Elf (Custom Subrace),CovenElf,Races,v1.1.1,975,2023-11-01T17:11:29.000+00:00,published,,https://www.nexusmods.com/baldursgate3/mods/3490,3490,3490
2,Stained Glass Dice,EllieGreenArt,Dice,1.0.1,973,2024-05-03T13:34:48.000+00:00,published,,https://www.nexusmods.com/baldursgate3/mods/2214,2214,2214
2,Black Nail Polish (Hands and Foot),FrancisLouis,Character Customisation,1.1,956,2024-02-11T16:10:43.000+00:00,published,,https://www.nexusmods.com/baldursgate3/mods/637,637,637
2,Mashed Up Hairs,pooteeweet,Character Customisation,1.1,949,2023-11-22T19:44:25.000+00:00,published,,https://www.nexusmods.com/baldursgate3/mods/3964,3964,3964
2,Wild Magic D100 Table,Valco,Gameplay,1.0.0,944,2023-10-14T21:57:34.000+00:00,published,,https://www.nexusmods.com/baldursgate3/mods/2967,2967,2967
2,FocusBG3 Repository - Miraculous Dyes and Lodestones,FocusBG3,Gameplay,1,939,2024-09-09T03:47:00.000+00:00,published,,https://www.nexusmods.com/baldursgate3/mods/7417,7417,7417
2,Ophelia's Darkness Secret Collection,Ophelia,Armor,1.0,924,2024-09-09T00:03:51.000+00:00,published,,https://www.nexusmods.com/baldursgate3/mods/11029,11029,11029
2,Ring of Convenience,Hu5k,Gameplay,1.2.2,918,2023-09-20T15:01:17.000+00:00,published,,https://www.nexusmods.com/baldursgate3/mods/1942,1942,1942
2,Sit This One Out 2,MycroftJr,Gameplay,2.3.0.5,916,2025-05-08T23:19:06.000+00:00,published,,https://www.nexusmods.com/baldursgate3/mods/6183,6183,6183
2,Jun's Amateur Hair,junbug7897,Character Customisation,2.0,913,2024-09-25T11:50:24.000+00:00,published,,https://www.nexusmods.com/baldursgate3/mods/10542,10542,10542
2,Tav's Tent in every Camp,Karalyn,Visuals,1.0,903,2024-12-26T23:39:53.000+00:00,published,,https://www.nexusmods.com/baldursgate3/mods/14438,14438,14438
2,Khamsin outfit,Obscen1ty,Clothing,1.1.7,902,2025-04-02T16:12:51.000+00:00,published,,https://www.nexusmods.com/baldursgate3/mods/15042,15042,15042
2,Pouch of Wonders,LennardF1989,Miscellaneous,1.0.3,899,2023-09-22T21:05:30.000+00:00,published,,https://www.nexusmods.com/baldursgate3/mods/1368,1368,1368
2,Epilogue bug fixes,HyperspaceTowel,Gameplay,1.0.2.1,870,2025-04-18T03:13:06.000+00:00,published,,https://www.nexusmods.com/baldursgate3/mods/14626,14626,14626
2,Use Highest Modifier in dialogue,PlainOldCookies,Gameplay,1.12,867,2023-10-02T23:09:58.000+00:00,published,,https://www.nexusmods.com/baldursgate3/mods/2171,2171,2171
2,Arcane Archer - Fighter Subclass,Nevak,Classes,1.7,864,2023-09-18T14:34:51.000+00:00,published,,https://www.nexusmods.com/baldursgate3/mods/1747,1747,1747
2,Weapon Skill Cooldown,XxSTOZZYxX,Gameplay,1.1,861,2023-08-11T04:33:24.000+00:00,published,,https://www.nexusmods.com/baldursgate3/mods/754,754,754
2,Jerinski's Masc Gith Heads,jerinski,Character Customisation,1.1.4.14,852,2025-09-16T14:02:55.000+00:00,published,,https://www.nexusmods.com/baldursgate3/mods/4648,4648,4648
2,Normal Volo's Eye,Clowee,Visuals,1.0.0.5,843,2024-10-02T20:21:34.000+00:00,published,,https://www.nexusmods.com/baldursgate3/mods/12027,12027,12027
2,Solar - Body 2 Male Head Preset,Laruses,Character Customisation,1.0.2,839,2024-01-08T09:56:32.000+00:00,published,,https://www.nexusmods.com/baldursgate3/mods/4442,4442,4442
2,Premium Black Dye,Palmaman33,Equipment,1.0.1,838,2024-02-09T14:53:43.000+00:00,published,,https://www.nexusmods.com/baldursgate3/mods/6379,6379,6379
2,Ren's Divine Hair Pack 3,REN,Character Customisation,1.0,818,2024-07-18T15:54:42.000+00:00,published,,https://www.nexusmods.com/baldursgate3/mods/10969,10969,10969
2,Astarion Kisses Revamped,HyperspaceTowel,Gameplay,2.0.0.1,817,2025-07-18T13:43:13.000+00:00,published,,https://www.nexusmods.com/baldursgate3/mods/15387,15387,15387
2,FF14 Red Mage Class (Multi languages),Aetherian,Classes,3.2.1,807,2023-11-16T20:15:03.000+00:00,published,,https://www.nexusmods.com/baldursgate3/mods/2056,2056,2056
2,Mantis' Arcane Inspired Preset Collection,Mantis,Character Customisation,1.2.0.0,805,2025-04-16T19:00:06.000+00:00,published,,https://www.nexusmods.com/baldursgate3/mods/14698,14698,14698
2,Tutorial Exit full Release,SFR,Gameplay,8.1.8.6,801,2026-05-23T19:43:09.000+00:00,published,,https://www.nexusmods.com/baldursgate3/mods/3085,3085,3085
2,More Drow Gear,veenab,Equipment,2.2.0,797,2024-11-25T15:53:09.000+00:00,published,,https://www.nexusmods.com/baldursgate3/mods/1939,1939,1939
2,Baldurian's Save Games,Gamerworf,Miscellaneous,2,796,2025-02-09T11:54:39.000+00:00,published,,https://www.nexusmods.com/baldursgate3/mods/849,849,849
2,Vanilla Equipment Overhaul,StuddMuffinn,Equipment,1.10,796,2024-09-23T02:20:42.000+00:00,published,,https://www.nexusmods.com/baldursgate3/mods/5312,5312,5312
2,Demon's Simple Dyes,OldBoyDemon,Equipment,1.6,790,2024-09-10T04:09:06.000+00:00,published,,https://www.nexusmods.com/baldursgate3/mods/1323,1323,1323
2,More Camp Idles For Wyll And Astarion,Magnetuning,Animations,1.1.0.0,786,2025-04-16T11:56:30.000+00:00,published,,https://www.nexusmods.com/baldursgate3/mods/6992,6992,6992
2,Bloodhunter Gear Set,Sey,Equipment,1.2,780,2025-01-10T05:34:32.000+00:00,published,,https://www.nexusmods.com/baldursgate3/mods/2115,2115,2115
2,Deities Restored (plus Shar Curse Immunity),Koriik,Gameplay,2.2.0,774,2025-05-28T22:05:37.000+00:00,published,,https://www.nexusmods.com/baldursgate3/mods/690,690,690
2,Lyn's Cloak Pack 1 - Capes and Cloaks for Tall Races,Lynia,Armor,1.0,770,2025-01-01T22:31:18.000+00:00,published,,https://www.nexusmods.com/baldursgate3/mods/14519,14519,14519
2,Boring Pastel Dyes,Hearts,Equipment,1.0.1,764,2024-08-28T22:05:17.000+00:00,published,,https://www.nexusmods.com/baldursgate3/mods/3919,3919,3919
2,Halsin's Barer Outfits,KinntheGreen,Armor,3,762,2024-01-14T23:35:06.000+00:00,published,,https://www.nexusmods.com/baldursgate3/mods/5517,5517,5517
2,Sussur Flower Dialogue Bug Fixes,HyperspaceTowel,Gameplay,1.0.0.3,759,2025-01-11T16:46:56.000+00:00,published,,https://www.nexusmods.com/baldursgate3/mods/14179,14179,14179
2,Sorcerer Subclass - Divine Soul,TheBlackButterfly,Classes,1.0.2.0,757,2023-10-05T00:03:42.000+00:00,published,,https://www.nexusmods.com/baldursgate3/mods/2284,2284,2284
2,A Visit with Volo - Gale Reimagined,Yves,Character Customisation,1.0,757,2023-11-29T10:33:05.000+00:00,published,,https://www.nexusmods.com/baldursgate3/mods/4634,4634,4634
2,Inferno Adept Gear Set (Fire Damage),Sey,Equipment,2.3,752,2025-03-06T02:28:33.000+00:00,published,,https://www.nexusmods.com/baldursgate3/mods/1732,1732,1732
2,Astarion's De-Grinchifier,Magnetuning,Character Customisation,1.1.0.0,747,2025-05-11T22:23:46.000+00:00,published,,https://www.nexusmods.com/baldursgate3/mods/7442,7442,7442
2,Sylvanas Windrunner Outfit BY REN,REN,Armor,1.0,745,2024-10-08T22:22:28.000+00:00,published,,https://www.nexusmods.com/baldursgate3/mods/12912,12912,12912
2,JWL Histories and Occupations - 26 New Backgrounds,Jewels,User Interface,1.0.0.1,741,2024-02-28T21:49:14.000+00:00,published,,https://www.nexusmods.com/baldursgate3/mods/1839,1839,1839
2,Bardic Braid,Lord Cobra,Character Customisation,1.0,728,2024-01-25T02:19:02.000+00:00,published,,https://www.nexusmods.com/baldursgate3/mods/3247,3247,3247
2,Clean and Furnished Camp - Lower City (Slums) - Act III,Karalyn,Visuals,1.2,728,2024-11-26T17:08:29.000+00:00,published,,https://www.nexusmods.com/baldursgate3/mods/13137,13137,13137
2,NPC Redesign - Church of Shar by AzazeL (WIP),AzazeL,Character Customisation,1.0.0.0,728,2025-02-10T09:00:40.000+00:00,published,,https://www.nexusmods.com/baldursgate3/mods/14620,14620,14620
2,Mantis' Tiefling Duo Presets (BT1 tiefling heads),Mantis,Character Customisation,1.1.0.0,723,2025-01-18T04:15:05.000+00:00,published,,https://www.nexusmods.com/baldursgate3/mods/14055,14055,14055
2,Samurai Fighter Subclass (Release ready),Bonnaventura,Classes,1,719,2023-09-27T23:05:13.000+00:00,published,,https://www.nexusmods.com/baldursgate3/mods/2245,2245,2245
2,Clean and Furnished Camp - Cursed Lands - Act II,Karalyn,Visuals,1.1,707,2024-10-16T17:23:56.000+00:00,published,,https://www.nexusmods.com/baldursgate3/mods/12933,12933,12933
2,Normal Half Illithid,Clowee,Visuals,v1.0.0.3,704,2024-10-12T02:23:33.000+00:00,published,,https://www.nexusmods.com/baldursgate3/mods/12026,12026,12026
2,New dialogues notifications (topical greetings),fleanesko,Gameplay,2.2.0.0,697,2025-11-08T23:09:11.000+00:00,published,,https://www.nexusmods.com/baldursgate3/mods/13401,13401,13401
2,Control Your Rolls,Sey,Spells,2.0.0.2,696,2025-01-26T22:44:20.000+00:00,published,,https://www.nexusmods.com/baldursgate3/mods/1688,1688,1688
2,Dark Justiciar Dice,RubenLime,Dice,1,690,2024-03-16T00:27:36.000+00:00,published,,https://www.nexusmods.com/baldursgate3/mods/7937,7937,7937
2,Wyll Meets Minsc Fix,Magnetuning,Gameplay,2.0.0.0,689,2025-11-09T19:23:31.000+00:00,published,,https://www.nexusmods.com/baldursgate3/mods/9998,9998,9998
2,Brush Your Teeth,Kaz and Suro,Character Customisation,1.2.0,688,2024-10-09T12:53:49.000+00:00,published,,https://www.nexusmods.com/baldursgate3/mods/10180,10180,10180
2,Psi Warrior,SixfingeredMage,Classes,1.53,684,2023-12-14T17:11:08.000+00:00,published,,https://www.nexusmods.com/baldursgate3/mods/2859,2859,2859
2,Yogurt Heads - Half Orc and Elf Presets,yogurtdrink,Character Customisation,4.0,680,2024-08-19T20:14:47.000+00:00,published,,https://www.nexusmods.com/baldursgate3/mods/4213,4213,4213
2,5e Spells Compatibility Patch,xarara,Spells,2.20,679,2026-01-26T01:18:34.000+00:00,published,,https://www.nexusmods.com/baldursgate3/mods/7054,7054,7054
2,Honour mode Save Files,ItaDoc,Miscellaneous,14.0,675,2026-03-31T10:28:22.000+00:00,published,,https://www.nexusmods.com/baldursgate3/mods/5045,5045,5045
2,Ultimate NSFW loading screen packs,TNThijs,User Interface,1.4,675,2025-12-21T23:45:24.000+00:00,published,,https://www.nexusmods.com/baldursgate3/mods/13971,13971,13971
2,Em's Custom Hair Pack 1,EmeraldTechno,Character Customisation,1.4,672,2024-08-17T12:33:46.000+00:00,published,,https://www.nexusmods.com/baldursgate3/mods/5099,5099,5099
2,Clean and Furnished Camp - Wilderness - Act I,Karalyn,Visuals,1.0,666,2024-10-14T15:52:00.000+00:00,published,,https://www.nexusmods.com/baldursgate3/mods/13088,13088,13088
2,Gortash Makeover - NPC Alternative Appearance,Lynia,Character Customisation,1.1,655,2025-07-20T19:29:45.000+00:00,published,,https://www.nexusmods.com/baldursgate3/mods/16521,16521,16521
2,Lightning Adept Gear Set (Lightning Damage),Sey,Equipment,1.5,653,2025-01-10T06:15:45.000+00:00,published,,https://www.nexusmods.com/baldursgate3/mods/1846,1846,1846
2,Bloodmoon Armour Set,Hearts,Armor,1.3,651,2024-09-27T11:36:56.000+00:00,published,,https://www.nexusmods.com/baldursgate3/mods/11493,11493,11493
2,Redesigned Camp and new Tav Hut - Act I Wilderness,AntifaLafel,Visuals,1.3.0,647,2024-10-08T10:58:56.000+00:00,published,,https://www.nexusmods.com/baldursgate3/mods/12625,12625,12625
2,Clean and Furnished Camp - Rivington (Farm) - Act III,Karalyn,Visuals,1,647,2024-11-04T16:32:31.000+00:00,published,,https://www.nexusmods.com/baldursgate3/mods/13588,13588,13588
2,Clothing Physics Repair Patch For Mix armour(patch 7),ShizukaMasouOxo,Armor,1.0,642,2024-09-13T07:53:40.000+00:00,published,,https://www.nexusmods.com/baldursgate3/mods/12141,12141,12141
2,Scratch Dog Training,FrostShell,Companions,1.4,640,2024-09-29T21:33:08.000+00:00,published,,https://www.nexusmods.com/baldursgate3/mods/10035,10035,10035
2,Magic Items Plus,LostSoulman,Gameplay,1.32,637,2025-11-04T05:48:56.000+00:00,published,,https://www.nexusmods.com/baldursgate3/mods/124,124,124
2,SR Apparel - Clothing and Armor,Samson,Equipment,2.2.0,635,2024-03-11T05:15:50.000+00:00,published,,https://www.nexusmods.com/baldursgate3/mods/6895,6895,6895
2,Circle of the Blighted Druid Subclass,havsglimt and BlackliteWrath,Classes,1.1,635,2024-08-28T22:34:26.000+00:00,published,,https://www.nexusmods.com/baldursgate3/mods/8805,8805,8805
2,Ziva Cross Cut Dress,EzioMaverick,Armor,1.1,635,2024-11-08T14:52:43.000+00:00,published,,https://www.nexusmods.com/baldursgate3/mods/12610,12610,12610
2,Level 12 on beach - Patch 8,Kuar,Gameplay,2.0.0.9,633,2025-04-16T09:47:29.000+00:00,published,,https://www.nexusmods.com/baldursgate3/mods/4258,4258,4258
2,Yet Another BG3 Native Mod Loader,CherrySparkle,Utilities,0.3.1,625,2025-04-15T17:39:55.000+00:00,published,,https://www.nexusmods.com/baldursgate3/mods/3052,3052,3052
2,Faithful and Faithless - No Mandatory Choice of God,Margerard,Character Customisation,1.2b,620,2023-10-18T08:52:03.000+00:00,published,,https://www.nexusmods.com/baldursgate3/mods/1512,1512,1512
2,Customized - Elfsong Camp - Act III,Karalyn,Visuals,1.2,610,2024-12-27T15:14:42.000+00:00,published,,https://www.nexusmods.com/baldursgate3/mods/13820,13820,13820
2,BG3 Texture Upscale Project (BG3TUP),WestAard,Visuals,1.6,604,2025-02-02T08:01:44.000+00:00,published,,https://www.nexusmods.com/baldursgate3/mods/12402,12402,12402
2,Extra Gear as Camp Clothing,pooteeweet,Equipment,1.5.2,602,2024-09-15T14:14:56.000+00:00,published,,https://www.nexusmods.com/baldursgate3/mods/4804,4804,4804
2,Short Flowery Hair,EmeraldTechno,Character Customisation,1.2,596,2024-03-10T14:07:15.000+00:00,published,,https://www.nexusmods.com/baldursgate3/mods/5926,5926,5926
2,Necromancy Expanded,TheKorson,Classes,1.0.4,595,2023-09-08T19:11:03.000+00:00,published,,https://www.nexusmods.com/baldursgate3/mods/1495,1495,1495
2,Astarion Unnatural Smile Animation Replacer,starcityjespar,Animations,2.0,595,2024-06-04T02:55:13.000+00:00,published,,https://www.nexusmods.com/baldursgate3/mods/9663,9663,9663
2,The Dragonkin,Pebble,Character Customisation,1.6.3,592,2023-11-03T06:43:30.000+00:00,published,,https://www.nexusmods.com/baldursgate3/mods/2818,2818,2818
2,Ellie's Head,ANiceOakTree,Character Customisation,1.0.2,588,2024-01-06T21:40:37.000+00:00,published,,https://www.nexusmods.com/baldursgate3/mods/4779,4779,4779
2,Lightsabers - Star Wars mod,Palmaman33,Weapons,1.1.0,587,2024-01-17T15:04:24.000+00:00,published,,https://www.nexusmods.com/baldursgate3/mods/5861,5861,5861
2,Actual Green-Flame Blade (5e Spells and SCAG patch),VladmirFFXI,Spells,2.2,584,2024-10-30T08:35:35.000+00:00,published,,https://www.nexusmods.com/baldursgate3/mods/2641,2641,2641
2,Alternate Horns for All,e_resh,Character Customisation,1.1,582,2024-11-05T23:17:59.000+00:00,published,,https://www.nexusmods.com/baldursgate3/mods/5905,5905,5905
2,Astarion Romance Reactions Fixed,Magnetuning,Gameplay,1.2.0.0,581,2024-10-04T12:57:09.000+00:00,published,,https://www.nexusmods.com/baldursgate3/mods/6539,6539,6539
2,Ability Cap Removal,Elmvick,Gameplay,1.0,577,2025-04-19T11:24:29.000+00:00,published,,https://www.nexusmods.com/baldursgate3/mods/3770,3770,3770
2,Less Dead Withers - Reimagined Withers Appearance,Lynia,Companions,1.1,577,2024-11-26T22:48:14.000+00:00,published,,https://www.nexusmods.com/baldursgate3/mods/13995,13995,13995
2,Witcher Inspired Hairstyle,e_resh,Character Customisation,2.0.2,576,2024-09-27T23:10:58.000+00:00,published,,https://www.nexusmods.com/baldursgate3/mods/1663,1663,1663
2,Ice Dice,Palmaman33,Dice,1.0.0,575,2024-02-15T16:46:04.000+00:00,published,,https://www.nexusmods.com/baldursgate3/mods/6748,6748,6748
2,InfiniteSpellCasting-v2 for Full Release,SFR,Gameplay,5.2.8.0,570,2026-01-07T18:14:31.000+00:00,published,,https://www.nexusmods.com/baldursgate3/mods/2310,2310,2310
2,ARSENAL OVERHAUL -- Weapon Viability Enhanced,BODK1N,Gameplay,1.7,569,2024-01-29T15:50:56.000+00:00,published,,https://www.nexusmods.com/baldursgate3/mods/2370,2370,2370
2,EasyDye 2.0 with in-game UI,Aahz,Visuals,2.0.6,567,2025-04-17T13:53:29.000+00:00,published,,https://www.nexusmods.com/baldursgate3/mods/12007,12007,12007
2,The Disgusting Hair of Auntie Ethel,OhFor,Gameplay,1.0.0.0,566,2024-09-08T10:25:36.000+00:00,published,,https://www.nexusmods.com/baldursgate3/mods/3502,3502,3502
2,Impactful Backgrounds,Lumaterian,Character Customisation,1.6.0,566,2025-12-23T19:08:33.000+00:00,published,,https://www.nexusmods.com/baldursgate3/mods/8941,8941,8941
2,Sorcerer - Divine Soul (Revised) PATCH 7 READY,pieroerri,Classes,2.0.0,563,2024-09-15T18:43:06.000+00:00,published,,https://www.nexusmods.com/baldursgate3/mods/4443,4443,4443
2,Wyllzel Flirty Banter Restored - Wyll Cinematic Universe Mod 3 (WCU),Magnetuning,Companions,1.1.1.0,563,2025-07-29T17:29:37.000+00:00,published,,https://www.nexusmods.com/baldursgate3/mods/14566,14566,14566
2,Use Best Sleight of Hand,jonhinkerton,Gameplay,1.0,560,2023-12-11T01:05:59.000+00:00,published,,https://www.nexusmods.com/baldursgate3/mods/5036,5036,5036
2,Frigid Adept Gear Set (Cold Damage),Sey,Equipment,2.2,557,2025-01-10T06:09:14.000+00:00,published,,https://www.nexusmods.com/baldursgate3/mods/1705,1705,1705
2,Female Dialogs For Astarion Gale Halsin Minsc Wyll,cmacleod42,Miscellaneous,1.3.0,555,2025-04-20T02:12:12.000+00:00,published,,https://www.nexusmods.com/baldursgate3/mods/5329,5329,5329
2,Increased Font,Odissey,User Interface,1.5,554,2025-11-07T16:42:56.000+00:00,published,,https://www.nexusmods.com/baldursgate3/mods/1776,1776,1776
2,Underwear of Rituals,zhurba,Gameplay,1.0.2,538,2024-09-12T20:36:30.000+00:00,published,,https://www.nexusmods.com/baldursgate3/mods/1778,1778,1778
2,Custom Level Cap,Elmvick,Gameplay,1.1,537,2026-02-04T09:20:59.000+00:00,published,,https://www.nexusmods.com/baldursgate3/mods/7101,7101,7101
2,Bambi's Heads 1,Bambi,Character Customisation,1,535,2025-05-15T00:24:24.000+00:00,published,,https://www.nexusmods.com/baldursgate3/mods/15428,15428,15428
2,More Penises,MrFunSize,Character Customisation,v0.2,534,2024-01-14T10:09:19.000+00:00,published,,https://www.nexusmods.com/baldursgate3/mods/3560,3560,3560
2,Planewalker's Barbershop - Short hairstyles,jerinski,Character Customisation,1.0.1.3,534,2025-04-19T20:37:07.000+00:00,published,,https://www.nexusmods.com/baldursgate3/mods/10684,10684,10684
2,Astarion's Vampire Outfits BY REN,REN,Equipment,1.0,531,2024-05-06T22:56:37.000+00:00,published,,https://www.nexusmods.com/baldursgate3/mods/9274,9274,9274
2,Twilight Domain Cleric Subclass,SkyeBorne,Classes,1.1,527,2024-02-11T00:14:09.000+00:00,published,,https://www.nexusmods.com/baldursgate3/mods/5481,5481,5481
2,Less Crowd Characters,Magnetuning,Miscellaneous,1.0.0.0,526,2024-10-15T08:47:18.000+00:00,published,,https://www.nexusmods.com/baldursgate3/mods/9746,9746,9746
2,Followers of Zerthimon - Githzerai,Kaz,Races,1.6.0,525,2024-10-06T02:15:39.000+00:00,published,,https://www.nexusmods.com/baldursgate3/mods/3460,3460,3460
2,Valdacil's Spell Adjustments (Vanilla and 5E Spells),Valdacil,Spells,4.4.1,525,2024-04-01T01:52:32.000+00:00,published,,https://www.nexusmods.com/baldursgate3/mods/4426,4426,4426
2,Heart Of The Forest - Playable Dryad Race,EmeraldTechno,Races,1.2.1,525,2025-03-02T15:33:25.000+00:00,published,,https://www.nexusmods.com/baldursgate3/mods/6443,6443,6443
2,SCC Pet Play,SpiritCookieCake,Gameplay,1.0.0.0,520,2025-01-19T18:26:44.000+00:00,published,,https://www.nexusmods.com/baldursgate3/mods/14648,14648,14648
2,Astarion Vampire Wedding Rings,FableTheDragon,Equipment,7.0.0.7,518,2024-02-06T17:44:36.000+00:00,published,,https://www.nexusmods.com/baldursgate3/mods/5690,5690,5690
2,Tav's Room in Act III Camp - Lower City (Slums),Karalyn,Visuals,1.1,518,2024-10-26T20:36:26.000+00:00,published,,https://www.nexusmods.com/baldursgate3/mods/13282,13282,13282
2,Happy facial expressions for Ascended Astarion kisses,FluffySpider,Miscellaneous,3.0,514,2025-08-10T09:54:56.000+00:00,published,,https://www.nexusmods.com/baldursgate3/mods/9340,9340,9340
2,Spiderbabes' Hairstyles,spiderbabes,Character Customisation,1.8,512,2024-02-27T19:29:48.000+00:00,published,,https://www.nexusmods.com/baldursgate3/mods/6099,6099,6099
2,Mantis' Le Printemps Preset Collection (BT1 and 2 Heads),Mantis,Character Customisation,1.0.0.0,509,2025-04-15T01:24:51.000+00:00,published,,https://www.nexusmods.com/baldursgate3/mods/15790,15790,15790
2,Em's Custom Hair Pack 2,EmeraldTechno,Character Customisation,1.2,506,2024-08-17T12:37:05.000+00:00,published,,https://www.nexusmods.com/baldursgate3/mods/5611,5611,5611
2,Orthon's Horns,MaoParadise,Character Customisation,1.4.4.2,505,2023-12-09T14:44:48.000+00:00,published,,https://www.nexusmods.com/baldursgate3/mods/3230,3230,3230
2,Dream Visitor's Dress and Playsuit by AzazeL (Patch 7-8),AzazeL,Clothing,1.0.0.0,505,2024-10-22T04:00:55.000+00:00,published,,https://www.nexusmods.com/baldursgate3/mods/12652,12652,12652
2,Karlach Romance - Better Hot Date,HyperspaceTowel,Gameplay,2.0.0.1,504,2025-08-07T03:08:41.000+00:00,published,,https://www.nexusmods.com/baldursgate3/mods/15134,15134,15134
2,Sit With Astarion,HyperspaceTowel,Companions,1.0.0.7,500,2025-07-25T17:58:04.000+00:00,published,,https://www.nexusmods.com/baldursgate3/mods/17772,17772,17772
2,Save Alfira,TLG53787,Gameplay,1.1.0.0,499,2024-11-26T09:20:06.000+00:00,published,,https://www.nexusmods.com/baldursgate3/mods/12709,12709,12709
2,Bard Subclass - College of Eloquence,somesortofnick,Classes,1.03,498,2024-01-18T21:44:59.000+00:00,published,,https://www.nexusmods.com/baldursgate3/mods/4651,4651,4651
2,Astarion Docks Narration Unlocked,HyperspaceTowel,Miscellaneous,1.0.0.0,498,2025-04-03T14:32:20.000+00:00,published,,https://www.nexusmods.com/baldursgate3/mods/14048,14048,14048
2,Vemperen's heads with fangs,AGbunny,Character Customisation,1,497,2026-06-06T01:17:31.000+00:00,published,,https://www.nexusmods.com/baldursgate3/mods/8435,8435,8435
2,Animal's Essence - Playable BeastFolk Race,Dessa,Races,1.3.0.1,497,2024-07-16T19:21:51.000+00:00,published,,https://www.nexusmods.com/baldursgate3/mods/9768,9768,9768
2,Plus Origins,Raizan,Gameplay,1.0.3,494,2024-01-03T04:45:37.000+00:00,published,,https://www.nexusmods.com/baldursgate3/mods/2917,2917,2917
2,Summon Guenhwyvar - Drizzt Legendary Panther Companion,Goth Holliday,Companions,2.1.2.3,493,2023-11-21T20:31:02.000+00:00,published,,https://www.nexusmods.com/baldursgate3/mods/3033,3033,3033
2,Strike a Pose - Extra poses for Photo Mode,MangoPunch,Photo Mode,1.0,486,2025-04-29T12:24:37.000+00:00,published,,https://www.nexusmods.com/baldursgate3/mods/16092,16092,16092
2,Heads of Plenty Vol. II - A Face Presets Mod,lumadaire,Character Customisation,1.0,480,2025-04-26T21:35:12.000+00:00,published,,https://www.nexusmods.com/baldursgate3/mods/11488,11488,11488
2,Bambi's Rosalie,Bambi,Character Customisation,1.0,478,2025-10-24T20:31:32.000+00:00,published,,https://www.nexusmods.com/baldursgate3/mods/15657,15657,15657
2,SBBF Unique Tav patch,Vrefnir,Visuals,1.0,474,2024-07-28T19:11:07.000+00:00,published,,https://www.nexusmods.com/baldursgate3/mods/7657,7657,7657
2,Fantastical Multiverse - Legacy Edition,Dungeons and Souls,Races,1.9,473,2026-01-16T09:28:16.000+00:00,published,,https://www.nexusmods.com/baldursgate3/mods/11965,11965,11965
2,NPC Redesign - Orin the Red by AzazeL (Major Update v2.0),AzazeL,Character Customisation,2.0,473,2025-08-18T17:00:05.000+00:00,published,,https://www.nexusmods.com/baldursgate3/mods/15181,15181,15181
2,Dagur and Guts - T2 and T4 Human Half-Elf Elf and Drow Head,Lyniara,Character Customisation,2.3,469,2024-03-04T22:47:01.000+00:00,published,,https://www.nexusmods.com/baldursgate3/mods/6029,6029,6029
2,Divine Equipment Collection,igyman,Equipment,1.0.4.0,469,2024-02-13T10:29:23.000+00:00,published,,https://www.nexusmods.com/baldursgate3/mods/6739,6739,6739
2,NPC Redesign - Enver Gortash by AzazeL (Patch 7-8),AzazeL,Character Customisation,1.1,469,2025-10-19T15:35:18.000+00:00,published,,https://www.nexusmods.com/baldursgate3/mods/14477,14477,14477
2,Restore more than 4500 broken approvals,Lizapb,Gameplay,0.1,467,2025-06-27T21:44:05.000+00:00,published,,https://www.nexusmods.com/baldursgate3/mods/17297,17297,17297
2,Overpowered (Double Spellslots Resources and more Feats),technologhost,Gameplay,2.0,464,2025-07-18T15:35:16.000+00:00,published,,https://www.nexusmods.com/baldursgate3/mods/838,838,838
2,Hair With Long Bang Cover Eyes,fianilham,Character Customisation,1.4,463,2024-12-08T04:15:06.000+00:00,published,,https://www.nexusmods.com/baldursgate3/mods/2614,2614,2614
2,Dragon Ball Warrior (DBZ),MrTC89,Classes,3.3,463,2026-05-19T23:21:14.000+00:00,published,,https://www.nexusmods.com/baldursgate3/mods/3644,3644,3644
2,Seth's Glasses,lokelaniii,Character Customisation,1.0,463,2024-09-03T16:26:06.000+00:00,published,,https://www.nexusmods.com/baldursgate3/mods/11953,11953,11953
2,Minharpy Hair,lilithira,Character Customisation,1,463,2024-11-26T21:09:19.000+00:00,published,,https://www.nexusmods.com/baldursgate3/mods/12512,12512,12512
2,Vestments of The Apostate,Volno,Armor,v2.0.0,459,2025-02-25T13:28:47.000+00:00,published,,https://www.nexusmods.com/baldursgate3/mods/11331,11331,11331
2,Plus Classes,Raizan,Gameplay,1.1.3,454,2023-12-06T21:09:10.000+00:00,published,,https://www.nexusmods.com/baldursgate3/mods/3868,3868,3868
2,Daija Head Mod,tabatha,Character Customisation,1.0,453,2025-02-23T19:12:11.000+00:00,published,,https://www.nexusmods.com/baldursgate3/mods/14811,14811,14811
2,Infernal Robes without killing a companion,PlainOldCookies,Gameplay,1,451,2023-08-31T07:46:39.000+00:00,published,,https://www.nexusmods.com/baldursgate3/mods/1714,1714,1714
2,FF14 White Mage Class,Aetherian,Classes,1.2.0,448,2023-10-07T18:48:11.000+00:00,published,,https://www.nexusmods.com/baldursgate3/mods/2961,2961,2961
2,Multiclass Preferred Casting Ability Fix,Bluesatin,Gameplay,0.2.0.7,448,2024-08-16T14:53:51.000+00:00,published,,https://www.nexusmods.com/baldursgate3/mods/10209,10209,10209
2,Unearthed Arcana,Dungeons and Souls,Classes,10.0,446,2024-01-14T02:19:37.000+00:00,published,,https://www.nexusmods.com/baldursgate3/mods/93,93,93
2,Custom Character Creation Stats,Elmvick,Gameplay,1.0,445,2025-04-18T15:48:51.000+00:00,published,,https://www.nexusmods.com/baldursgate3/mods/5144,5144,5144
2,Succubus Abilities,Garrett,Gameplay,1.2.4,445,2024-09-13T01:40:04.000+00:00,published,,https://www.nexusmods.com/baldursgate3/mods/5233,5233,5233
2,Some FF Hairs (Autosnap for all races),Klitschkat,Character Customisation,1.0,445,2024-12-05T18:52:58.000+00:00,published,,https://www.nexusmods.com/baldursgate3/mods/14132,14132,14132
2,More Muscular Body for Strong Body Type 4 (Half-Orcs and Tieflings too),AnubisXHorus,Character Customisation,1.0,444,2023-12-31T00:05:47.000+00:00,published,,https://www.nexusmods.com/baldursgate3/mods/4929,4929,4929
2,Astarion Act 3 - But you're MY leaking blood-bag,HyperspaceTowel,Gameplay,1.0.0.2,441,2025-04-03T14:30:53.000+00:00,published,,https://www.nexusmods.com/baldursgate3/mods/14069,14069,14069
2,Pretty Guys head preset collection by TVJ,Juliantheflower,Character Customisation,1.0,440,2024-11-01T19:51:41.000+00:00,published,,https://www.nexusmods.com/baldursgate3/mods/13183,13183,13183
2,PK Elven Squad,PseudoKociara,Character Customisation,1.0,440,2024-11-06T20:01:20.000+00:00,published,,https://www.nexusmods.com/baldursgate3/mods/13641,13641,13641
2,REWard's Dice Emporium,PrimoREWard,Dice,1.6,439,2024-09-16T22:16:54.000+00:00,published,,https://www.nexusmods.com/baldursgate3/mods/2609,2609,2609
2,NPC Redesign - Mystra by AzazeL (Patch 7-8),AzazeL,Character Customisation,1.0,439,2025-04-03T06:00:45.000+00:00,published,,https://www.nexusmods.com/baldursgate3/mods/15587,15587,15587
2,Dave's Legendary Weapons,Heckbear,Equipment,1.4.0,436,2025-01-24T19:23:36.000+00:00,published,,https://www.nexusmods.com/baldursgate3/mods/2755,2755,2755
2,Bhaal's Princess By REN,REN,Equipment,1.0,436,2024-07-21T19:06:56.000+00:00,published,,https://www.nexusmods.com/baldursgate3/mods/6032,6032,6032
2,Spawn Astarion - Epilogue Edits,HyperspaceTowel,Gameplay,1.0.0.1,434,2025-02-24T14:29:06.000+00:00,published,,https://www.nexusmods.com/baldursgate3/mods/14850,14850,14850
2,Grim Visag'd War - Fighter Armor and Gear,copperleaves,Armor,1.0.0.22,431,2025-01-17T06:09:34.000+00:00,published,,https://www.nexusmods.com/baldursgate3/mods/14165,14165,14165
2,Bard Fixes and Tweaks,Zero,Gameplay,1.9.2,427,2023-09-13T20:52:49.000+00:00,published,,https://www.nexusmods.com/baldursgate3/mods/866,866,866
2,Deepspace Collection - vol. 1,OneEyeAskew,Clothing,1.0.0,425,2024-12-24T19:20:58.000+00:00,published,,https://www.nexusmods.com/baldursgate3/mods/14365,14365,14365
2,Nightsong Points Bug Fix,HyperspaceTowel,Gameplay,1.0.0.2,425,2025-02-26T17:22:25.000+00:00,published,,https://www.nexusmods.com/baldursgate3/mods/15035,15035,15035
2,Shadowheart Idol of Shar Kiss Bug Fix,KickingWriter,Miscellaneous,2.1,424,2024-09-17T21:57:02.000+00:00,published,,https://www.nexusmods.com/baldursgate3/mods/7396,7396,7396
2,Clean and Furnished- Last Light Inn - Act II,Karalyn,Visuals,1.0,421,2024-12-07T20:03:23.000+00:00,published,,https://www.nexusmods.com/baldursgate3/mods/14159,14159,14159
2,Straight Pigtails for Virtual Divas,soupermunster,Character Customisation,1,418,2024-01-09T03:57:59.000+00:00,published,,https://www.nexusmods.com/baldursgate3/mods/5492,5492,5492
2,Medusae's Muses (Heads for Type 1 and 3 Bodies),Medusae,Character Customisation,1.751,417,2025-12-25T21:02:57.000+00:00,published,,https://www.nexusmods.com/baldursgate3/mods/8731,8731,8731
2,Diemnocturnum Class - Wielder of Twilights Might,Xonnel Devlin,Classes,0.0.7.3.0-alpha,413,2024-12-18T22:28:37.000+00:00,published,,https://www.nexusmods.com/baldursgate3/mods/1604,1604,1604
2,Eldritch Blast (Enhanced),Easter975,Spells,1.1,412,2025-12-07T15:06:57.000+00:00,published,,https://www.nexusmods.com/baldursgate3/mods/1498,1498,1498
2,Plus Races - Rework,Raizan,Races,1.1.5,412,2023-12-29T06:44:27.000+00:00,published,,https://www.nexusmods.com/baldursgate3/mods/3865,3865,3865
2,Rogue Fencer Subclass,SkyeBorne,Classes,1.61,412,2024-01-07T23:51:48.000+00:00,published,,https://www.nexusmods.com/baldursgate3/mods/5170,5170,5170
2,Succubus-new class - Extra Feats,Shackal0,Gameplay,1.0.1.2,412,2024-09-09T17:06:54.000+00:00,published,,https://www.nexusmods.com/baldursgate3/mods/11662,11662,11662
2,Hide Weapons In Cutscenes,FluffySpider,Visuals,1.1,412,2025-07-08T07:06:04.000+00:00,published,,https://www.nexusmods.com/baldursgate3/mods/12926,12926,12926
2,Valkrana's Limited Edition Bone - Necromancer Item,Sailor Cat,Equipment,1.00.05,410,2025-01-31T05:10:01.000+00:00,published,,https://www.nexusmods.com/baldursgate3/mods/5005,5005,5005
2,Blood Sorcery - A Sorcerer subclass,Sturm1212,Classes,1.4,409,2024-09-22T20:31:46.000+00:00,published,,https://www.nexusmods.com/baldursgate3/mods/12354,12354,12354
2,Dyeable Nails,BG3AddictedGal,Accessories,0.1,407,2024-09-09T11:09:27.000+00:00,published,,https://www.nexusmods.com/baldursgate3/mods/8858,8858,8858
2,God Hero  By SFR,SFR,Gameplay,6.0.8.12,406,2026-02-15T20:13:48.000+00:00,published,,https://www.nexusmods.com/baldursgate3/mods/1692,1692,1692
2,Jun's Head Pack,junbug7897,Character Customisation,3.0,404,2025-10-21T03:43:57.000+00:00,published,,https://www.nexusmods.com/baldursgate3/mods/9535,9535,9535
2,Ember's Lute (Haunted Instruments),Ariefel,Spells,v2.2.3.0,396,2025-11-23T00:05:51.000+00:00,published,,https://www.nexusmods.com/baldursgate3/mods/10437,10437,10437
2,Gold Weights Nothing,JiMarti,Miscellaneous,1.1,395,2024-09-11T14:00:45.000+00:00,published,,https://www.nexusmods.com/baldursgate3/mods/12093,12093,12093
2,Firestarter - Karlach Romance Overhaul,HyperspaceTowel,Companions,1.0.0.1,393,2025-07-08T03:07:58.000+00:00,published,,https://www.nexusmods.com/baldursgate3/mods/15282,15282,15282
2,Those of the Planescape - New CC Options,Lethze,Character Customisation,2.0.0.0,392,2023-11-26T16:10:45.000+00:00,published,,https://www.nexusmods.com/baldursgate3/mods/418,418,418
2,Nightingale's Lord Astarion - Ascended Astarion Hugs Kisses Voiced Dialog,Moxi,Gameplay,3.0.0,392,2024-09-08T07:58:15.000+00:00,published,,https://www.nexusmods.com/baldursgate3/mods/10066,10066,10066
2,Moonshine Poet,OneEyeAskew,Armor,1.0.0,392,2025-09-18T00:17:19.000+00:00,published,,https://www.nexusmods.com/baldursgate3/mods/10543,10543,10543
2,Shadowheart Lets Her Hair Down,DarkUrgeDiaries,Character Customisation,1.0.8,392,2024-11-18T04:24:58.000+00:00,published,,https://www.nexusmods.com/baldursgate3/mods/13288,13288,13288
2,Minthara's Alurlssrin,HyperspaceTowel,Gameplay,1.0.0.1,391,2025-03-30T17:58:46.000+00:00,published,,https://www.nexusmods.com/baldursgate3/mods/15522,15522,15522
2,Unholy Smite - Empowering Oathbreakers (And Other Paladin Subclasses),GraphicFade,Spells,2.6.8,390,2024-11-11T19:46:04.000+00:00,published,,https://www.nexusmods.com/baldursgate3/mods/7609,7609,7609
2,FavoredSoul Accessoires Collection,FavoredSoul and Ophelia,Accessories,1.0,390,2024-07-25T09:02:16.000+00:00,published,,https://www.nexusmods.com/baldursgate3/mods/11220,11220,11220
2,Ranged Lightning Cantrip Jolt,LXE97,Spells,1.2.1,389,2023-08-17T19:55:33.000+00:00,published,,https://www.nexusmods.com/baldursgate3/mods/996,996,996
2,Whispers of the Guardian - Dragonborn Guardian,Trips,Races,1.0.0.0,389,2023-11-24T15:20:10.000+00:00,published,,https://www.nexusmods.com/baldursgate3/mods/4521,4521,4521
2,Sexy and Symmetrical Body Tattoos - (MMM) Compatible,0CH,Character Customisation,0.3,386,2026-04-23T17:58:00.000+00:00,published,,https://www.nexusmods.com/baldursgate3/mods/5762,5762,5762
2,Already Inspected (Visual opened containers),aPCSet,Gameplay,1.0.0.4,386,2024-10-20T12:49:59.000+00:00,published,,https://www.nexusmods.com/baldursgate3/mods/13213,13213,13213
2,Koralina's Aesthetics - Hair Collection,Koralina,Character Customisation,1.0.0,386,2025-08-03T12:27:29.000+00:00,published,,https://www.nexusmods.com/baldursgate3/mods/17854,17854,17854
2,BlocknMiss Differentiation,TheWhirlwind9,Gameplay,2.2.1.0,383,2025-06-12T18:47:44.000+00:00,published,,https://www.nexusmods.com/baldursgate3/mods/9646,9646,9646
2,NSFW Loading Screens,Risque Research,User Interface,1.0.0,383,2024-11-14T09:00:31.000+00:00,published,,https://www.nexusmods.com/baldursgate3/mods/13743,13743,13743
2,A SubMod of Animate Dead Plus Plus and Valkrana's Spellbook.,isamuchu,Spells,0.90,382,2023-10-13T11:11:53.000+00:00,published,,https://www.nexusmods.com/baldursgate3/mods/1956,1956,1956
2,Wands - An alternative to staves,JonHinkerton,Weapons,1.0,378,2024-03-07T15:14:52.000+00:00,published,,https://www.nexusmods.com/baldursgate3/mods/5809,5809,5809
2,Divine Outfits By REN,REN,Equipment,1.0,378,2024-05-07T11:28:24.000+00:00,published,,https://www.nexusmods.com/baldursgate3/mods/9298,9298,9298
2,Interesting Body Types,Siael,Gameplay,3.5,375,2026-03-30T21:17:54.000+00:00,published,,https://www.nexusmods.com/baldursgate3/mods/9357,9357,9357
2,Allure - Stylish and Diverse Dyes,Warmhealerr,Visuals,2.0,374,2025-06-11T06:44:28.000+00:00,published,,https://www.nexusmods.com/baldursgate3/mods/11202,11202,11202
2,Bambi's Liz,Bambi,Character Customisation,1.0,374,2025-10-09T23:16:54.000+00:00,published,,https://www.nexusmods.com/baldursgate3/mods/17036,17036,17036
2,Pride Flag Dice,frozenoj,Dice,1.0.1,372,2024-09-18T13:10:43.000+00:00,published,,https://www.nexusmods.com/baldursgate3/mods/2975,2975,2975
2,Dark Druid Set (Updated),deleted209684172,Armor,2.0.0,371,2025-04-07T19:37:33.000+00:00,published,,https://www.nexusmods.com/baldursgate3/mods/15649,15649,15649
2,Alluring Astarion,suro,Character Customisation,1.0,370,2024-07-19T21:52:42.000+00:00,published,,https://www.nexusmods.com/baldursgate3/mods/11062,11062,11062
2,Fully Edited Level -1- Elfsong camp with separated beds and night-day cycle,AntifaLafel,Visuals,1.0.1,370,2024-11-28T03:48:33.000+00:00,published,,https://www.nexusmods.com/baldursgate3/mods/13786,13786,13786
2,Enemy Stats - MCM,Mithras666,Gameplay,2.3,369,2024-09-11T16:22:08.000+00:00,published,,https://www.nexusmods.com/baldursgate3/mods/10895,10895,10895
2,Shroud of the Final Scribe,OneEyeAskew,Armor,1.0.0,369,2025-07-31T20:38:34.000+00:00,published,,https://www.nexusmods.com/baldursgate3/mods/11227,11227,11227
2,Immersive Nudity - Slaves and Prisoners,Professional Degenerate,Miscellaneous,0.9,369,2025-09-20T14:20:41.000+00:00,published,,https://www.nexusmods.com/baldursgate3/mods/14734,14734,14734
2,A Wizard's Vintage Attire,spek7re,Armor,1.2.0.3,367,2025-01-28T10:40:53.000+00:00,published,,https://www.nexusmods.com/baldursgate3/mods/13601,13601,13601
2,Blade of Avernus saves Karlach (Act 3 spoilers),Hyperspace Towel,Gameplay,1.0.0.2,367,2025-03-11T15:09:27.000+00:00,published,,https://www.nexusmods.com/baldursgate3/mods/13834,13834,13834
2,Magic Missile (Enhanced),Easter975,Spells,1.1,366,2025-12-06T09:32:46.000+00:00,published,,https://www.nexusmods.com/baldursgate3/mods/1595,1595,1595
2,Patch 8 Load Order Dividers,c__hampange,Utilities,0.0.0.0,363,2025-04-17T18:46:32.000+00:00,published,,https://www.nexusmods.com/baldursgate3/mods/15851,15851,15851
2,Dark Urge Dragonborn Armor and Katana,Bysell,Equipment,1.6,362,2024-06-26T12:21:01.000+00:00,published,,https://www.nexusmods.com/baldursgate3/mods/5056,5056,5056
2,Manly Asses,MrFunSize,Character Customisation,v1.1,359,2024-05-01T04:33:44.000+00:00,published,,https://www.nexusmods.com/baldursgate3/mods/9099,9099,9099
2,Improved Dimension Door,Sailor Cat,Spells,1.00.02,357,2024-12-10T18:15:47.000+00:00,published,,https://www.nexusmods.com/baldursgate3/mods/2493,2493,2493
2,Neil's Bangin' Bard Gear VOLUME 1,copperleaves,Armor,1.0.0.14,357,2024-10-19T18:13:53.000+00:00,published,,https://www.nexusmods.com/baldursgate3/mods/13186,13186,13186
2,Sexy Plate Female Armors For Vanilla and SBBF Body,Fred_Karrera,Equipment,1.0,356,2024-04-19T03:38:20.000+00:00,published,,https://www.nexusmods.com/baldursgate3/mods/8863,8863,8863
2,Deepspace Piercings,OneEyeAskew,Character Customisation,1.0.0,356,2025-05-22T14:24:18.000+00:00,published,,https://www.nexusmods.com/baldursgate3/mods/16760,16760,16760
2,Astarion Romance Act 2 Overhaul,almasy87,Gameplay,1,355,2025-01-14T01:52:51.000+00:00,published,,https://www.nexusmods.com/baldursgate3/mods/14644,14644,14644
2,Poses of Plenty Vol. 1 - Poses for Photo Mode,lumadaire,Photo Mode,1.0,355,2025-06-26T14:30:35.000+00:00,published,,https://www.nexusmods.com/baldursgate3/mods/16242,16242,16242
2,Venom Adept Gear Set (Poison Damage),Sey,Equipment,2.8,353,2025-01-10T06:21:59.000+00:00,published,,https://www.nexusmods.com/baldursgate3/mods/1622,1622,1622
2,Minthara's Weaknesses - Astarion Minthara Banter Restored,HyperspaceTowel,Companions,1.0.1.1,352,2025-07-23T13:50:42.000+00:00,published,,https://www.nexusmods.com/baldursgate3/mods/17444,17444,17444
2,Fire Bolt (Enhanced v2),Easter975,Spells,1.1,351,2026-03-04T00:26:32.000+00:00,published,,https://www.nexusmods.com/baldursgate3/mods/1441,1441,1441
2,Rugan Restored - A Sweet Sight,Nikjima,Miscellaneous,1.0.0.18,351,2025-07-11T11:00:43.000+00:00,published,,https://www.nexusmods.com/baldursgate3/mods/17399,17399,17399
2,Whiter Eyes,Psychotter,Character Customisation,2,349,2026-02-04T20:33:57.000+00:00,published,,https://www.nexusmods.com/baldursgate3/mods/5220,5220,5220
2,Crate of Lost Goods,Leyllara,Equipment,1.0,349,2024-09-12T17:10:58.000+00:00,published,,https://www.nexusmods.com/baldursgate3/mods/10302,10302,10302
2,PK Horns 2,PseudoKociara,Character Customisation,1.0,348,2025-01-31T18:21:07.000+00:00,published,,https://www.nexusmods.com/baldursgate3/mods/14851,14851,14851
2,BodySuits as Underwear  (Includes ENB SBBF and BCB patchs),Manolov,Equipment,3,347,2024-09-14T11:53:16.000+00:00,published,,https://www.nexusmods.com/baldursgate3/mods/10104,10104,10104
2,Alternative Shadowheart Tattoos,ErMagnace,Character Customisation,3.01,345,2025-09-14T14:39:38.000+00:00,published,,https://www.nexusmods.com/baldursgate3/mods/8115,8115,8115
2,Shadowheart Judgement Cam - Astarion Abdirak Scene Edits,Magnetuning,Animations,1.0.0.1,345,2025-04-20T23:44:53.000+00:00,published,,https://www.nexusmods.com/baldursgate3/mods/11925,11925,11925
2,Features from DnD 5E Spelljammer,bibsan,Gameplay,1.0.12.77,345,2025-04-04T16:08:55.000+00:00,published,,https://www.nexusmods.com/baldursgate3/mods/13195,13195,13195
2,Kaz x Astralities - Scarred Visage,Kazstralities,Character Customisation,1.0,344,2025-05-15T21:10:54.000+00:00,published,,https://www.nexusmods.com/baldursgate3/mods/16595,16595,16595
2,Withers Big Naturals,MaybeAdam,Companions,1.1.0.0,342,2024-04-13T21:55:39.000+00:00,published,,https://www.nexusmods.com/baldursgate3/mods/8738,8738,8738
2,Pirate (Homebrew Rogue Subclass),KiderionLykon,Classes,1.5.0,341,2024-09-12T09:09:32.000+00:00,published,,https://www.nexusmods.com/baldursgate3/mods/3070,3070,3070
2,Load Order Tabs,Echelon,Utilities,1.4,340,2024-01-30T21:44:25.000+00:00,published,,https://www.nexusmods.com/baldursgate3/mods/5977,5977,5977
2,Legendary Twin Longswords of Shar and Selune,Buckstabuuu,Weapons,1.0,340,2024-02-15T01:35:02.000+00:00,published,,https://www.nexusmods.com/baldursgate3/mods/6604,6604,6604
2,Unique Tav - Fairy Patch,KittHaven,Visuals,1.1,337,2024-10-02T15:02:31.000+00:00,published,,https://www.nexusmods.com/baldursgate3/mods/6043,6043,6043
2,WoodLand Elf Outfit BY REN,REN,Clothing,1.0,337,2025-05-28T00:27:03.000+00:00,published,,https://www.nexusmods.com/baldursgate3/mods/16864,16864,16864
2,Us Evolved,Exaen,Companions,1.3.1.0,336,2026-01-07T05:57:27.000+00:00,published,,https://www.nexusmods.com/baldursgate3/mods/14521,14521,14521
2,Shadow Ninja - a complete rework of Monk (Way of the Shadow),theLittleDD,Classes,2.0.0,329,2026-06-23T04:21:26.000+00:00,published,,https://www.nexusmods.com/baldursgate3/mods/1691,1691,1691
2,Witcher Gear,Dylanredd247,Armor,1,329,2024-01-11T06:24:16.000+00:00,published,,https://www.nexusmods.com/baldursgate3/mods/5260,5260,5260
2,NPC Revamp - Tieflings,Vendarr,Character Customisation,1.1,329,2024-11-19T17:47:43.000+00:00,published,,https://www.nexusmods.com/baldursgate3/mods/13681,13681,13681
2,Lone Wolf Mode,fenix aka sp8cemonkey83,Gameplay,1.1,327,2023-08-13T05:55:34.000+00:00,published,,https://www.nexusmods.com/baldursgate3/mods/851,851,851
2,Extra Gear - Loot and Merchants,pooteeweet,Equipment,1.6,327,2024-09-27T21:22:32.000+00:00,published,,https://www.nexusmods.com/baldursgate3/mods/4814,4814,4814
2,Vulva appearance adjustment,CHARNAMENULL,Visuals,1.2,325,2025-12-14T23:13:01.000+00:00,published,,https://www.nexusmods.com/baldursgate3/mods/14166,14166,14166
2,InstaMommies,Kisusiki,Character Customisation,1.1.1.2,324,2024-02-18T19:32:46.000+00:00,published,,https://www.nexusmods.com/baldursgate3/mods/5843,5843,5843
2,Curvy body with sexy clothes(BCB too) and neat nipples,Yarz,Clothing,1,323,2025-03-09T22:28:18.000+00:00,published,,https://www.nexusmods.com/baldursgate3/mods/12129,12129,12129
2,Difficulty Immersion Quality Collection - Misc Files,BaldursGoonsack,Miscellaneous,147,322,2026-05-06T12:16:19.000+00:00,published,,https://www.nexusmods.com/baldursgate3/mods/9784,9784,9784
2,Warlords of the Coast - The Hobgoblin Race,Team BabbSydDinski,Races,V1.0.0.7,322,2024-10-07T10:22:49.000+00:00,published,,https://www.nexusmods.com/baldursgate3/mods/11530,11530,11530
2,Hearts Hairpack,Hearts,Character Customisation,1.0,322,2025-04-04T18:03:11.000+00:00,published,,https://www.nexusmods.com/baldursgate3/mods/15611,15611,15611
2,Needle Of The Outlaw Rogue Enhanced (Unique-ified),NukaCola069,Weapons,1.1,321,2024-09-13T14:27:05.000+00:00,published,,https://www.nexusmods.com/baldursgate3/mods/1701,1701,1701
2,Glamorous Clothing Campaing (and tutorial),Manolov,Equipment,Version-for-Release-3,320,2024-09-14T12:13:08.000+00:00,published,,https://www.nexusmods.com/baldursgate3/mods/9401,9401,9401
2,Immersive Nudity - Druids,Professional Degenerate,Miscellaneous,0.7,320,2025-01-22T14:49:49.000+00:00,published,,https://www.nexusmods.com/baldursgate3/mods/12892,12892,12892
2,Quick n Clean Halsin Scrubber,Nikjima,Visuals,1.0.0.2,319,2024-09-30T16:35:21.000+00:00,published,,https://www.nexusmods.com/baldursgate3/mods/8362,8362,8362
2,Book Club With Gale,HyperspaceTowel,Companions,1.0.0.11,319,2025-09-15T11:35:07.000+00:00,published,,https://www.nexusmods.com/baldursgate3/mods/18568,18568,18568
2,Forgotten Realms Armaments,Talonted,Equipment,1.0.0,317,2024-06-14T12:38:09.000+00:00,published,,https://www.nexusmods.com/baldursgate3/mods/10225,10225,10225
2,Adorable Decor,FridgeTroll,Miscellaneous,3.003,317,2025-05-02T12:02:17.000+00:00,published,,https://www.nexusmods.com/baldursgate3/mods/11496,11496,11496
2,Rox's Shimmering Eyes,Rox,Character Customisation,1.0.0.6,317,2024-10-24T23:56:46.000+00:00,published,,https://www.nexusmods.com/baldursgate3/mods/13365,13365,13365
2,Alyssa CC Head Preset by cedastarions,cedastarions,Character Customisation,1.0,317,2025-04-27T22:38:24.000+00:00,published,,https://www.nexusmods.com/baldursgate3/mods/16162,16162,16162
2,Critical Miss Has Consequences,Varnion,Gameplay,1.3,316,2023-10-12T18:46:52.000+00:00,published,,https://www.nexusmods.com/baldursgate3/mods/1883,1883,1883
2,Ray of Frost (Enhanced v2),Easter975,Spells,1.2,313,2025-12-06T06:05:12.000+00:00,published,,https://www.nexusmods.com/baldursgate3/mods/1444,1444,1444
2,Summon Utility and Buffs,InfernalSkys,Gameplay,1.4.16,313,2024-09-07T19:02:41.000+00:00,published,,https://www.nexusmods.com/baldursgate3/mods/2424,2424,2424
2,Volno's Texture Toolbox (BG3 Shaders and Texture Editing Tools for Blender),Volno,Utilities,v2.1.1,313,2025-01-11T00:51:55.000+00:00,published,,https://www.nexusmods.com/baldursgate3/mods/4310,4310,4310
2,Bag of Holding Reforged,Aldarana,Miscellaneous,2.1.5,311,2025-11-13T15:05:58.000+00:00,published,,https://www.nexusmods.com/baldursgate3/mods/10878,10878,10878
2,XRX Dress,EzioMaverick,Armor,1.0,311,2025-01-25T12:15:45.000+00:00,published,,https://www.nexusmods.com/baldursgate3/mods/14771,14771,14771
2,Minthara's Poison Kiss,HyperspaceTowel,Gameplay,1.0.1.0,310,2025-04-30T23:35:59.000+00:00,published,,https://www.nexusmods.com/baldursgate3/mods/15597,15597,15597
2,Medusae's Hairs,Medusae,Character Customisation,1.8,309,2025-01-12T20:47:26.000+00:00,published,,https://www.nexusmods.com/baldursgate3/mods/10794,10794,10794
2,Ketheric Makeover - NPC Alternative Appearance,Lynia,Character Customisation,1.2,309,2025-07-19T16:11:05.000+00:00,published,,https://www.nexusmods.com/baldursgate3/mods/16923,16923,16923
2,DragonFlame Regalia,arideyya,Clothing,1.0,309,2025-07-03T08:42:48.000+00:00,published,,https://www.nexusmods.com/baldursgate3/mods/17377,17377,17377
2,Mari's Tattoos Makeup and Scars for KAVT,ArtByMari and Astralities,Character Customisation,1.0,309,2025-07-20T01:52:32.000+00:00,published,,https://www.nexusmods.com/baldursgate3/mods/17667,17667,17667
2,Orin Makeover - NPC Alternative Appearance,Lynia,Character Customisation,1.0,308,2025-05-21T00:41:33.000+00:00,published,,https://www.nexusmods.com/baldursgate3/mods/16724,16724,16724
2,Angel Themed Race and Class,demonova,Races,2.6.0.3,307,2026-01-13T11:03:43.000+00:00,published,,https://www.nexusmods.com/baldursgate3/mods/13474,13474,13474
2,February Heads,Hearts,Character Customisation,1.1,307,2025-02-26T20:40:18.000+00:00,published,,https://www.nexusmods.com/baldursgate3/mods/15038,15038,15038
2,Bonds Unspoken Pose Pack,theladyofloss,Photo Mode,V1,305,2025-08-03T10:34:21.000+00:00,published,,https://www.nexusmods.com/baldursgate3/mods/17962,17962,17962
2,PF2e Spells Compatibility Patch,xarara,Spells,4.01,304,2025-09-04T17:06:11.000+00:00,published,,https://www.nexusmods.com/baldursgate3/mods/5584,5584,5584
2,Dark Urge Tent,KinntheGreen,Miscellaneous,1,304,2024-08-26T20:57:55.000+00:00,published,,https://www.nexusmods.com/baldursgate3/mods/11772,11772,11772
2,Nimh's Outfit,KinntheGreen,Armor,2,304,2024-11-27T23:16:31.000+00:00,published,,https://www.nexusmods.com/baldursgate3/mods/13686,13686,13686
2,Always Save Alfira,Yoesph,Miscellaneous,1.0,304,2024-11-12T05:36:00.000+00:00,published,,https://www.nexusmods.com/baldursgate3/mods/13740,13740,13740
2,Ziva Stockings and Boots,EzioMaverick,Armor,1.0,304,2025-03-15T15:57:10.000+00:00,published,,https://www.nexusmods.com/baldursgate3/mods/15363,15363,15363
2,Reaction Points on Hotbar,BaldursGoonsack,User Interface,1.0.0.2,303,2026-01-12T14:21:33.000+00:00,published,,https://www.nexusmods.com/baldursgate3/mods/13455,13455,13455
2,Kindred's Custom Dice Box Set,Kindred Souls,Dice,1.2,302,2025-04-09T17:10:55.000+00:00,published,,https://www.nexusmods.com/baldursgate3/mods/1352,1352,1352
2,Wyll's Unique Armor,Queen Plouton,Equipment,1.0,302,2024-03-18T08:30:47.000+00:00,published,,https://www.nexusmods.com/baldursgate3/mods/8048,8048,8048
2,Flagellant's Finery - Loviatar robe refits and accessories,Nikjima,Clothing,1.0.0.7,302,2025-04-01T21:50:35.000+00:00,published,,https://www.nexusmods.com/baldursgate3/mods/15093,15093,15093
2,Cactus' Armors and Clothes 1.1.2,CactusBack,Equipment,1.1.2,301,2024-09-09T15:25:02.000+00:00,published,,https://www.nexusmods.com/baldursgate3/mods/3924,3924,3924
2,Unlocked Armory (and Tutorial),Manolov,Weapons,1,301,2024-09-14T12:08:17.000+00:00,published,,https://www.nexusmods.com/baldursgate3/mods/9605,9605,9605
2,Bloodspun - Head Presets,Alahria,Character Customisation,2.0.0.3,301,2025-07-26T17:48:32.000+00:00,published,,https://www.nexusmods.com/baldursgate3/mods/16643,16643,16643
2,Sensible Ambushing - Stealth Combat Overhaul,OsirisofGit,Gameplay,1.1.2,300,2025-05-10T01:33:07.000+00:00,published,,https://www.nexusmods.com/baldursgate3/mods/13114,13114,13114
2,Dulcet Bodies - A Soft and Slightly Chubby Body Preset with Outfits,Nixmori,Character Customisation,1.1,299,2024-03-20T06:58:04.000+00:00,published,,https://www.nexusmods.com/baldursgate3/mods/6368,6368,6368
2,Codex Gigas,Magus,Spells,45,298,2026-05-06T12:15:55.000+00:00,published,,https://www.nexusmods.com/baldursgate3/mods/1178,1178,1178
2,Euphrosyne - Karlach Edits,Aimryax,Character Customisation,1.000,298,2024-06-30T14:08:26.000+00:00,published,,https://www.nexusmods.com/baldursgate3/mods/8693,8693,8693
2,Wilderness Camp Lighting Tweaks,Magnetuning,Visuals,1.0.0.0,298,2025-01-29T23:40:25.000+00:00,published,,https://www.nexusmods.com/baldursgate3/mods/14817,14817,14817
2,Vanilla Expressions Enhanced - A Photo Mode Mod,lumadaire,Photo Mode,1.0,298,2025-08-05T15:33:58.000+00:00,published,,https://www.nexusmods.com/baldursgate3/mods/17899,17899,17899
2,Secrets of the Serpent - Playable Yuan-ti Purebloods,tepkunset and neonbutchery,Races,2,295,2025-01-22T15:51:54.000+00:00,published,,https://www.nexusmods.com/baldursgate3/mods/7922,7922,7922
2,Be Nice To Wyll,Magnetuning,Companions,1.0.1.0,295,2026-04-07T04:04:36.000+00:00,published,,https://www.nexusmods.com/baldursgate3/mods/9192,9192,9192
2,Beyond Divine Smite,GraphicFade,Spells,2.1.0,294,2024-09-27T00:14:03.000+00:00,published,,https://www.nexusmods.com/baldursgate3/mods/7778,7778,7778
2,Mantis' Fire and Blood Collection Presets,Mantis,Character Customisation,1.0.0.0,294,2026-04-22T01:17:50.000+00:00,published,,https://www.nexusmods.com/baldursgate3/mods/14902,14902,14902
2,Features from DnD 5E Planescape,bibsan,Gameplay,2.1.6,293,2025-05-17T15:33:08.000+00:00,published,,https://www.nexusmods.com/baldursgate3/mods/12096,12096,12096
2,Orin Nails,almasy87,Character Customisation,1.4,290,2025-10-26T22:25:43.000+00:00,published,,https://www.nexusmods.com/baldursgate3/mods/12280,12280,12280
2,CL Karlach Date Scene Fix (Animation Swap) For Males,ChristianLuger,Animations,1.0,290,2024-10-18T09:44:08.000+00:00,published,,https://www.nexusmods.com/baldursgate3/mods/13144,13144,13144
2,Wyll's Alternate Devil Eyes,Magnetuning,Companions,2.0.0.0,288,2025-12-09T06:27:36.000+00:00,published,,https://www.nexusmods.com/baldursgate3/mods/8915,8915,8915
2,Smarter AI - MCM,Mithras666,Gameplay,2.5,288,2024-09-11T16:21:03.000+00:00,published,,https://www.nexusmods.com/baldursgate3/mods/11183,11183,11183
2,Minthara's new look,Vendarr,Character Customisation,1.2,288,2024-11-08T14:18:46.000+00:00,published,,https://www.nexusmods.com/baldursgate3/mods/12608,12608,12608
2,Mantis' Resident Evil Preset Collection,Mantis,Character Customisation,1.0.0.0,288,2025-06-23T19:15:51.000+00:00,published,,https://www.nexusmods.com/baldursgate3/mods/17212,17212,17212
2,Control Undead Complete - Oathbreaker,Sailor Cat,Classes,2.00.01,287,2026-06-08T00:59:17.000+00:00,published,,https://www.nexusmods.com/baldursgate3/mods/7532,7532,7532
2,Dragonborn and Breath Weapon Enhanced - inspired by Fizban's Treasury of Dragons,ChizFreak,Races,4.2.2,287,2026-03-25T09:12:07.000+00:00,published,,https://www.nexusmods.com/baldursgate3/mods/12169,12169,12169
2,Lae'zel vs Shadowheart fight bug fix,deleted3792625,Companions,1.0.0.1,287,2025-06-28T02:44:39.000+00:00,published,,https://www.nexusmods.com/baldursgate3/mods/17304,17304,17304
2,Flaming Hair - Fire Hairstyles,Lynia,Character Customisation,1.2,287,2025-07-06T02:05:31.000+00:00,published,,https://www.nexusmods.com/baldursgate3/mods/17353,17353,17353
2,PickUp Everything - PickUp Furnitures - Duplicate Items - Housing(kinda),Wayden,Gameplay,1.0.2.0,286,2023-09-12T20:44:27.000+00:00,published,,https://www.nexusmods.com/baldursgate3/mods/2164,2164,2164
2,Hexblade Warlock Subclass - Patch 7 Plus,Feriat111 and Areqa,Classes,1.8,286,2026-04-29T15:03:05.000+00:00,published,,https://www.nexusmods.com/baldursgate3/mods/12575,12575,12575
2,Bonk Enhanced - Knocked Out Failsafe - Non-Lethal Attacks and Damage Overhaul,BaldursGoonsack,Gameplay,2.6.1.1,286,2026-01-03T14:27:46.000+00:00,published,,https://www.nexusmods.com/baldursgate3/mods/13727,13727,13727
2,Inferna Victoria - Raphael's Regal Redesign,Nikjima,Visuals,1.0.0.9,285,2025-09-19T19:40:00.000+00:00,published,,https://www.nexusmods.com/baldursgate3/mods/16773,16773,16773
2,Armaments of Bhaal's Chosen (Dark Urge Themed Legendaries),Bysell,Equipment,1.4,284,2024-07-22T16:49:45.000+00:00,published,,https://www.nexusmods.com/baldursgate3/mods/10743,10743,10743
2,Better Visuals for Shadow Hound by AzazeL (Patch 8 only),AzazeL,Visuals,1.0,284,2025-04-27T11:30:27.000+00:00,published,,https://www.nexusmods.com/baldursgate3/mods/16087,16087,16087
2,Psionics - Wizard Subclass,xarara,Classes,3.09,281,2026-03-05T14:24:54.000+00:00,published,,https://www.nexusmods.com/baldursgate3/mods/10014,10014,10014
2,KYOU - ROGUE MISTRESS SET,Kyou,Equipment,1.0,280,2024-03-19T20:41:36.000+00:00,published,,https://www.nexusmods.com/baldursgate3/mods/8090,8090,8090
2,Sweet Karlach - Body Type 1,Dapoolp,Companions,1.0.0.23b,278,2025-04-16T11:05:38.000+00:00,published,,https://www.nexusmods.com/baldursgate3/mods/14977,14977,14977
2,The Way of the Living Force,Mandalore1077,Classes,1.09,276,2024-03-01T21:20:49.000+00:00,published,,https://www.nexusmods.com/baldursgate3/mods/2635,2635,2635
2,Regeneration - MCM,Mithras666,Gameplay,3.1,276,2025-05-21T19:09:59.000+00:00,published,,https://www.nexusmods.com/baldursgate3/mods/11184,11184,11184
2,ThePurpleTie1's - Shadowheart,ThePurpleTie1,Companions,1.0.4,275,2026-03-20T18:29:46.000+00:00,published,,https://www.nexusmods.com/baldursgate3/mods/12895,12895,12895
2,Portrait Pose Pack,0CH,Photo Mode,0.3.6,274,2025-08-01T09:42:21.000+00:00,published,,https://www.nexusmods.com/baldursgate3/mods/15248,15248,15248
2,Fizz's Female Head Preset for Human-Elf-HalfElf-Drow-Tiefling 2.0,Fizz,Character Customisation,1.0,273,2025-09-29T22:15:23.000+00:00,published,,https://www.nexusmods.com/baldursgate3/mods/17214,17214,17214
2,Wyll's Act 3 Romance Tweaks,Magnetuning,Companions,1.2.0.0,272,2026-06-04T22:53:50.000+00:00,published,,https://www.nexusmods.com/baldursgate3/mods/11442,11442,11442
2,Asha's Armor,Asha,Armor,1.0.0,271,2025-02-17T19:05:45.000+00:00,published,,https://www.nexusmods.com/baldursgate3/mods/12312,12312,12312
2,Nutty Armory,TheRealFartEnthusiast,Weapons,5.0.3.6,270,2024-08-10T17:58:46.000+00:00,published,,https://www.nexusmods.com/baldursgate3/mods/6599,6599,6599
2,Gale's Beating And Glowing Orb,jawstarion,Companions,1.0.0,268,2025-11-15T18:07:44.000+00:00,published,,https://www.nexusmods.com/baldursgate3/mods/16205,16205,16205
2,Origin Tents,Magnetuning,Companions,2.0.0.4,267,2025-09-29T19:19:16.000+00:00,published,,https://www.nexusmods.com/baldursgate3/mods/9996,9996,9996
2,Half-Orc Weaponry - Clan Weapons,netlord80 - Kharneth,Weapons,1.0,267,2024-09-04T08:21:18.000+00:00,published,,https://www.nexusmods.com/baldursgate3/mods/11871,11871,11871
2,Tooltip Manager - Highlight Everything SE - MCM,wtfbengt,User Interface,2.5.1.0,267,2026-05-18T04:58:14.000+00:00,published,,https://www.nexusmods.com/baldursgate3/mods/18208,18208,18208
2,More Wild Magic effects,VeganForTheAnimals,Gameplay,1.3.2,266,2023-09-12T12:39:23.000+00:00,published,,https://www.nexusmods.com/baldursgate3/mods/2022,2022,2022
2,Kiss Me Again - Unlimited Last Kisses in Endgame,HyperspaceTowel,Gameplay,1.0.0.1,266,2025-04-25T03:39:12.000+00:00,published,,https://www.nexusmods.com/baldursgate3/mods/16042,16042,16042
2,Orin the Red - Redesign Mashup by AzazeL x Lynia,AzazeL x Lynia,Visuals,1.0,266,2025-09-16T13:30:37.000+00:00,published,,https://www.nexusmods.com/baldursgate3/mods/18432,18432,18432
2,InstaMommy Cortney,Kisusiki,Character Customisation,1.1.1.2,265,2024-02-18T19:30:22.000+00:00,published,,https://www.nexusmods.com/baldursgate3/mods/5942,5942,5942
2,Alucard's Sword,Trance241-kharneth,Weapons,1.0,264,2024-08-16T10:50:58.000+00:00,published,,https://www.nexusmods.com/baldursgate3/mods/11589,11589,11589
2,FurryTails - Fluffy Animal Tail Collection,jawstarion - EmeraldTechno,Character Customisation,1.3.2,264,2025-06-28T14:42:02.000+00:00,published,,https://www.nexusmods.com/baldursgate3/mods/12083,12083,12083
2,Harness Remixes,OneEyeAskew,Armor,1.0.0,264,2025-04-27T20:36:16.000+00:00,published,,https://www.nexusmods.com/baldursgate3/mods/16009,16009,16009
2,Owlbear Cub Permanent Aggression Fix on Honor Ruleset,osirisofinternet,Gameplay,1.1.0,262,2024-10-20T23:13:17.000+00:00,published,,https://www.nexusmods.com/baldursgate3/mods/13220,13220,13220
2,More Spell Choices and Slots - MCM,wtfbengt,Spells,2.6,262,2025-04-20T18:41:28.000+00:00,published,,https://www.nexusmods.com/baldursgate3/mods/13472,13472,13472
2,New Character Creation Presets - Unique Tav and KAVT Patch,Astralities and Toarie,Character Customisation,1.0,262,2025-05-30T22:40:12.000+00:00,published,,https://www.nexusmods.com/baldursgate3/mods/16924,16924,16924
2,Sacred Flame (Enhanced),Easter975,Spells,1.1,261,2025-12-07T15:14:22.000+00:00,published,,https://www.nexusmods.com/baldursgate3/mods/1518,1518,1518
2,Such a Tease - a Raphael redressing mod,Nikjima,Companions,2.1,260,2026-04-14T00:31:17.000+00:00,published,,https://www.nexusmods.com/baldursgate3/mods/9011,9011,9011
2,All Heads All Horns All Everything for All Races,Eclip5e,Character Customisation,1.0.0.4,260,2025-04-18T12:18:33.000+00:00,published,,https://www.nexusmods.com/baldursgate3/mods/14970,14970,14970
2,Astarion Post Ascension Dialogue Fix,Hazevamp,Miscellaneous,1.0.0.0,259,2026-03-02T00:19:54.000+00:00,published,,https://www.nexusmods.com/baldursgate3/mods/5037,5037,5037
2,The Eye of Vecna,Siael,Gameplay,1.8,258,2026-04-21T10:58:27.000+00:00,published,,https://www.nexusmods.com/baldursgate3/mods/12601,12601,12601
2,Always hug the Dream Visitor,almasy87,Miscellaneous,1,257,2024-11-11T18:41:35.000+00:00,published,,https://www.nexusmods.com/baldursgate3/mods/13735,13735,13735
2,G.A.L.E. - More Dead Spider Reactions,HyperspaceTowel,Gameplay,1.0.0.8,257,2025-07-26T15:45:13.000+00:00,published,,https://www.nexusmods.com/baldursgate3/mods/17493,17493,17493
2,NPC Redesign - Waukeen's Rest by AzazeL,AzazeL,Visuals,2.1,256,2025-10-19T21:25:07.000+00:00,published,,https://www.nexusmods.com/baldursgate3/mods/19170,19170,19170
2,Plus Subclasses - Previewer,Raizan,Gameplay,1.1.1,255,2023-12-06T21:12:06.000+00:00,published,,https://www.nexusmods.com/baldursgate3/mods/3867,3867,3867
2,Raphael Bed Story,SwissFred,Gameplay,2.0.8.8,255,2025-06-15T17:36:00.000+00:00,published,,https://www.nexusmods.com/baldursgate3/mods/14695,14695,14695
2,Shields Visible But Not Cutscene 2024 Again,ims21c,Miscellaneous,1.0,254,2025-03-09T21:24:49.000+00:00,published,,https://www.nexusmods.com/baldursgate3/mods/9625,9625,9625
2,Aru Boots and Heels,Aruless,Armor,1,254,2025-05-30T20:42:31.000+00:00,published,,https://www.nexusmods.com/baldursgate3/mods/11923,11923,11923
2,Bambi's Alma,Bambi,Character Customisation,1.0,253,2025-10-09T23:54:18.000+00:00,published,,https://www.nexusmods.com/baldursgate3/mods/16882,16882,16882
2,Forge Domain Cleric Subclass,Skyeborne,Classes,1.0,252,2024-06-08T19:16:26.000+00:00,published,,https://www.nexusmods.com/baldursgate3/mods/5685,5685,5685
2,Equipment Library,VitruvianGuar,Resources,1.2,251,2023-10-07T17:59:07.000+00:00,published,,https://www.nexusmods.com/baldursgate3/mods/2398,2398,2398
2,Barbarian- Path of the Hearteater,khbsd,Classes,2.06,251,2024-09-04T22:56:20.000+00:00,published,,https://www.nexusmods.com/baldursgate3/mods/5591,5591,5591
2,More Neck Tattoos,CtrlFr33k,Character Customisation,1.0.0,251,2026-06-22T20:44:02.000+00:00,published,,https://www.nexusmods.com/baldursgate3/mods/6140,6140,6140
2,Brynna - Andrick - Edowin Edits,PoisonValentineXIII,Visuals,1.0.1.5,251,2025-08-14T17:15:13.000+00:00,published,,https://www.nexusmods.com/baldursgate3/mods/16639,16639,16639
2,Kikyo's Outfit,KinntheGreen,Equipment,1,250,2024-07-24T19:28:10.000+00:00,published,,https://www.nexusmods.com/baldursgate3/mods/10083,10083,10083
2,The spartan  set By REN,RyanReos and  Ren,Equipment,1.0,250,2024-08-15T21:48:36.000+00:00,published,,https://www.nexusmods.com/baldursgate3/mods/11597,11597,11597
2,Undeath Feat,Sailor Cat,Gameplay,1.02.22,249,2024-11-24T21:55:53.000+00:00,published,,https://www.nexusmods.com/baldursgate3/mods/926,926,926
2,Scantily Mizora - Outfit Replacer (NPC VO Compatible),BaldursGoonsack,Visuals,1.1.2.0,249,2026-01-18T12:35:00.000+00:00,published,,https://www.nexusmods.com/baldursgate3/mods/13782,13782,13782
2,Homebrew Spells Compatibility Patch,xarara,Spells,2.04,247,2025-09-04T17:08:49.000+00:00,published,,https://www.nexusmods.com/baldursgate3/mods/8003,8003,8003
2,Dynamic Wildheart Barbarian,Armarui,Classes,1.0.0,247,2024-03-25T19:29:13.000+00:00,published,,https://www.nexusmods.com/baldursgate3/mods/8274,8274,8274
2,Vanilla Vendors AKA No Modded Items,Buck Henderson,Miscellaneous,1.0.1.2,246,2025-10-04T21:27:25.000+00:00,published,,https://www.nexusmods.com/baldursgate3/mods/14532,14532,14532
2,Wyll's Earrings,Magnetuning,Accessories,1.0.1.0,245,2025-01-27T10:50:47.000+00:00,published,,https://www.nexusmods.com/baldursgate3/mods/7843,7843,7843
2,Runa's Rattling Rose Dice,EllieGreenArt,Dice,1.0.1,243,2024-09-05T18:06:06.000+00:00,published,,https://www.nexusmods.com/baldursgate3/mods/9952,9952,9952
2,Astral Plane Romance Overhaul (Squid's Game),almasy87,Gameplay,1,243,2025-03-02T01:47:38.000+00:00,published,,https://www.nexusmods.com/baldursgate3/mods/15041,15041,15041
2,Z4hr4's Hot Heads,Z4hr4,Character Customisation,1.2,243,2025-04-10T15:47:00.000+00:00,published,,https://www.nexusmods.com/baldursgate3/mods/15178,15178,15178
2,Wielder Class,boomkaboom,Classes,1.4.0,242,2024-01-23T18:20:09.000+00:00,published,,https://www.nexusmods.com/baldursgate3/mods/3829,3829,3829
2,Ezuneo's Draconic Body Scales - Caex,Ezu,Character Customisation,2.3,241,2026-02-21T09:25:19.000+00:00,published,,https://www.nexusmods.com/baldursgate3/mods/17576,17576,17576
2,The Hand of Vecna,Siael,Gameplay,1.10.1,240,2026-06-22T03:34:17.000+00:00,published,,https://www.nexusmods.com/baldursgate3/mods/12600,12600,12600
2,Immersive Controller UI,Moondragon85,User Interface,1.0.5.0,239,2026-04-19T21:40:13.000+00:00,published,,https://www.nexusmods.com/baldursgate3/mods/4925,4925,4925
2,Script Extender Console Enabler,SpiceEve,Utilities,1.0,239,2024-04-16T13:31:22.000+00:00,published,,https://www.nexusmods.com/baldursgate3/mods/8813,8813,8813
2,Dragonborn Enhanced - Patch 8,NateSheltry,Races,1.5,238,2025-08-07T05:58:08.000+00:00,published,,https://www.nexusmods.com/baldursgate3/mods/12064,12064,12064
2,Darker Shadowlands,Stanto,Visuals,1.0.0.11,238,2024-11-19T01:43:48.000+00:00,published,,https://www.nexusmods.com/baldursgate3/mods/13877,13877,13877
2,Four Elven Heads by BG3.Portraits,bg3portraits,Character Customisation,1.2,238,2025-07-24T21:34:26.000+00:00,published,,https://www.nexusmods.com/baldursgate3/mods/17650,17650,17650
2,Heads of Plenty Vol. III - A Face Preset Mod,lumadaire,Character Customisation,1.0,238,2025-09-11T23:16:00.000+00:00,published,,https://www.nexusmods.com/baldursgate3/mods/18571,18571,18571
2,Ed the Hyena Joins the Party - Rescue of the Fainthearted,almasy87,Companions,1,237,2025-10-27T11:30:37.000+00:00,published,,https://www.nexusmods.com/baldursgate3/mods/17882,17882,17882
2,Druids Redone - Keepers of the Emerald Grove,PoisonvalentineXIIII,Visuals,1.0.0.7,237,2025-08-26T19:19:52.000+00:00,published,,https://www.nexusmods.com/baldursgate3/mods/18287,18287,18287
2,Unearthed Manual,Dungeons And Souls,Gameplay,2.0.0.6,236,2026-04-26T15:39:03.000+00:00,published,,https://www.nexusmods.com/baldursgate3/mods/434,434,434
2,Morning Lord Dice,EllieGreenArt,Dice,1.0.0,235,2024-09-05T18:17:28.000+00:00,published,,https://www.nexusmods.com/baldursgate3/mods/8857,8857,8857
2,Companion Gale Can Consume Shadow Weave,xJustAdam,Companions,1.1,235,2025-11-20T07:36:36.000+00:00,published,,https://www.nexusmods.com/baldursgate3/mods/16877,16877,16877
2,Lorroakan Redone - The Lord of Ramazith's Tower,PoisonValentineXIII,Visuals,1.0.0.2,235,2025-07-23T13:54:31.000+00:00,published,,https://www.nexusmods.com/baldursgate3/mods/17642,17642,17642
2,Netherseam - Head Presets,Alahria,Character Customisation,1.3,234,2025-09-12T18:04:16.000+00:00,published,,https://www.nexusmods.com/baldursgate3/mods/17082,17082,17082
2,Lolth Dice,EllieGreenArt,Dice,1.0.1,232,2024-09-05T16:23:59.000+00:00,published,,https://www.nexusmods.com/baldursgate3/mods/11544,11544,11544
2,Custom Subclass Icon and Compatibility Framework Fixes,Not me lol,Classes,1.0.3,231,2024-01-03T02:23:08.000+00:00,published,,https://www.nexusmods.com/baldursgate3/mods/4117,4117,4117
2,Shar statue dress without panty,charnamenull,Clothing,1.0,231,2025-07-23T11:53:08.000+00:00,published,,https://www.nexusmods.com/baldursgate3/mods/16574,16574,16574
2,Deepspace Florals,OneEyeAskew,Clothing,1.0.0,231,2025-08-09T07:12:04.000+00:00,published,,https://www.nexusmods.com/baldursgate3/mods/17589,17589,17589
2,Cazador Redone - Vampire Lord of the Gate,PoisonValentineXIII,Visuals,1.0.0.1,230,2025-07-26T08:52:26.000+00:00,published,,https://www.nexusmods.com/baldursgate3/mods/16644,16644,16644
2,Auto-Clean-Cache Script for Baldur's Gate 3,SerahCornelia,Miscellaneous,1.0,229,2024-12-30T09:07:58.000+00:00,published,,https://www.nexusmods.com/baldursgate3/mods/14495,14495,14495
2,Customized - Companion Beds - Elfsong,Karalyn,Visuals,1.0,229,2025-04-27T15:07:30.000+00:00,published,,https://www.nexusmods.com/baldursgate3/mods/16153,16153,16153
2,Vicious Mockery (Enhanced),Easter975,Spells,1.1,228,2025-12-07T15:21:01.000+00:00,published,,https://www.nexusmods.com/baldursgate3/mods/1478,1478,1478
2,Aerith Gainsborough Outfit,Starlight Sammy,Equipment,1.2.0.0,228,2024-04-30T07:40:53.000+00:00,published,,https://www.nexusmods.com/baldursgate3/mods/8500,8500,8500
2,Ripped Physique - Body Retextures,e_resh,Character Customisation,1.0,228,2026-02-22T22:02:03.000+00:00,published,,https://www.nexusmods.com/baldursgate3/mods/13223,13223,13223
2,SSVO project- Medium Arm pack for vanilla and SBBF body,Fred_Karrera,Equipment,0.1,227,2024-07-20T01:44:31.000+00:00,published,,https://www.nexusmods.com/baldursgate3/mods/11078,11078,11078
2,Stop accidentally dating Gale,HyperspaceTowel,Gameplay,1.0.0.0,227,2025-02-09T15:13:06.000+00:00,published,,https://www.nexusmods.com/baldursgate3/mods/14661,14661,14661
2,The Grand Theater - Sell your Lute to the Devil - Custom Campaign v1.1 - Patch8 Ready,Moezilla,Maps,1.1,226,2025-05-14T22:24:52.000+00:00,published,,https://www.nexusmods.com/baldursgate3/mods/14914,14914,14914
2,Great Sage Bo Staff,Valin000 - Kharneth,Weapons,1.0,225,2024-09-13T06:39:35.000+00:00,published,,https://www.nexusmods.com/baldursgate3/mods/12099,12099,12099
2,Missed Connections - Shadowheart - Truly Connect,HyperspaceTowel,Gameplay,1.0.0.1,225,2025-07-02T03:12:45.000+00:00,published,,https://www.nexusmods.com/baldursgate3/mods/17359,17359,17359
2,Faces of Faerun - Unique Tav Patch,Astralities and Aloija,Character Customisation,1.0,223,2025-06-17T04:12:50.000+00:00,published,,https://www.nexusmods.com/baldursgate3/mods/17190,17190,17190
2,The Zhentarim Redone - The Black Company,PoisonValentineXIII,Visuals,1.0.0.17,222,2025-08-14T22:05:58.000+00:00,published,,https://www.nexusmods.com/baldursgate3/mods/17573,17573,17573
2,Orchid Fall Dress,Ninu,Armor,1.5.2,221,2025-11-19T17:30:27.000+00:00,published,,https://www.nexusmods.com/baldursgate3/mods/13656,13656,13656
2,Heads for Body Type 1 By CobraChai,CobraChai,Character Customisation,1,221,2025-04-25T09:14:10.000+00:00,published,,https://www.nexusmods.com/baldursgate3/mods/14303,14303,14303
2,Jules' Tattoos 1,cedastarions,Character Customisation,1.0,221,2025-07-13T21:49:09.000+00:00,published,,https://www.nexusmods.com/baldursgate3/mods/17555,17555,17555
2,Mercurial Visage - Photo Mode Expressions,Forosnai,Photo Mode,1.0.0,220,2025-07-27T10:55:32.000+00:00,published,,https://www.nexusmods.com/baldursgate3/mods/17781,17781,17781
2,Kombat Overhaul (Accurated Damage-Healing and Less RNG),Vargr_Nekrodes,Gameplay,1.2.0,219,2023-10-05T13:13:42.000+00:00,published,,https://www.nexusmods.com/baldursgate3/mods/2045,2045,2045
2,Darker Shar Temple,Stanto,Visuals,1.0.0.20,218,2024-11-20T01:56:30.000+00:00,published,,https://www.nexusmods.com/baldursgate3/mods/13194,13194,13194
2,Cleric and Domains PHB2024 DnD 5R,ChizFreak,Classes,4.8.1,218,2026-06-26T06:20:51.000+00:00,published,,https://www.nexusmods.com/baldursgate3/mods/13701,13701,13701
2,The Pugilist,Green Ninja757,Classes,1.01,217,2024-03-13T06:24:47.000+00:00,published,,https://www.nexusmods.com/baldursgate3/mods/7753,7753,7753
2,Barbarian Quality of Life,Armarui,Classes,1.2.0,217,2024-04-02T22:46:07.000+00:00,published,,https://www.nexusmods.com/baldursgate3/mods/8350,8350,8350
2,Platonic Halsin - No Confession or Shy Halsin Versions,Kelocena,Companions,2.0.0,217,2025-11-01T20:57:04.000+00:00,published,,https://www.nexusmods.com/baldursgate3/mods/18583,18583,18583
2,Mori's Astral Elves,bombasticmori,Races,1.3,216,2024-03-21T04:22:13.000+00:00,published,,https://www.nexusmods.com/baldursgate3/mods/7718,7718,7718
2,College of Dance - Bard Subclass PHB2024 DnD 5R,ChizFreak,Classes,3.1.2,216,2026-05-07T15:53:11.000+00:00,published,,https://www.nexusmods.com/baldursgate3/mods/12558,12558,12558
2,Hairtrix - Kpop Huntrix inspired Hair Pack,E-M-P,Character Customisation,1.0,216,2025-08-16T13:01:02.000+00:00,published,,https://www.nexusmods.com/baldursgate3/mods/17836,17836,17836
2,JWL Deck of Many Things,Jewels,Spells,1.2.1.0,214,2024-04-09T04:03:57.000+00:00,published,,https://www.nexusmods.com/baldursgate3/mods/7820,7820,7820
2,True ReShade,Kuar,Visuals,0.0.2,214,2025-04-21T23:26:09.000+00:00,published,,https://www.nexusmods.com/baldursgate3/mods/15918,15918,15918
2,Iron Throne Rescue Extended,SwissFred,Gameplay,2.0.8.16,214,2025-06-22T09:57:07.000+00:00,published,,https://www.nexusmods.com/baldursgate3/mods/16493,16493,16493
2,Aylin Takes off Her Helmet in Camp,whatsontheflip,Visuals,1.0.0.4,214,2025-06-14T04:21:01.000+00:00,published,,https://www.nexusmods.com/baldursgate3/mods/16628,16628,16628
2,Amara Hairstyle,lilith,Character Customisation,1.0,214,2025-06-06T16:52:24.000+00:00,published,,https://www.nexusmods.com/baldursgate3/mods/16881,16881,16881
2,Tutorial Chest Mover,Kaz,Gameplay,1.0.0,214,2025-06-05T00:24:52.000+00:00,published,,https://www.nexusmods.com/baldursgate3/mods/17004,17004,17004
2,Gojo and Sukuna Subclasses,Harpsy22,Classes,1.1.0.8,213,2025-09-06T03:46:17.000+00:00,published,,https://www.nexusmods.com/baldursgate3/mods/11484,11484,11484
2,Auntie Ethel Edits - Lady of the Swamp,PoisonValentineXIII,Visuals,1.0.0.1,213,2025-06-29T06:59:21.000+00:00,published,,https://www.nexusmods.com/baldursgate3/mods/17288,17288,17288
2,Book of Druids - 5e Druid Subclasses (Nexus-Exclusive Version),IncogneatoBurrito,Classes,1.0.0.9,213,2025-10-24T06:54:13.000+00:00,published,,https://www.nexusmods.com/baldursgate3/mods/17722,17722,17722
2,Lighting Template Fixes,gosh,Visuals,1.0.0.8,212,2025-10-19T22:24:35.000+00:00,published,,https://www.nexusmods.com/baldursgate3/mods/18652,18652,18652
2,The Urge to Pose,CatastrophicalCat,Photo Mode,1.0.0.5,211,2025-06-11T13:10:49.000+00:00,published,,https://www.nexusmods.com/baldursgate3/mods/16987,16987,16987
2,Twunk Tav - Muscular T2 Body,Forosnai,Character Customisation,1.1.6,211,2026-03-20T17:18:12.000+00:00,published,,https://www.nexusmods.com/baldursgate3/mods/17360,17360,17360
2,Mizora's Horns,Midnight Voyager,Character Customisation,3.1,210,2024-09-18T22:59:20.000+00:00,published,,https://www.nexusmods.com/baldursgate3/mods/3589,3589,3589
2,The Vampire Class (Early WIP),Yoesph and Zoodud254,Classes,0.0.4,209,2024-04-10T23:07:48.000+00:00,published,,https://www.nexusmods.com/baldursgate3/mods/8328,8328,8328
2,The Sorcubus Class,TheCheeseman83,Classes,3.2.2.0,209,2025-10-19T22:36:57.000+00:00,published,,https://www.nexusmods.com/baldursgate3/mods/16950,16950,16950
2,Sokushi Katana,Euv533,Weapons,7.0.1.12,208,2025-03-25T23:14:39.000+00:00,published,,https://www.nexusmods.com/baldursgate3/mods/2055,2055,2055
2,Aradin and Crew Redone - The Beno Boys,PoisonValentineXIII,Visuals,1.0.0.1,208,2025-06-09T21:22:51.000+00:00,published,,https://www.nexusmods.com/baldursgate3/mods/17078,17078,17078
2,Surgeon Class Mod - Homebrew by Babbo,GentlemanBabbo,Classes,V1.0.6,207,2024-02-01T19:58:52.000+00:00,published,,https://www.nexusmods.com/baldursgate3/mods/6111,6111,6111
2,Tieflings Redone - Survivors of Elturel's Descent,PoisonValentineXIII,Visuals,1.0.0.14,207,2025-08-14T19:35:54.000+00:00,published,,https://www.nexusmods.com/baldursgate3/mods/17909,17909,17909
2,Summon the Gods and Devils to aid you,me,Gameplay,0.2,206,2025-09-16T18:39:13.000+00:00,published,,https://www.nexusmods.com/baldursgate3/mods/5900,5900,5900
2,Goggles (with Variants),Paisley Park,Equipment,1,206,2025-03-26T20:35:43.000+00:00,published,,https://www.nexusmods.com/baldursgate3/mods/6130,6130,6130
2,Ulder Ravengard Redone - Grand Marshall of the Gate,PosionvalentineXIII - CITYMADMAXX,Visuals,1.0.0.2,206,2025-07-26T11:01:15.000+00:00,published,,https://www.nexusmods.com/baldursgate3/mods/16906,16906,16906
2,The Gur Redone - Monster Hunters of the Sword Coast,PosionvalentineXIII,Visuals,1.0.0.5,205,2025-08-14T18:08:22.000+00:00,published,,https://www.nexusmods.com/baldursgate3/mods/17762,17762,17762
2,Tabatha Eyes,tabatha,Character Customisation,1.0.0.59,205,2026-03-21T05:42:38.000+00:00,published,,https://www.nexusmods.com/baldursgate3/mods/17880,17880,17880
2,Summer Dresses and Accessories Pack,Lynia,Clothing,1.0,205,2025-08-15T14:58:19.000+00:00,published,,https://www.nexusmods.com/baldursgate3/mods/18156,18156,18156
2,Monk- Way of Springtime,khbsd,Classes,1.08,204,2024-09-04T23:06:43.000+00:00,published,,https://www.nexusmods.com/baldursgate3/mods/3605,3605,3605
2,Ritualist Class - Homebrew,Azhadi,Classes,2.7,204,2024-07-19T15:35:31.000+00:00,published,,https://www.nexusmods.com/baldursgate3/mods/5869,5869,5869
2,Vampire Lord Astarion - Epilogue Party Affection Dialog,Moxi,Miscellaneous,1.0.0,204,2024-09-24T08:46:22.000+00:00,published,,https://www.nexusmods.com/baldursgate3/mods/12475,12475,12475
2,Ghouls Haunting Horns,Ghouls0Rules,Character Customisation,1,204,2025-04-20T12:44:20.000+00:00,published,,https://www.nexusmods.com/baldursgate3/mods/15920,15920,15920
2,Battle Master Armor,brandon17,Equipment,1.0,203,2020-11-03T22:49:39.000+00:00,published,,https://www.nexusmods.com/baldursgate3/mods/86,86,86
2,Immersive Reading,lexo1000,User Interface,3.3.1,203,2026-04-27T11:36:43.000+00:00,published,,https://www.nexusmods.com/baldursgate3/mods/7704,7704,7704
2,Necrotic Nightmare - Necrotic Dice Set,Moonlilia,Dice,1.0,203,2024-06-16T13:27:19.000+00:00,published,,https://www.nexusmods.com/baldursgate3/mods/9789,9789,9789
2,Anders Crew Redone - True Paladins of Tyr,PoisonValentineXIII,Visuals,1.0.1.8,203,2025-08-14T20:49:21.000+00:00,published,,https://www.nexusmods.com/baldursgate3/mods/16696,16696,16696
2,Auto Read Books,Eruptor5,Gameplay,1.4.0,202,2026-02-18T16:13:02.000+00:00,published,,https://www.nexusmods.com/baldursgate3/mods/17717,17717,17717
2,Witch Knight - Fighter Subclass,Lumaterian,Classes,1.8.0,201,2025-10-25T12:51:01.000+00:00,published,,https://www.nexusmods.com/baldursgate3/mods/7984,7984,7984
2,Planetouched - Homebrew Race,Lyra,Races,1.0.0.0,201,2024-08-30T22:21:22.000+00:00,published,,https://www.nexusmods.com/baldursgate3/mods/9053,9053,9053
2,Ghoul Touch - Necrotic Finesse Weapons,koboldJuno,Weapons,2.0,201,2024-08-24T13:33:38.000+00:00,published,,https://www.nexusmods.com/baldursgate3/mods/11095,11095,11095
2,Act 1 and Act 3 Night Mode,0CH,Visuals,4.0.0,201,2025-07-10T14:23:13.000+00:00,published,,https://www.nexusmods.com/baldursgate3/mods/13084,13084,13084
2,All-In-One Collector Total (Auto Loot),SwissFred,Gameplay,3.3.8.0,201,2026-03-06T20:15:54.000+00:00,published,,https://www.nexusmods.com/baldursgate3/mods/17089,17089,17089
2,Dror Aggrn't - No more hostile goblin camp,Nikjima,Gameplay,1.0.0.3,201,2025-09-07T15:28:51.000+00:00,published,,https://www.nexusmods.com/baldursgate3/mods/18507,18507,18507
2,Viconia DeVir Redone - The Harbinger of Darkness,PosionvalentineXIII - CITYMADMAXX,Visuals,1.0.0.3,201,2025-12-20T14:33:24.000+00:00,published,,https://www.nexusmods.com/baldursgate3/mods/19774,19774,19774
2,Crom Faeyr - Legendary Maul for the Tempest Cleric (Or Anyone Really),Archigos,Equipment,2.1,200,2024-12-04T19:10:57.000+00:00,published,,https://www.nexusmods.com/baldursgate3/mods/5508,5508,5508
2,Shadowheart Sharran Face Tattoo,FaronSkully,Companions,2.0,200,2026-05-28T07:54:10.000+00:00,published,,https://www.nexusmods.com/baldursgate3/mods/11946,11946,11946
2,Resurrected - Rogue Subclass and Eldritch Invocations,xarara,Classes,3.01,199,2025-07-18T23:52:06.000+00:00,published,,https://www.nexusmods.com/baldursgate3/mods/10752,10752,10752
2,Demigod Class,DeanEnterprise,Classes,1.7.1,199,2024-10-07T21:02:28.000+00:00,published,,https://www.nexusmods.com/baldursgate3/mods/11599,11599,11599
2,Shadow Blade BUGFIXES,ChizFreak,Gameplay,2.0,199,2025-04-18T18:26:14.000+00:00,published,,https://www.nexusmods.com/baldursgate3/mods/15867,15867,15867
2,Pyramids Of Teleport,SFR,Gameplay,7.2.8.2,198,2026-02-27T21:19:47.000+00:00,published,,https://www.nexusmods.com/baldursgate3/mods/2672,2672,2672
2,The Chosen of Bhaal - Ability Pack,blackhand13,Gameplay,1.0,198,2024-06-09T23:37:48.000+00:00,published,,https://www.nexusmods.com/baldursgate3/mods/9796,9796,9796
2,Ember's Lute (Celestial Instruments),Ariefel,Visuals,v2.2.5.2,198,2026-03-29T18:33:54.000+00:00,published,,https://www.nexusmods.com/baldursgate3/mods/12559,12559,12559
2,Psychic Armory,JL935,Armor,2.1.0,198,2025-11-16T05:26:31.000+00:00,published,,https://www.nexusmods.com/baldursgate3/mods/14476,14476,14476
2,Lae'zel Kiss Dialogue,Sinus23,Companions,1.0.0.4,198,2025-09-23T08:33:52.000+00:00,published,,https://www.nexusmods.com/baldursgate3/mods/17523,17523,17523
2,Visual Auras for Paladins,ChizFreak,Visuals,4.0.0,197,2025-10-17T06:25:46.000+00:00,published,,https://www.nexusmods.com/baldursgate3/mods/13638,13638,13638
2,FF7 Buster Sword,Jenix106 and Econometrics,Weapons,1.0,196,2023-11-17T01:50:39.000+00:00,published,,https://www.nexusmods.com/baldursgate3/mods/4300,4300,4300
2,Karlach's New Fit,xJustAdam,Companions,2.0,196,2025-11-04T16:48:23.000+00:00,published,,https://www.nexusmods.com/baldursgate3/mods/14253,14253,14253
2,More Mimics,tripulah,Gameplay,1.2.2.3,195,2025-11-06T00:27:45.000+00:00,published,,https://www.nexusmods.com/baldursgate3/mods/10025,10025,10025
2,Blood in the Water - Pirate Queen SBBF Armor for Bard and Rogue,copperleaves,Armor,1.0.0.40,195,2025-04-28T06:22:03.000+00:00,published,,https://www.nexusmods.com/baldursgate3/mods/15791,15791,15791
2,Counsellor Florrick Redone - Hand of the Archduke,PosionvalentineXIII,Visuals,1.0.0.1,195,2025-08-13T21:40:43.000+00:00,published,,https://www.nexusmods.com/baldursgate3/mods/17006,17006,17006
2,Lucy - A Unique Tiefling Head,Mutlam,Character Customisation,1.2,194,2025-06-22T14:57:24.000+00:00,published,,https://www.nexusmods.com/baldursgate3/mods/17179,17179,17179
2,Strong Ladies head presets,VespertilioArt,Character Customisation,2.0.0.0,193,2026-01-11T10:19:38.000+00:00,published,,https://www.nexusmods.com/baldursgate3/mods/17125,17125,17125
2,Witch class - homebrew,Porridge,Classes,1.9.4,192,2024-02-26T10:35:31.000+00:00,published,,https://www.nexusmods.com/baldursgate3/mods/4734,4734,4734
2,Trader Clutter Begone,Eumeta,Gameplay,1.3.8,192,2025-02-08T05:29:34.000+00:00,published,,https://www.nexusmods.com/baldursgate3/mods/9602,9602,9602
2,-OBSOLETE- Selune's Chosen,spek7re,Equipment,2.4.0.6,192,2024-07-20T07:15:38.000+00:00,published,,https://www.nexusmods.com/baldursgate3/mods/9680,9680,9680
2,The Empress' New Clothes,almasy87,Equipment,2,191,2024-11-04T22:09:46.000+00:00,published,,https://www.nexusmods.com/baldursgate3/mods/8539,8539,8539
2,Rosymorn Dice (No Spoilers),EllieGreenArt,Dice,1.0.1,191,2024-09-05T18:20:22.000+00:00,published,,https://www.nexusmods.com/baldursgate3/mods/8802,8802,8802
2,Call Your Companions,Cheek,Gameplay,1.1.1.2,190,2025-05-29T14:30:49.000+00:00,published,,https://www.nexusmods.com/baldursgate3/mods/14979,14979,14979
2,Polymath - Automated Mod Making,ImADoctorNotA,Resources,2.6.0,189,2024-12-28T01:38:00.000+00:00,published,,https://www.nexusmods.com/baldursgate3/mods/6318,6318,6318
2,Little Dove Pose Pack,LaVakariana,Photo Mode,1.0,189,2025-10-17T17:24:59.000+00:00,published,,https://www.nexusmods.com/baldursgate3/mods/19178,19178,19178
2,DECOR - Dynamic Extender for Custom Object Realizations,Skiz and Satan,Miscellaneous,0.3.0,188,2024-09-02T10:26:53.000+00:00,published,,https://www.nexusmods.com/baldursgate3/mods/8547,8547,8547
2,Loaded Dice,localscoundrel,Gameplay,1.1,188,2025-08-03T11:05:56.000+00:00,published,,https://www.nexusmods.com/baldursgate3/mods/10607,10607,10607
2,Gale Dialogue Delayed - A Companion Immersion Mod - (AKA Gale is NOT Anders),FREAKSnVOLTS,Companions,1.2.1.5,188,2025-06-21T08:12:09.000+00:00,published,,https://www.nexusmods.com/baldursgate3/mods/17193,17193,17193
2,Modular Daisy Outfits,Psychotter,Equipment,1,187,2025-05-07T11:23:54.000+00:00,published,,https://www.nexusmods.com/baldursgate3/mods/6132,6132,6132
2,Stackable ASI Feats - Uncapped Feat Selection and Ability Score Increases,BaldursGoonsack,Gameplay,1.5.0.4,187,2026-01-15T17:15:51.000+00:00,published,,https://www.nexusmods.com/baldursgate3/mods/13238,13238,13238
2,Astarion confession dialogue edit,Hyperspace Towel,Gameplay,1.0.0.0,187,2024-11-30T19:43:09.000+00:00,published,,https://www.nexusmods.com/baldursgate3/mods/14061,14061,14061
2,Wyll's New Fit,xJustAdam,Companions,2.0,187,2025-11-04T16:45:08.000+00:00,published,,https://www.nexusmods.com/baldursgate3/mods/14256,14256,14256
2,Visual Artefact Fix,AIMRYAX,Visuals,1.000,187,2025-07-03T22:19:14.000+00:00,published,,https://www.nexusmods.com/baldursgate3/mods/14841,14841,14841
2,Clean and Furnished - Arcane Tower and Selunite Outpost - Act I,Karalyn,Visuals,1.0,187,2025-06-04T15:35:18.000+00:00,published,,https://www.nexusmods.com/baldursgate3/mods/16995,16995,16995
2,More Options for Barcus Windmill Dialogue,Magnetuning,Gameplay,1.0.0.0,187,2025-12-15T04:17:12.000+00:00,published,,https://www.nexusmods.com/baldursgate3/mods/20134,20134,20134
2,Orin Origin Dark Urge,Elmvick,Companions,1.3.5,186,2026-06-05T07:39:18.000+00:00,published,,https://www.nexusmods.com/baldursgate3/mods/5830,5830,5830
2,Geralt - Henry Cavill T2 and T4,suro,Character Customisation,1.0,186,2025-05-06T23:01:49.000+00:00,published,,https://www.nexusmods.com/baldursgate3/mods/16386,16386,16386
2,Glut's Ring Controlled Followers with  Animating Spores Mushroom Servants,Atamg1994,Gameplay,0.1.2,185,2026-05-19T23:08:15.000+00:00,published,,https://www.nexusmods.com/baldursgate3/mods/10497,10497,10497
2,ThePurpleTie1's - Minthara,ThePurpleTie1,Companions,1.0.2,185,2026-03-20T18:40:33.000+00:00,published,,https://www.nexusmods.com/baldursgate3/mods/13264,13264,13264
2,Monk Amulet Fix,Magnetuning,Animations,1.0.0.0,185,2025-01-27T21:19:28.000+00:00,published,,https://www.nexusmods.com/baldursgate3/mods/14809,14809,14809
2,Armor of the Champion (Dragon Age 2),olddude1993,Armor,1.5.1,185,2025-07-24T08:31:24.000+00:00,published,,https://www.nexusmods.com/baldursgate3/mods/15343,15343,15343
2,Aru Cloth Collection,Aruless,Equipment,1,184,2024-08-01T19:29:33.000+00:00,published,,https://www.nexusmods.com/baldursgate3/mods/10349,10349,10349
2,Minthara - Dirt B Gone,whatsontheflip,Visuals,1.0.0.2,184,2025-06-16T00:36:50.000+00:00,published,,https://www.nexusmods.com/baldursgate3/mods/17070,17070,17070
2,Longstrider AOE - Patch 7 and 8 Compatible,JiMarti,Spells,1.1,183,2024-09-11T13:48:35.000+00:00,published,,https://www.nexusmods.com/baldursgate3/mods/12086,12086,12086
2,Console Commands,Sailor Cat,Gameplay,1.03.00,182,2025-10-29T15:27:30.000+00:00,published,,https://www.nexusmods.com/baldursgate3/mods/9282,9282,9282
2,Femme Githyanki Heads,peppermodsing  Dufresne12  Vemperen  Aloija,Character Customisation,1,182,2024-11-28T05:37:53.000+00:00,published,,https://www.nexusmods.com/baldursgate3/mods/14031,14031,14031
2,Compatibility Framework Patch for Modded Subclasses,ChizFreak,Classes,2.3.2,181,2025-08-03T21:12:02.000+00:00,published,,https://www.nexusmods.com/baldursgate3/mods/17062,17062,17062
2,Squire Evolved,Exaen,Companions,1.0.5.0,181,2026-01-15T02:36:35.000+00:00,published,,https://www.nexusmods.com/baldursgate3/mods/18694,18694,18694
2,Crystallized Horns,lumadaire,Character Customisation,1.0,180,2025-07-16T15:36:34.000+00:00,published,,https://www.nexusmods.com/baldursgate3/mods/17623,17623,17623
2,Ketheric Thorm Redone - Reithwin's Fallen Glory,PoisonValentineXIII,Visuals,1.0.0.2,180,2025-08-09T09:52:16.000+00:00,published,,https://www.nexusmods.com/baldursgate3/mods/18036,18036,18036
2,Quothe Evolved,Exaen,Companions,1.1.0.0,180,2026-06-13T11:47:11.000+00:00,published,,https://www.nexusmods.com/baldursgate3/mods/18472,18472,18472
2,Action Resource Passives,Cross67,Utilities,1.7.0,179,2025-09-30T02:43:07.000+00:00,published,,https://www.nexusmods.com/baldursgate3/mods/8913,8913,8913
2,Zevlor Redone - The Exiled Hellrider Commander,PosionvalentineXIII,Visuals,1.0.0.12,179,2025-08-14T17:56:02.000+00:00,published,,https://www.nexusmods.com/baldursgate3/mods/17034,17034,17034
2,Female Drider Head,ALX,Character Customisation,2.0.0,179,2026-03-28T01:51:53.000+00:00,published,,https://www.nexusmods.com/baldursgate3/mods/17275,17275,17275
2,Book of Sorcerers - 5e Sorcerer Subclasses,IncogneatoBurrito,Classes,1.0.1.13,179,2026-03-31T06:20:56.000+00:00,published,,https://www.nexusmods.com/baldursgate3/mods/18777,18777,18777
2,Troubadour,Celes,Classes,1.1.0.1,178,2025-06-11T02:12:25.000+00:00,published,,https://www.nexusmods.com/baldursgate3/mods/472,472,472
2,FF Gunblade,Valin000 - Kharneth,Weapons,1.0,178,2024-09-01T10:26:23.000+00:00,published,,https://www.nexusmods.com/baldursgate3/mods/11928,11928,11928
2,Missed Connections - Shadowheart,HyperspaceTowel,Gameplay,2.0.0.1,178,2025-09-08T21:43:17.000+00:00,published,,https://www.nexusmods.com/baldursgate3/mods/15272,15272,15272
2,Leathers of the Vagabond,Volno,Armor,1.0.0.18,178,2025-11-08T10:27:25.000+00:00,published,,https://www.nexusmods.com/baldursgate3/mods/16284,16284,16284
2,Menswear of Menzoberranzan,faceplug,Armor,1.0.0.23,178,2025-08-16T23:07:54.000+00:00,published,,https://www.nexusmods.com/baldursgate3/mods/17736,17736,17736
2,Varscona,Ambaryerno,Weapons,1.0.2.0,177,2025-04-18T03:12:02.000+00:00,published,,https://www.nexusmods.com/baldursgate3/mods/2785,2785,2785
2,No Helmet Hair or Baldness for Headwear (Hats - Hoods - Helmets),Paisley Park,Gameplay,1,177,2025-05-31T18:34:16.000+00:00,published,,https://www.nexusmods.com/baldursgate3/mods/8229,8229,8229
2,Fizbans Treasury of Dragons - Dragonborn - Patch7Ready,Original mod by 3XC4L1B3R - patch 7 fix by Lykon,Races,0.0.0.4-Patch7Fix,177,2024-09-14T12:48:37.000+00:00,published,,https://www.nexusmods.com/baldursgate3/mods/12177,12177,12177
2,Best Boy Can Dig -  Scratch Shovel,almasy87,Miscellaneous,1,177,2024-12-25T21:54:42.000+00:00,published,,https://www.nexusmods.com/baldursgate3/mods/14004,14004,14004
2,Shadow Walker Armor Set,Mysterious187,Armor,2.0,177,2025-09-26T22:28:42.000+00:00,published,,https://www.nexusmods.com/baldursgate3/mods/14919,14919,14919
2,Backgrounds that look like walls or walls that look like backgrounds,rakor,Photo Mode,1.5.2,177,2026-01-15T23:18:16.000+00:00,published,,https://www.nexusmods.com/baldursgate3/mods/14999,14999,14999
2,Gith Head By Binkles,Binkerlide,Character Customisation,1.3.0,176,2026-01-06T20:58:02.000+00:00,published,,https://www.nexusmods.com/baldursgate3/mods/20214,20214,20214
2,Dragonborn Style Voice Preset for Tav (AI),Xiaokuii,Audio,1.0,175,2025-04-30T19:47:22.000+00:00,published,,https://www.nexusmods.com/baldursgate3/mods/2344,2344,2344
2,Avatar Shenanigans - Companion Avatars Unlocking Origin Story Content,Moxi,Gameplay,1.0.0,175,2024-12-09T05:37:59.000+00:00,published,,https://www.nexusmods.com/baldursgate3/mods/14177,14177,14177
2,Lightbringer- A Paladin Overhaul,Astralities and EthicalCrusader,Classes,1.75,174,2024-06-04T01:32:31.000+00:00,published,,https://www.nexusmods.com/baldursgate3/mods/6637,6637,6637
2,Coven of the Underdark - Vampiric Drow Subrace,Dessa,Races,1.0.0.1,174,2024-07-13T16:59:10.000+00:00,published,,https://www.nexusmods.com/baldursgate3/mods/10456,10456,10456
2,Fangs And Skulls  - released April 2025 - patch 8 OK,kalidor86,Maps,1.0.0.19,174,2025-09-08T17:35:39.000+00:00,published,,https://www.nexusmods.com/baldursgate3/mods/10618,10618,10618
2,Electric Guitar Mod,NovakL,Equipment,1.0,174,2024-08-31T06:35:30.000+00:00,published,,https://www.nexusmods.com/baldursgate3/mods/11700,11700,11700
2,A Song of Ice and Fire Pose Pack,theladyofloss,Photo Mode,V2,174,2025-07-24T02:53:07.000+00:00,published,,https://www.nexusmods.com/baldursgate3/mods/17755,17755,17755
2,Increasingly Likely Wild Magic Surge,Nattern,Gameplay,1.0.0.0,173,2024-08-07T08:52:27.000+00:00,published,,https://www.nexusmods.com/baldursgate3/mods/9603,9603,9603
2,Loot From Chasms,veenab,Miscellaneous,1.4.0,173,2026-06-17T22:02:42.000+00:00,published,,https://www.nexusmods.com/baldursgate3/mods/10262,10262,10262
2,The Celestial - Warlock Subclass,Lumaterian,Classes,1.3.0,173,2025-12-02T01:55:20.000+00:00,published,,https://www.nexusmods.com/baldursgate3/mods/11561,11561,11561
2,Where's my Hat - Kissing Dialogue Fix,Kascayde,Animations,1.0.0.0,173,2025-05-08T21:00:16.000+00:00,published,,https://www.nexusmods.com/baldursgate3/mods/16418,16418,16418
2,Perform Voice (Music) - Sing the bard songs,Gr8a,Audio,1.0,172,2024-07-30T03:26:22.000+00:00,published,,https://www.nexusmods.com/baldursgate3/mods/8574,8574,8574
2,The Alchemist,TheLightKeeperNZ,Classes,2.0.0.20,172,2026-05-27T00:56:08.000+00:00,published,,https://www.nexusmods.com/baldursgate3/mods/14175,14175,14175
2,Book of Wizards - 5e Wizard Subclasses (Nexus Version),IncogneatoBurrito,Classes,1.0.0.5,172,2025-10-27T20:17:02.000+00:00,published,,https://www.nexusmods.com/baldursgate3/mods/18653,18653,18653
2,Character Tag Ring,TheCobaltCactus,Character Customisation,1.0.2.1,171,2025-11-08T22:17:13.000+00:00,published,,https://www.nexusmods.com/baldursgate3/mods/16380,16380,16380
2,Aylin - Dirt B Gone,whatsontheflip,Visuals,2.0.0.7,170,2025-06-02T10:50:20.000+00:00,published,,https://www.nexusmods.com/baldursgate3/mods/16378,16378,16378
2,Oathbreaker Reborn - Paladin Subclass Redesign,K_Constantine and faceplug,Classes,2.0.4,170,2025-12-07T11:58:20.000+00:00,published,,https://www.nexusmods.com/baldursgate3/mods/17479,17479,17479
2,Thorn Whip (Enhanced),Easter975,Spells,1.1,169,2025-12-14T18:13:48.000+00:00,published,,https://www.nexusmods.com/baldursgate3/mods/1479,1479,1479
2,Pernicious Thread - Necromancy Spell,Sailor Cat,Spells,1.01.01,169,2026-05-30T18:42:11.000+00:00,published,,https://www.nexusmods.com/baldursgate3/mods/8733,8733,8733
2,Traps Begone,SFR,Gameplay,3.0.8.2,169,2025-06-03T12:36:24.000+00:00,published,,https://www.nexusmods.com/baldursgate3/mods/10648,10648,10648
2,Lydia's Heads - We Have Frieren At Home,Lydia,Character Customisation,1.4,169,2026-03-12T16:59:05.000+00:00,published,,https://www.nexusmods.com/baldursgate3/mods/15527,15527,15527
2,Deadlier Honour Mode,0CH,Gameplay,1.2.1.223,168,2026-02-11T22:24:54.000+00:00,published,,https://www.nexusmods.com/baldursgate3/mods/13625,13625,13625
2,Traps Begone V2,SwissFred,Gameplay,5.2.8.18,168,2026-05-21T17:04:31.000+00:00,published,,https://www.nexusmods.com/baldursgate3/mods/15354,15354,15354
2,Song of the Sea - Merfolk Race,Medusae,Races,1.5.6,168,2026-04-17T17:28:50.000+00:00,published,,https://www.nexusmods.com/baldursgate3/mods/15919,15919,15919
2,Lost Shipment - Equipment for Clawstep,AkELkA,Armor,1.0.0.7,168,2025-10-27T02:39:54.000+00:00,published,,https://www.nexusmods.com/baldursgate3/mods/16546,16546,16546
2,Flame Blade and Shadow Blade VFX Replacers,faceplug,Visuals,1.0.0.6,168,2025-07-25T15:24:42.000+00:00,published,,https://www.nexusmods.com/baldursgate3/mods/17357,17357,17357
2,DWR F Head 6 for Other Races,invisi-bee,Character Customisation,2.1.0,167,2024-10-07T02:37:12.000+00:00,published,,https://www.nexusmods.com/baldursgate3/mods/2699,2699,2699
2,Origin-themed Footwear,koboldJuno,Equipment,1.0,167,2024-10-18T13:07:31.000+00:00,published,,https://www.nexusmods.com/baldursgate3/mods/13160,13160,13160
2,Poesielibre's Metallic and Glossy Face Tattoos,Poesielibre,Character Customisation,1.,167,2025-05-25T23:03:16.000+00:00,published,,https://www.nexusmods.com/baldursgate3/mods/14027,14027,14027
2,Metamagic Compatibility Patch,xarara,Spells,4.0,166,2025-05-28T20:33:16.000+00:00,published,,https://www.nexusmods.com/baldursgate3/mods/5674,5674,5674
2,Cosmic Sorcery,CamTheLitFam,Classes,6.9.0.0,166,2025-06-28T00:08:40.000+00:00,published,,https://www.nexusmods.com/baldursgate3/mods/13946,13946,13946
2,Volothamp Geddarm Edits - The Greatest Guide Writer,PoisonValentineXIII,Visuals,1.0.0.2,166,2025-08-28T06:39:08.000+00:00,published,,https://www.nexusmods.com/baldursgate3/mods/18372,18372,18372
2,Immersive French Localization,lexo1000,User Interface,10.0,165,2026-04-16T22:10:07.000+00:00,published,,https://www.nexusmods.com/baldursgate3/mods/528,528,528
2,Scarlet Witch's Crown (PATCH7READY),wandastan26,Equipment,1.4,165,2024-09-18T04:52:28.000+00:00,published,,https://www.nexusmods.com/baldursgate3/mods/9127,9127,9127
2,Savage Attacker Variants - Unarmed Spell Ranged and Thrown,BaldursGoonsack,Gameplay,1.1.0.0,165,2026-01-15T21:15:02.000+00:00,published,,https://www.nexusmods.com/baldursgate3/mods/11834,11834,11834
2,QoL and Extras - Load Order,Saigofu,Utilities,56,165,2026-06-21T11:22:10.000+00:00,published,,https://www.nexusmods.com/baldursgate3/mods/13773,13773,13773
2,Forsaken - Custom Campaign,SquallyDaBeanz,Maps,0.1.2,165,2025-05-24T15:36:08.000+00:00,published,,https://www.nexusmods.com/baldursgate3/mods/14844,14844,14844
2,Deity Expansion,MaxStrengthWizard KiwiLifter,Character Customisation,3.2.1.3,165,2026-04-15T14:39:11.000+00:00,published,,https://www.nexusmods.com/baldursgate3/mods/19488,19488,19488
2,BG3 Creator's Cauldron,Keefr,Resources,1.0,164,2023-09-07T23:34:29.000+00:00,published,,https://www.nexusmods.com/baldursgate3/mods/1808,1808,1808
2,True Range - 5e RAW,jjdoorframe,Gameplay,1.1.0.0,164,2025-01-04T15:26:05.000+00:00,published,,https://www.nexusmods.com/baldursgate3/mods/14441,14441,14441
2,Umbral Archer - Ranger subclass,Siael,Classes,1.5.2,164,2026-06-27T16:52:18.000+00:00,published,,https://www.nexusmods.com/baldursgate3/mods/14971,14971,14971
2,Sit on the Ground,TLG53787,Gameplay,1.0.3.6,163,2026-06-21T19:51:19.000+00:00,published,,https://www.nexusmods.com/baldursgate3/mods/12674,12674,12674
2,Succubus Class,Eclip5e,Classes,1.0.0.9,163,2025-04-18T12:17:32.000+00:00,published,,https://www.nexusmods.com/baldursgate3/mods/14980,14980,14980
2,Total AI Control - Fully AI Companion v2,rbaker,Gameplay,1.8.8,163,2025-07-24T17:43:08.000+00:00,published,,https://www.nexusmods.com/baldursgate3/mods/15251,15251,15251
2,No More Sorcerous Sundries Magic Show,Magnetuning,Miscellaneous,1.0.0.0,163,2025-07-24T22:18:40.000+00:00,published,,https://www.nexusmods.com/baldursgate3/mods/17766,17766,17766
2,The Phantom of Baldur's Gate,almasy87,Audio,2,162,2025-04-25T23:21:28.000+00:00,published,,https://www.nexusmods.com/baldursgate3/mods/5402,5402,5402
2,Paladin and Oaths DnD 5R PHB2024,ChizFreak,Classes,6.2.1,162,2026-05-14T13:25:54.000+00:00,published,,https://www.nexusmods.com/baldursgate3/mods/16065,16065,16065
2,Alchemy Better Descriptions,SwissFred,Gameplay,2.0.8.12,162,2026-01-17T14:51:40.000+00:00,published,,https://www.nexusmods.com/baldursgate3/mods/20254,20254,20254
2,5R Starry Wisp (dnd 5e 2024 PHB),ShadyDax,Spells,1.3.0.0,161,2026-06-14T03:19:45.000+00:00,published,,https://www.nexusmods.com/baldursgate3/mods/11464,11464,11464
2,Comfortable Sleep by Doya Solutions,Doya Solutions,Miscellaneous,1.0.0.1,161,2025-01-24T21:31:01.000+00:00,published,,https://www.nexusmods.com/baldursgate3/mods/14726,14726,14726
2,Tusk Evolved,Exaen,Companions,2.0.1.0,161,2026-06-25T19:05:32.000+00:00,published,,https://www.nexusmods.com/baldursgate3/mods/18175,18175,18175
2,BT1 Head Presets,suro,Character Customisation,1.0,161,2026-01-21T22:27:35.000+00:00,published,,https://www.nexusmods.com/baldursgate3/mods/19634,19634,19634
2,Unnerfed Origins,koboldJuno,Companions,2.3.1,161,2026-04-30T08:37:57.000+00:00,published,,https://www.nexusmods.com/baldursgate3/mods/21423,21423,21423
2,Highmost Feats,The Count of Real Numbers,Gameplay,1.10,160,2023-12-12T02:23:13.000+00:00,published,,https://www.nexusmods.com/baldursgate3/mods/3905,3905,3905
2,Origin-themed Handwear,koboldJuno,Equipment,1.0,160,2024-10-18T13:29:10.000+00:00,published,,https://www.nexusmods.com/baldursgate3/mods/13161,13161,13161
2,Reforged Assets DMH- Dark Urge Dragonborn CC,AkELkA,Character Customisation,1.0.0.10,160,2026-03-26T22:17:33.000+00:00,published,,https://www.nexusmods.com/baldursgate3/mods/13314,13314,13314
2,Goon's Companion Protection,BaldursGoonsack and Nzx,Gameplay,2.1.0.0,160,2026-06-08T14:49:24.000+00:00,published,,https://www.nexusmods.com/baldursgate3/mods/14396,14396,14396
2,TradersLoot,VikiModz,Gameplay,1,160,2025-01-23T20:46:58.000+00:00,published,,https://www.nexusmods.com/baldursgate3/mods/14760,14760,14760
2,Goon's Spell Overhaul,BaldursGoonsack,Spells,2.1.13.1,160,2026-04-24T03:47:53.000+00:00,published,,https://www.nexusmods.com/baldursgate3/mods/15481,15481,15481
2,Seam Mender - Dragonborn Texture fix,AkELkA,Character Customisation,1.0.0.2,160,2026-01-09T19:18:45.000+00:00,published,,https://www.nexusmods.com/baldursgate3/mods/19216,19216,19216
2,Mizora's Rewards - More Warlock Invocations,malonkey1,Classes,1.0.0.6,159,2025-09-26T03:21:15.000+00:00,published,,https://www.nexusmods.com/baldursgate3/mods/17046,17046,17046
2,The Drow Twins Edits - Finest of Sharess's Caress,PoisonValentineXIII,Visuals,1.0.0.3,159,2025-09-17T08:15:46.000+00:00,published,,https://www.nexusmods.com/baldursgate3/mods/18687,18687,18687
2,Spicy Time Pose Pack,rdekarios,Photo Mode,1,159,2025-11-15T19:17:30.000+00:00,published,,https://www.nexusmods.com/baldursgate3/mods/19567,19567,19567
2,Bambi's Zafira,Bambi,Character Customisation,1.0,159,2026-02-12T00:58:47.000+00:00,published,,https://www.nexusmods.com/baldursgate3/mods/20352,20352,20352
2,Bambi's Antonella,Bambi,Character Customisation,1.0,159,2026-03-11T13:20:12.000+00:00,published,,https://www.nexusmods.com/baldursgate3/mods/20905,20905,20905
2,Siggi's Tav Voice 8 Dark Urge Point-and-Click Dialogue Fixer,0Siggi,Audio,1.0.1,158,2024-05-15T04:35:36.000+00:00,published,,https://www.nexusmods.com/baldursgate3/mods/9499,9499,9499
2,All classes get gods -deities god deity for all-,termin8torr,Gameplay,1.0.0,158,2024-09-23T00:28:28.000+00:00,published,,https://www.nexusmods.com/baldursgate3/mods/12433,12433,12433
2,Skull and Bones Body Tattoos,Mad Micky,Character Customisation,1.00,158,2025-12-28T18:00:19.000+00:00,published,,https://www.nexusmods.com/baldursgate3/mods/15533,15533,15533
2,Display Status Immunities,KowboyBebop,User Interface,1.4.1,158,2026-01-25T12:48:50.000+00:00,published,,https://www.nexusmods.com/baldursgate3/mods/17976,17976,17976
2,NoVFX,robogena,Visuals,2.5,157,2026-04-21T05:50:15.000+00:00,published,,https://www.nexusmods.com/baldursgate3/mods/13431,13431,13431
2,Servant of Lolth - Spider Queen Gear - Weapons - Armor - Jewelry,copperleaves,Armor,1.0.0.26,157,2025-12-28T23:26:53.000+00:00,published,,https://www.nexusmods.com/baldursgate3/mods/15425,15425,15425
2,Disable Reset Tutorials Popup,vyrelis,User Interface,v1.1,157,2025-08-02T03:51:33.000+00:00,published,,https://www.nexusmods.com/baldursgate3/mods/17933,17933,17933
2,Counsellor Florrick Redux - Overseer of the Dukesguard,PoisonValentineXIII,Visuals,1.0.0.14,157,2026-01-26T23:18:10.000+00:00,published,,https://www.nexusmods.com/baldursgate3/mods/19589,19589,19589
2,True Animate Dead,SonicaKP,Spells,1.0,156,2023-10-14T13:21:11.000+00:00,published,,https://www.nexusmods.com/baldursgate3/mods/3003,3003,3003
2,Elminster Aumar Edits - The Great Flame of the Shadowdale,PoisonValentineXIII,Visuals,1.0.0.3,156,2025-09-23T07:23:42.000+00:00,published,,https://www.nexusmods.com/baldursgate3/mods/18738,18738,18738
2,Ezuneo's Face Horns and Feathers,Ezu,Character Customisation,1.1,156,2026-02-21T09:53:24.000+00:00,published,,https://www.nexusmods.com/baldursgate3/mods/18990,18990,18990
2,Throw Trajectory (Path is interrupted fix),DDanDev,Gameplay,1.0.0,155,2024-11-11T02:10:16.000+00:00,published,,https://www.nexusmods.com/baldursgate3/mods/13724,13724,13724
2,MsHellspawn's Cute Collars for Catboys and Catgirls,MsHellspawn,Accessories,1.0,155,2024-11-28T05:46:29.000+00:00,published,,https://www.nexusmods.com/baldursgate3/mods/14007,14007,14007
2,Bambi's Rue,bambi,Character Customisation,2.1,155,2026-03-25T15:48:43.000+00:00,published,,https://www.nexusmods.com/baldursgate3/mods/14641,14641,14641
2,Ingredient Collector,SwissFred,Gameplay,2.1.8.0,155,2026-01-28T17:44:41.000+00:00,published,,https://www.nexusmods.com/baldursgate3/mods/15437,15437,15437
2,Bambi's Makeup 1,Bambi,Character Customisation,1.0,155,2026-04-01T20:10:33.000+00:00,published,,https://www.nexusmods.com/baldursgate3/mods/15594,15594,15594
2,Bladesinger DnD 5R PHB2024 Changes,ChizFreak,Classes,2.4.3,155,2026-04-26T12:49:31.000+00:00,published,,https://www.nexusmods.com/baldursgate3/mods/15876,15876,15876
2,Commander Voss Redone - Mha stil'na forjun inyeri,PoisonValentineXIII,Visuals,1.0.0.5,154,2025-10-16T22:58:10.000+00:00,published,,https://www.nexusmods.com/baldursgate3/mods/19176,19176,19176
2,Better Cambion Summon,koboldJuno,Gameplay,1.2,153,2025-04-03T04:34:30.000+00:00,published,,https://www.nexusmods.com/baldursgate3/mods/11683,11683,11683
2,Easy Pickpocket and Steal,ZaAl,Gameplay,1.0.0.9,153,2025-05-02T16:45:54.000+00:00,published,,https://www.nexusmods.com/baldursgate3/mods/14556,14556,14556
2,Progression Preview - Full Class Progressions Shown Ingame,wtfbengt,Utilities,1.3.0.1,153,2026-06-09T21:46:10.000+00:00,published,,https://www.nexusmods.com/baldursgate3/mods/20193,20193,20193
2,Put The Elfsong Back In The Elfsong,Magnetuning,Audio,1.1.0.0,152,2024-10-16T13:47:39.000+00:00,published,,https://www.nexusmods.com/baldursgate3/mods/7272,7272,7272
2,A Bag of Ones Own,glibresult,Equipment,2.2,152,2024-09-13T21:57:46.000+00:00,published,,https://www.nexusmods.com/baldursgate3/mods/9182,9182,9182
2,GearUp,ShaneH,Equipment,2.0.0.57,152,2024-12-15T20:02:09.000+00:00,published,,https://www.nexusmods.com/baldursgate3/mods/13413,13413,13413
2,Tutorial Quick Exit,SwissFred,Gameplay,2.1.8.0,152,2026-05-23T19:32:41.000+00:00,published,,https://www.nexusmods.com/baldursgate3/mods/16625,16625,16625
2,Pluma Celeste - Winged Headdress,BerrySemifreddo,Armor,1.0.0.10,152,2025-07-21T00:58:42.000+00:00,published,,https://www.nexusmods.com/baldursgate3/mods/17695,17695,17695
2,Emberlight Cantrip,FrostShell,Spells,1.1,151,2024-10-06T06:41:18.000+00:00,published,,https://www.nexusmods.com/baldursgate3/mods/12633,12633,12633
2,Valdacil's 5e Spells Adjustment - Up 2 Date addon,PleaseSpareMe,Spells,1.2.0.0,151,2025-04-21T02:22:23.000+00:00,published,,https://www.nexusmods.com/baldursgate3/mods/13853,13853,13853
2,Light Up The Room,c__hampagne,Gameplay,1.0.0.3,151,2025-03-13T11:53:23.000+00:00,published,,https://www.nexusmods.com/baldursgate3/mods/15284,15284,15284
2,Shine Bright Like a Diamond - Dresses for Body Type 1,copperleaves,Clothing,1.0.0.12,151,2025-07-22T06:28:45.000+00:00,published,,https://www.nexusmods.com/baldursgate3/mods/17719,17719,17719
2,Berry's Head - Aureolus,BerrySemifreddo,Character Customisation,1.0.0.2,151,2025-10-25T02:32:00.000+00:00,published,,https://www.nexusmods.com/baldursgate3/mods/18985,18985,18985
2,Loulette Heads - Unique Tav and KAVT Patch,Astralities and Loulette,Character Customisation,1.0,150,2025-05-20T17:52:55.000+00:00,published,,https://www.nexusmods.com/baldursgate3/mods/16720,16720,16720
2,Shea's Wooden Dice Set,SultryShea,Dice,1.0,149,2024-10-02T04:14:25.000+00:00,published,,https://www.nexusmods.com/baldursgate3/mods/12688,12688,12688
2,Slayer Assets DMH - Dark Urge Dragonborn CC,AkELkA,Character Customisation,1.0.0.8,149,2026-03-26T23:07:28.000+00:00,published,,https://www.nexusmods.com/baldursgate3/mods/13530,13530,13530
2,Lydia's Other Heads,Lydia,Character Customisation,1.3,148,2026-05-18T16:52:43.000+00:00,published,,https://www.nexusmods.com/baldursgate3/mods/19040,19040,19040
2,Ranger Kit,spek7re,Equipment,1.4.1.5,147,2024-09-30T20:02:36.000+00:00,published,,https://www.nexusmods.com/baldursgate3/mods/10593,10593,10593
2,Pactbound - A Warlock Overhaul,Oreo,Classes,2.3.1.1,147,2025-05-09T21:10:35.000+00:00,published,,https://www.nexusmods.com/baldursgate3/mods/12618,12618,12618
2,Barcus Wroot Edit - The Unfortunate Gnome's New Threads,PosionvalentineXIII,Visuals,1.0.0.2,147,2025-07-22T14:58:08.000+00:00,published,,https://www.nexusmods.com/baldursgate3/mods/17665,17665,17665
2,Aeterna Amantes Poses by Echo,Echo20,Photo Mode,1.0.0,147,2025-11-21T15:03:04.000+00:00,published,,https://www.nexusmods.com/baldursgate3/mods/19740,19740,19740
2,Femboy body 1 (FB1),Catchiestharpy,Character Customisation,1.1.0,146,2024-10-27T06:46:06.000+00:00,published,,https://www.nexusmods.com/baldursgate3/mods/11823,11823,11823
2,Full Roster Of Gith - Subrace Framework,Frogsquad,Races,1.2,146,2024-10-21T20:01:24.000+00:00,published,,https://www.nexusmods.com/baldursgate3/mods/12135,12135,12135
2,Valkrana's Undead Champion,Sailor Cat,Gameplay,1.02.03,146,2025-12-19T23:43:59.000+00:00,published,,https://www.nexusmods.com/baldursgate3/mods/14954,14954,14954
2,Everyone has gods (Select or change your deity mid game at anytime),Darkynho,Miscellaneous,4.0.0.1,146,2026-01-23T23:50:13.000+00:00,published,,https://www.nexusmods.com/baldursgate3/mods/17047,17047,17047
2,Mystra Edits - The Mother of All Magic,PoisonValentineXIII,Visuals,1.0.0.2,146,2025-08-02T21:37:19.000+00:00,published,,https://www.nexusmods.com/baldursgate3/mods/17954,17954,17954
2,Korilla and Hope Edits - A Family in Flames,PoisonValentineXIII,Visuals,1.0.0.4,146,2025-10-19T01:44:27.000+00:00,published,,https://www.nexusmods.com/baldursgate3/mods/19290,19290,19290
2,Basket Full of Equipment - Barefoot Sound Fix,BakedCookie,Audio,1.1,145,2024-09-09T18:04:30.000+00:00,published,,https://www.nexusmods.com/baldursgate3/mods/12067,12067,12067
2,Arcane Vanguard - Another Battlemage Class,Saethos,Classes,1.5.6.108,145,2026-04-08T13:48:45.000+00:00,published,,https://www.nexusmods.com/baldursgate3/mods/15835,15835,15835
2,Duke Belynne Stelmane Edits - Former Hope of the Gate,PoisonValentineXIII,Visuals,1.0.0.2,145,2025-08-24T13:44:45.000+00:00,published,,https://www.nexusmods.com/baldursgate3/mods/18327,18327,18327
2,Seadragon Assets Vexa - Dragonborn CC,AkELkA,Character Customisation,1.0.0.3,144,2026-04-14T11:11:19.000+00:00,published,,https://www.nexusmods.com/baldursgate3/mods/13659,13659,13659
2,Maybe it's natural maybe it's Poesielibre - Additional natural hair colors,Poesielibre,Character Customisation,1.0,144,2026-01-06T00:05:32.000+00:00,published,,https://www.nexusmods.com/baldursgate3/mods/19276,19276,19276
2,Crystal Crown DMH - Gem Dragonborn CC,AkELkA,Character Customisation,1.0.0.7,143,2026-03-30T16:40:28.000+00:00,published,,https://www.nexusmods.com/baldursgate3/mods/13316,13316,13316
2,DMH Assets Vexa - Dark Urge Dragonborn CC,AkELkA,Character Customisation,1.0.0.6,143,2026-04-14T11:35:13.000+00:00,published,,https://www.nexusmods.com/baldursgate3/mods/13534,13534,13534
2,Executioner Z'rell Edits - Ketheric's Hammer,PoisonValentineXIII,Visuals,1.0.0.1,143,2025-08-07T14:11:07.000+00:00,published,,https://www.nexusmods.com/baldursgate3/mods/18018,18018,18018
2,Seadragon Assets Rathgor - Dragonborn CC,AkELkA,Character Customisation,1.0.0.4,142,2026-04-04T01:36:46.000+00:00,published,,https://www.nexusmods.com/baldursgate3/mods/13661,13661,13661
2,Heads of Crows - Dragon Age The Veilguard Head Pack,Primnose,Character Customisation,2.0,142,2025-09-16T14:56:27.000+00:00,published,,https://www.nexusmods.com/baldursgate3/mods/16994,16994,16994
2,Hallowleafs in Camp,deleted3792625,Gameplay,1.0.0.4,142,2025-07-27T20:23:10.000+00:00,published,,https://www.nexusmods.com/baldursgate3/mods/17838,17838,17838
2,Boo Evolved,Exaen,Companions,2.0.0.0,142,2026-01-22T01:30:18.000+00:00,published,,https://www.nexusmods.com/baldursgate3/mods/18059,18059,18059
2,Halsin Minthara Confrontation CFM Workaround,freshcantaloupe42,Gameplay,1.0.3.158,141,2025-02-09T18:27:03.000+00:00,published,,https://www.nexusmods.com/baldursgate3/mods/14090,14090,14090
2,Oiled Up,willythesailor,Character Customisation,2.2,141,2026-05-24T22:57:31.000+00:00,published,,https://www.nexusmods.com/baldursgate3/mods/15566,15566,15566
2,Deities For All - All Classes Can Choose A Deity,wtfbengt,Classes,1.0,141,2025-10-05T23:39:58.000+00:00,published,,https://www.nexusmods.com/baldursgate3/mods/19020,19020,19020
2,Tatiana CC Head Preset by DeathMetalKitty,DeathMetalKitty,Character Customisation,1.0,141,2026-01-24T07:01:45.000+00:00,published,,https://www.nexusmods.com/baldursgate3/mods/20938,20938,20938
2,DMH Assets Pearl - Dark Urge Dragonborn CC,AkELkA,Character Customisation,1.0.0.6,140,2026-04-14T10:26:24.000+00:00,published,,https://www.nexusmods.com/baldursgate3/mods/13328,13328,13328
2,Anuses (FKA Comprehensive Anatomy),Otruman,Visuals,1.0.0,140,2026-01-12T00:46:33.000+00:00,published,,https://www.nexusmods.com/baldursgate3/mods/14133,14133,14133
2,Cazadora,Aruless,Armor,1.0,140,2025-03-26T23:37:47.000+00:00,published,,https://www.nexusmods.com/baldursgate3/mods/15505,15505,15505
2,Goon's Barbarian Overhaul,BaldursGoonsack,Classes,1.1.3.6,140,2026-05-06T14:05:47.000+00:00,published,,https://www.nexusmods.com/baldursgate3/mods/17654,17654,17654
2,Mantis' Frankenstein Preset Collection (Heads),Mantis,Character Customisation,1.0.0.0,140,2026-01-09T20:20:48.000+00:00,published,,https://www.nexusmods.com/baldursgate3/mods/20594,20594,20594
2,Non-verbal spells,Arkien,Audio,2.0,139,2025-05-19T19:40:28.000+00:00,published,,https://www.nexusmods.com/baldursgate3/mods/2886,2886,2886
2,Spirit Guardians Resized,Qeldrona,Spells,1.2.0.0,139,2025-08-31T02:04:14.000+00:00,published,,https://www.nexusmods.com/baldursgate3/mods/7082,7082,7082
2,Eldritch Fire Dice Set,John Zyxx,Dice,1.0,139,2024-10-13T06:29:31.000+00:00,published,,https://www.nexusmods.com/baldursgate3/mods/13065,13065,13065
2,Lord Astarion's restored neck bite kiss,almasy87,Gameplay,1,139,2025-08-05T22:13:08.000+00:00,published,,https://www.nexusmods.com/baldursgate3/mods/17986,17986,17986
2,Aurora Head,tabatha,Character Customisation,1.0.0.11,139,2025-11-20T17:24:32.000+00:00,published,,https://www.nexusmods.com/baldursgate3/mods/18801,18801,18801
2,beep's new head - repaired,suro,Character Customisation,1.0,139,2025-10-01T20:18:14.000+00:00,published,,https://www.nexusmods.com/baldursgate3/mods/18935,18935,18935
2,Reforged Assets Vexa - Dark Urge Dragonborn CC,AkELkA,Character Customisation,1.0.0.5,138,2026-04-14T11:21:04.000+00:00,published,,https://www.nexusmods.com/baldursgate3/mods/13545,13545,13545
2,Crystal Crown Pearl - Gem Dragonborn CC,AkELkA,Character Customisation,1.0.0.6,137,2026-04-25T14:27:44.000+00:00,published,,https://www.nexusmods.com/baldursgate3/mods/13329,13329,13329
2,Pusheen Camp Gears,BerrySemifreddo,Clothing,1.0.0.3,137,2025-09-13T16:30:13.000+00:00,published,,https://www.nexusmods.com/baldursgate3/mods/18627,18627,18627
2,Sauron Armor,Lord Cobra,Equipment,1.0,136,2024-11-06T07:36:33.000+00:00,published,,https://www.nexusmods.com/baldursgate3/mods/11258,11258,11258
2,Faerie Fire Dice Set,John Zyxx,Dice,1.0,136,2024-10-13T06:19:13.000+00:00,published,,https://www.nexusmods.com/baldursgate3/mods/13064,13064,13064
2,Warlock Class - From World of Warcraft (WoW),Royah97,Classes,03.02.03,136,2026-04-28T20:32:31.000+00:00,published,,https://www.nexusmods.com/baldursgate3/mods/13184,13184,13184
2,Goon's Cleric Overhaul,BaldursGoonsack,Classes,1.0.5.1,136,2026-05-25T15:56:48.000+00:00,published,,https://www.nexusmods.com/baldursgate3/mods/17471,17471,17471
2,Goon's Paladin Overhaul,BaldursGoonsack,Classes,1.1.0.0,136,2026-06-10T12:43:08.000+00:00,published,,https://www.nexusmods.com/baldursgate3/mods/17535,17535,17535
2,Big Spoon x Little Spoon Pose Pack (for Strong x Normal body type couples),Galgant,Photo Mode,1.0,136,2025-10-02T20:14:36.000+00:00,published,,https://www.nexusmods.com/baldursgate3/mods/18957,18957,18957
2,Night's Watch Homebrew Weapon,Orochigago,Weapons,2.7.5,135,2023-12-22T09:18:51.000+00:00,published,,https://www.nexusmods.com/baldursgate3/mods/4403,4403,4403
2,Midnight Elf Preset,LaDameMinuit,Character Customisation,1,135,2026-06-09T03:09:19.000+00:00,published,,https://www.nexusmods.com/baldursgate3/mods/12560,12560,12560
2,Astarion's Stolen Shirt,EmeraldTechno,Clothing,1.0.0,135,2025-09-27T16:03:59.000+00:00,published,,https://www.nexusmods.com/baldursgate3/mods/18882,18882,18882
2,A Candle In The Dark - Custom Companion Jason Altea (Alpha Release),Magnetuning,Companions,1.1.5.2,134,2026-06-24T03:57:05.000+00:00,published,,https://www.nexusmods.com/baldursgate3/mods/10000,10000,10000
2,Y-Shaped Autopsy Scars - for KAVT,celadoneiron - jerinski,Character Customisation,1.0.1,134,2025-06-30T13:58:04.000+00:00,published,,https://www.nexusmods.com/baldursgate3/mods/17126,17126,17126
2,Gimblebock and Crew Redone - Raiders of the Crypt,PoisonValentineXIII,Visuals,1.0.0.2,134,2025-07-26T07:51:09.000+00:00,published,,https://www.nexusmods.com/baldursgate3/mods/17188,17188,17188
2,Precious Head Presets - Lorelai,preciouslittle-bhaalbabe,Character Customisation,1.0,134,2025-07-13T11:06:34.000+00:00,published,,https://www.nexusmods.com/baldursgate3/mods/17545,17545,17545
2,Seadragon Assets DMH - Dragonborn CC,AkELkA,Character Customisation,1.0.0.5,133,2026-03-26T23:50:30.000+00:00,published,,https://www.nexusmods.com/baldursgate3/mods/13660,13660,13660
2,Provisions Collector,SwissFred,Gameplay,2.0.8.50,133,2025-10-04T07:13:49.000+00:00,published,,https://www.nexusmods.com/baldursgate3/mods/15897,15897,15897
2,Goon's Rogue Overhaul,BaldursGoonsack,Classes,1.2.2.0,133,2026-02-15T17:08:02.000+00:00,published,,https://www.nexusmods.com/baldursgate3/mods/17612,17612,17612
2,Slayer Assets Rathgor - Dark Urge Dragonborn CC,AkELkA,Character Customisation,1.0.0.7,132,2026-04-04T15:54:20.000+00:00,published,,https://www.nexusmods.com/baldursgate3/mods/13538,13538,13538
2,Feats Every Level Patch 8 Subclass Patch,Daywalker,Gameplay,1.1,132,2025-08-18T07:52:39.000+00:00,published,,https://www.nexusmods.com/baldursgate3/mods/16001,16001,16001
2,Second Chance - New Dark Urge Reward,koboldJuno,Gameplay,1.2,132,2026-01-19T14:08:24.000+00:00,published,,https://www.nexusmods.com/baldursgate3/mods/19179,19179,19179
2,Origin Oddities - Bags and Bundles,drekiaa,Companions,2.0.0.0,132,2025-12-12T19:41:11.000+00:00,published,,https://www.nexusmods.com/baldursgate3/mods/19804,19804,19804
2,JWL Gather Round - Simple Foraging System,Jewels,Gameplay,1.0.1.0,131,2024-03-15T21:37:56.000+00:00,published,,https://www.nexusmods.com/baldursgate3/mods/7620,7620,7620
2,DECOR - HOUSING - Themed Tents,Cleo,Miscellaneous,0.1.0.0,131,2024-06-23T09:18:09.000+00:00,published,,https://www.nexusmods.com/baldursgate3/mods/10267,10267,10267
2,Crystal Crown Rathgor- Gem Dragonborn CC,AkELkA,Character Customisation,1.0.09,131,2026-04-07T02:08:38.000+00:00,published,,https://www.nexusmods.com/baldursgate3/mods/13326,13326,13326
2,War Dancer Class,Eclip5e,Classes,1.0.0.16,131,2025-06-25T14:53:33.000+00:00,published,,https://www.nexusmods.com/baldursgate3/mods/14953,14953,14953
2,Bloodbound Shadows,Alahria,Character Customisation,1.3,131,2025-07-06T18:56:39.000+00:00,published,,https://www.nexusmods.com/baldursgate3/mods/17199,17199,17199
2,Less Empty Vases,Magnetuning,Gameplay,1.0.0.0,131,2025-07-01T23:54:14.000+00:00,published,,https://www.nexusmods.com/baldursgate3/mods/17350,17350,17350
2,HybridUI,NellsRelo,User Interface,1.0,131,2025-10-21T21:10:51.000+00:00,published,,https://www.nexusmods.com/baldursgate3/mods/17906,17906,17906
2,Chase and Cherries,theladyofloss,Photo Mode,V1,131,2025-10-29T13:41:06.000+00:00,published,,https://www.nexusmods.com/baldursgate3/mods/19434,19434,19434
2,Black Accented Dyes,Ginger Ninja XL,Equipment,1.0.1,130,2024-09-26T08:33:38.000+00:00,published,,https://www.nexusmods.com/baldursgate3/mods/12517,12517,12517
2,Death Knight Class - From World of Warcraft - WoW,Royah97,Classes,03.02.04,130,2026-06-27T20:15:55.000+00:00,published,,https://www.nexusmods.com/baldursgate3/mods/15103,15103,15103
2,Gale's Keyart Armour and Equipment,IceQuinn,Armor,1.0,130,2025-05-17T06:23:04.000+00:00,published,,https://www.nexusmods.com/baldursgate3/mods/16640,16640,16640
2,Araj Oblodra Redone - The Last Daughter of House Oblodra,PoisonValentineXIII,Visuals,1.0.0.2,130,2025-09-13T17:35:46.000+00:00,published,,https://www.nexusmods.com/baldursgate3/mods/18618,18618,18618
2,Endearment Poses,Jessiemeows,Photo Mode,1.0.0.14,130,2025-10-31T19:20:53.000+00:00,published,,https://www.nexusmods.com/baldursgate3/mods/19402,19402,19402
2,Slayer Assets Pearl - Dark Urge Dragonborn CC,AkELkA,Character Customisation,1.0.0.5,129,2026-04-14T10:35:27.000+00:00,published,,https://www.nexusmods.com/baldursgate3/mods/13622,13622,13622
2,Githyanki Heads by BG3.Portraits,bg3portraits,Character Customisation,1.0,129,2025-11-08T23:55:56.000+00:00,published,,https://www.nexusmods.com/baldursgate3/mods/15132,15132,15132
2,RenoDX - HDR - Tonemap - for Baldur's Gate 3,MusaQH - Forge,Visuals,2026-6-19,129,2026-06-20T03:44:52.000+00:00,published,,https://www.nexusmods.com/baldursgate3/mods/15892,15892,15892
2,Common Actions Consolidated,Muffel,User Interface,1.0.6,129,2026-06-09T19:55:22.000+00:00,published,,https://www.nexusmods.com/baldursgate3/mods/16908,16908,16908
2,Bag of Holding - Patch 7,Syd Meier,Miscellaneous,Mod.io,128,2024-09-05T14:22:19.000+00:00,published,,https://www.nexusmods.com/baldursgate3/mods/9065,9065,9065
2,Cheat Ring Summer,gibi,Gameplay,1.0,128,2025-01-04T19:00:13.000+00:00,published,,https://www.nexusmods.com/baldursgate3/mods/12087,12087,12087
2,Wacky Wild Magic,Digineaux,Spells,2.0,127,2026-03-15T02:04:01.000+00:00,published,,https://www.nexusmods.com/baldursgate3/mods/1152,1152,1152
2,Enemy Cloning (Savage Doubled Enemy with fixes),Eumeta,Gameplay,2.4.12,127,2025-12-14T16:49:07.000+00:00,published,,https://www.nexusmods.com/baldursgate3/mods/7142,7142,7142
2,Adamantine Weapones and Armors,SSSAswaran,Equipment,10.4,127,2024-08-21T19:30:26.000+00:00,published,,https://www.nexusmods.com/baldursgate3/mods/11195,11195,11195
2,Hardcore Healing Potions,Baldursgoonsack and Cahoot,Gameplay,1.0.4.5,127,2026-01-27T09:42:58.000+00:00,published,,https://www.nexusmods.com/baldursgate3/mods/15391,15391,15391
2,Gnome More Clipping,Kelocena,Character Customisation,1.0.0,127,2025-11-15T20:24:18.000+00:00,published,,https://www.nexusmods.com/baldursgate3/mods/18768,18768,18768
2,Another longsword handle resized (With Short swords and Greatswords) v2.1,lazyman12,Weapons,2.1.1,126,2026-02-05T19:26:08.000+00:00,published,,https://www.nexusmods.com/baldursgate3/mods/4208,4208,4208
2,Ley's Origin Legacy,Leyllara,Weapons,1.0.0.66,126,2024-10-14T02:10:22.000+00:00,published,,https://www.nexusmods.com/baldursgate3/mods/13003,13003,13003
2,Aylin and Isobel Epilogue Letters,OathkeeperOfTarth,Gameplay,1.0.0,126,2025-04-24T19:51:54.000+00:00,published,,https://www.nexusmods.com/baldursgate3/mods/16055,16055,16055
2,Jerinski's BT1 - BT3 Heads,jerinski,Character Customisation,1.0.3.31,126,2025-09-16T16:58:14.000+00:00,published,,https://www.nexusmods.com/baldursgate3/mods/16985,16985,16985
2,Vestiauril Outfit - Frostmaiden-Inspired Armour Set,BerrySemifreddo,Armor,1.0.0.14,126,2025-11-16T05:35:40.000+00:00,published,,https://www.nexusmods.com/baldursgate3/mods/18477,18477,18477
2,Bloodborne Trick Weapons,Salazryn,Weapons,1,125,2024-09-05T14:37:04.000+00:00,published,,https://www.nexusmods.com/baldursgate3/mods/11778,11778,11778
2,Crystal Crown Vexa - Gem Dragonborn CC,AkELkA,Character Customisation,1.0.0.5,125,2026-04-15T10:20:51.000+00:00,published,,https://www.nexusmods.com/baldursgate3/mods/13612,13612,13612
2,DMH Assets Rathgor - Dark Urge Dragonborn CC,AkELkA,Character Customisation,1.0.0.4,125,2026-04-03T21:50:17.000+00:00,published,,https://www.nexusmods.com/baldursgate3/mods/13726,13726,13726
2,Frost Domain - Cleric Subclass,GIGeorge,Classes,2.0.0.49,125,2026-04-13T02:12:09.000+00:00,published,,https://www.nexusmods.com/baldursgate3/mods/14816,14816,14816
2,Planar Ally - Moonlight Sliver,koboldJuno,Gameplay,1.1,125,2025-05-13T06:59:06.000+00:00,published,,https://www.nexusmods.com/baldursgate3/mods/16260,16260,16260
2,Astral Pain - Lae'zel Romance Debuff,HyperspaceTowel,Gameplay,2.0.0.1,125,2025-07-08T14:08:32.000+00:00,published,,https://www.nexusmods.com/baldursgate3/mods/17067,17067,17067
2,Vak's Sweet Treats Poses,LaVakariana,Photo Mode,1.1,125,2026-01-11T00:20:00.000+00:00,published,,https://www.nexusmods.com/baldursgate3/mods/19949,19949,19949
2,Awaken Lycanthrope - Werewolf Shadowheart,koboldJuno,Companions,1.1,124,2026-03-07T13:30:02.000+00:00,published,,https://www.nexusmods.com/baldursgate3/mods/20564,20564,20564
2,Smite Spells Enhanced - DND 5R (2024),Lumaterian,Spells,1.9.0,123,2025-11-29T11:29:41.000+00:00,published,,https://www.nexusmods.com/baldursgate3/mods/6942,6942,6942
2,Run Swap,SifsDeadTrainer,Animations,1.0,123,2024-06-20T21:46:03.000+00:00,published,,https://www.nexusmods.com/baldursgate3/mods/10441,10441,10441
2,Tiefling Tail Tattoos Vol. 1,MadMicky,Character Customisation,1.00,123,2025-10-05T15:20:21.000+00:00,published,,https://www.nexusmods.com/baldursgate3/mods/18989,18989,18989
2,Veteran Hellrider Zevlor Redux - Elturel's Former Pride,PoisonValentineXIII - CITYMADMAXX,Visuals,1.0.0.2,123,2025-11-29T22:01:53.000+00:00,published,,https://www.nexusmods.com/baldursgate3/mods/19869,19869,19869
2,Loot Master,SwissFred,Gameplay,4.3.8.18,122,2026-05-23T05:58:24.000+00:00,published,,https://www.nexusmods.com/baldursgate3/mods/14865,14865,14865
2,Symbio Blade - An Evolutive Class,Yosa,Classes,1.0.0.4,122,2026-02-05T22:42:11.000+00:00,published,,https://www.nexusmods.com/baldursgate3/mods/19388,19388,19388
2,The Goblin Leaders Redone - Servants of Her Will,PoisonValentineXIII - CITYMADMAXX,Visuals,1.0.0.3,122,2025-11-04T21:38:05.000+00:00,published,,https://www.nexusmods.com/baldursgate3/mods/19535,19535,19535
2,Mizora Redone -  The Kiss of the Styx,PoisonValentineXIII - CITYMADMAXX - Kikyo99,Visuals,1.0.0.4,122,2025-12-16T21:54:57.000+00:00,published,,https://www.nexusmods.com/baldursgate3/mods/20161,20161,20161
2,Snowfall Attire,arideyya,Clothing,1.0,122,2026-01-01T10:57:44.000+00:00,published,,https://www.nexusmods.com/baldursgate3/mods/20305,20305,20305
2,Viktor's Lathanderian Outfits,Clay,Equipment,1.0.0,121,2024-09-15T15:41:35.000+00:00,published,,https://www.nexusmods.com/baldursgate3/mods/9816,9816,9816
2,Sacred Fire Dice Set,John Zyxx,Dice,1.0,121,2024-10-13T06:54:03.000+00:00,published,,https://www.nexusmods.com/baldursgate3/mods/13067,13067,13067
2,Elegant Dress,EzioMaverick,Clothing,1.1,121,2025-07-27T05:46:21.000+00:00,published,,https://www.nexusmods.com/baldursgate3/mods/17310,17310,17310
2,Goon's Bard Overhaul,BaldursGoonsack,Classes,1.0.1.0,121,2026-05-01T10:32:23.000+00:00,published,,https://www.nexusmods.com/baldursgate3/mods/17658,17658,17658
2,HUNTRIX Head presets,VespertilioArt,Character Customisation,1.0.0.0,121,2025-11-17T21:36:05.000+00:00,published,,https://www.nexusmods.com/baldursgate3/mods/18199,18199,18199
2,Reforged Assets Pearl - Dark Urge Dragonborn CC,AkELkA,Character Customisation,1.0.0.4,120,2026-04-14T10:56:01.000+00:00,published,,https://www.nexusmods.com/baldursgate3/mods/13651,13651,13651
2,Goon's Dividers - Organise Your Load Order,BaldursGoonsack,Utilities,1.0.0.2,120,2026-01-07T09:02:12.000+00:00,published,,https://www.nexusmods.com/baldursgate3/mods/17306,17306,17306
2,XRX Sessnova Beachwear Campwear,EzioMaverick,Clothing,1.0,120,2025-08-30T12:34:09.000+00:00,published,,https://www.nexusmods.com/baldursgate3/mods/18412,18412,18412
2,Precious Head Preset Pack I,preciouslittle-bhaalbabe,Character Customisation,1.0,120,2026-02-27T23:02:22.000+00:00,published,,https://www.nexusmods.com/baldursgate3/mods/19973,19973,19973
2,Infinite Illithid Wisdom Check,SwissFred,Gameplay,2.0.8.6,119,2026-01-07T17:30:32.000+00:00,published,,https://www.nexusmods.com/baldursgate3/mods/14668,14668,14668
2,Sanguine Ornaments - Amulet of Bhaal Earrings,RevolutionScribe,Character Customisation,1.0.0.8,119,2025-09-28T14:16:34.000+00:00,published,,https://www.nexusmods.com/baldursgate3/mods/16706,16706,16706
2,Gith-humanlike body,Obscen1ty,Character Customisation,1.0.0,119,2025-11-11T19:04:40.000+00:00,published,,https://www.nexusmods.com/baldursgate3/mods/19622,19622,19622
2,Best in Party Skills,imCioco,Gameplay,2.6.0.7,119,2026-05-07T13:19:36.000+00:00,published,,https://www.nexusmods.com/baldursgate3/mods/20091,20091,20091
2,Distinctive Arrows of Slaying,Roxidium,User Interface,1.0,119,2025-12-19T18:07:41.000+00:00,published,,https://www.nexusmods.com/baldursgate3/mods/20199,20199,20199
2,Ezuneo's Draconic Tails,Ezu,Character Customisation,1.0,119,2026-02-21T09:42:11.000+00:00,published,,https://www.nexusmods.com/baldursgate3/mods/20434,20434,20434
2,Kith'rak Class and Gish Subclass,Unholy,Classes,2.2,118,2024-12-04T16:04:42.000+00:00,published,,https://www.nexusmods.com/baldursgate3/mods/9373,9373,9373
2,Mesmerist - Pathfinder 1e Class Conversion,JL935,Classes,2.2.3,118,2026-05-27T23:47:15.000+00:00,published,,https://www.nexusmods.com/baldursgate3/mods/11854,11854,11854
2,Oath of the Frozen Wilds - Paladin Subclass,GIGeorge,Classes,1.0.0.47,118,2026-04-04T21:45:15.000+00:00,published,,https://www.nexusmods.com/baldursgate3/mods/15399,15399,15399
2,Aufelle's Boudoir Pose Pack,Aufelle,Photo Mode,1.0.0.19,118,2025-12-04T01:45:51.000+00:00,published,,https://www.nexusmods.com/baldursgate3/mods/19791,19791,19791
2,Hallowleaf Epilogue Letters,Kelocena koboldJuno magnetuning,Gameplay,1.0,118,2026-01-12T00:17:05.000+00:00,published,,https://www.nexusmods.com/baldursgate3/mods/20647,20647,20647
2,Better Gontr Mael,koboldJuno,Weapons,1.0,117,2024-08-28T10:20:13.000+00:00,published,,https://www.nexusmods.com/baldursgate3/mods/11794,11794,11794
2,Original NightSong Cinematic,Maratastik,Miscellaneous,1.0,117,2025-08-09T01:12:01.000+00:00,published,,https://www.nexusmods.com/baldursgate3/mods/17754,17754,17754
2,Poesielibre's Whimsical Hair Colors,Poesielibre,Character Customisation,1.0,117,2026-01-06T00:33:36.000+00:00,published,,https://www.nexusmods.com/baldursgate3/mods/19972,19972,19972
2,Way of Waterbending  - a homebrew Monk subclass,Adam Masher,Classes,2.0.1,116,2025-04-18T12:47:22.000+00:00,published,,https://www.nexusmods.com/baldursgate3/mods/6155,6155,6155
2,Medusae's Outfit Compendium,Medusae,Equipment,1.0,116,2025-04-11T21:49:23.000+00:00,published,,https://www.nexusmods.com/baldursgate3/mods/11036,11036,11036
2,Owlbear Egg Dice,SultryShea,Dice,1.1,116,2024-11-05T22:09:29.000+00:00,published,,https://www.nexusmods.com/baldursgate3/mods/12376,12376,12376
2,Fate Series Saber,Shimcot,Classes,1.0.6.0,116,2025-12-07T16:52:52.000+00:00,published,,https://www.nexusmods.com/baldursgate3/mods/16272,16272,16272
2,Halsin's Body Tattoo,RevolutionScribe,Companions,1.0.0.4,116,2026-01-05T20:45:53.000+00:00,published,,https://www.nexusmods.com/baldursgate3/mods/16857,16857,16857
2,Prince Orpheus Redone - A New Hope,PoisonValentineXIII,Visuals,1.0.0.6,116,2025-10-21T11:23:32.000+00:00,published,,https://www.nexusmods.com/baldursgate3/mods/19322,19322,19322
2,Not Enough Elemental Spells,LemonJungle,Spells,1.2.0,115,2024-11-29T21:42:40.000+00:00,published,,https://www.nexusmods.com/baldursgate3/mods/13408,13408,13408
2,Locks Begone V2,SwissFred,Gameplay,5.0.8.8,115,2026-05-18T15:01:53.000+00:00,published,,https://www.nexusmods.com/baldursgate3/mods/15369,15369,15369
2,The Storm Dragon Patron- Warlock Subclass,Ninjoma,Classes,1.0.0.2,115,2025-07-07T19:20:57.000+00:00,published,,https://www.nexusmods.com/baldursgate3/mods/17392,17392,17392
2,Brawling Blossom,meepmeganmeep,Armor,1.0,115,2025-07-12T20:05:19.000+00:00,published,,https://www.nexusmods.com/baldursgate3/mods/17553,17553,17553
2,Mantle of Blood - A Bhaal-Themed Cloak,Lynia and RevolutionScribe,Armor,1.0.0.16,115,2025-08-24T13:17:17.000+00:00,published,,https://www.nexusmods.com/baldursgate3/mods/18268,18268,18268
2,Visible Shields for Patch 8,Frosty,Armor,1.1.2,115,2025-11-01T05:37:21.000+00:00,published,,https://www.nexusmods.com/baldursgate3/mods/18667,18667,18667
2,Precious Head Presets - Lilly,preciouslittle-bhaalbabe,Character Customisation,1.0,115,2026-02-07T18:36:46.000+00:00,published,,https://www.nexusmods.com/baldursgate3/mods/21365,21365,21365
2,Glow Ink - Body Tattoo - Vanilla - Dragonborn CC,AkELkA,Character Customisation,1.0.0.6,114,2025-06-24T07:07:14.000+00:00,published,,https://www.nexusmods.com/baldursgate3/mods/17267,17267,17267
2,Immersive Lewd Loading Hints,reyqune,User Interface,3,114,2026-01-11T16:17:53.000+00:00,published,,https://www.nexusmods.com/baldursgate3/mods/17548,17548,17548
2,Auto Wares - MCM,wtfbengt,Gameplay,1.1.0.1,114,2026-05-18T05:01:31.000+00:00,published,,https://www.nexusmods.com/baldursgate3/mods/18924,18924,18924
2,Bloodborne Hunter's Garb and Caryll Runes,Salazryn,Equipment,2,113,2024-09-12T18:57:32.000+00:00,published,,https://www.nexusmods.com/baldursgate3/mods/11972,11972,11972
2,Battle Master Manoeuvres Consolidated,Muffel,User Interface,1.0.3,113,2025-12-12T17:41:45.000+00:00,published,,https://www.nexusmods.com/baldursgate3/mods/16879,16879,16879
2,Sigils and Solvents - Tattoo collection,Mad Micky,Character Customisation,1.00,113,2025-08-10T20:10:22.000+00:00,published,,https://www.nexusmods.com/baldursgate3/mods/17790,17790,17790
2,Ziva Cross Cut Dress Reworked Campwear Version,EzioMaverick,Clothing,1.0,113,2025-07-27T06:02:24.000+00:00,published,,https://www.nexusmods.com/baldursgate3/mods/17819,17819,17819
2,He Who Was Edits - Servant of the Raven Queen,PoisonValentineXIII,Visuals,1.0.0.2,113,2025-08-28T23:27:30.000+00:00,published,,https://www.nexusmods.com/baldursgate3/mods/18384,18384,18384
2,Tidegowns of Coralspire,arideyya,Clothing,1.0,113,2025-09-21T07:51:53.000+00:00,published,,https://www.nexusmods.com/baldursgate3/mods/18781,18781,18781
2,Lightning Storm,Elmvick,Spells,1.0,112,2025-12-02T08:07:58.000+00:00,published,,https://www.nexusmods.com/baldursgate3/mods/8958,8958,8958
2,Isobel Redone - Devotee of the Moonmaiden,PoisonValentineXIII,Visuals,1.0.0.2,112,2026-01-14T16:18:43.000+00:00,published,,https://www.nexusmods.com/baldursgate3/mods/16772,16772,16772
2,Clair Obscur at home,Aruless,Armor,1.0,112,2026-01-12T09:12:18.000+00:00,published,,https://www.nexusmods.com/baldursgate3/mods/16990,16990,16990
2,Goon's Slayer Overhaul,BaldursGoonsack,Gameplay,1.0.1.0,112,2026-01-14T15:55:09.000+00:00,published,,https://www.nexusmods.com/baldursgate3/mods/17963,17963,17963
2,Immersive Races,lexo1000,Races,2.4,112,2026-04-22T10:34:29.000+00:00,published,,https://www.nexusmods.com/baldursgate3/mods/18754,18754,18754
2,Tiray's Custom Beauties (Head Replacers),Tiray13,Character Customisation,1.0,112,2025-09-26T23:51:51.000+00:00,published,,https://www.nexusmods.com/baldursgate3/mods/18870,18870,18870
2,Kar98k,Palmaman33,Weapons,1.0.0,111,2024-02-03T12:03:09.000+00:00,published,,https://www.nexusmods.com/baldursgate3/mods/6426,6426,6426
2,Spellfire Wielder and Chosen of Mystra Feats,Lykon,Spells,1.4.0,111,2024-11-26T16:25:17.000+00:00,published,,https://www.nexusmods.com/baldursgate3/mods/12192,12192,12192
2,Cloud's Camp Clothing,clloudiie,Clothing,1.0.0.20,111,2026-01-30T00:13:11.000+00:00,published,,https://www.nexusmods.com/baldursgate3/mods/18215,18215,18215
2,Metallic Body Tattoo Colours in CC,Ezu,Character Customisation,1.1,111,2025-10-26T04:20:47.000+00:00,published,,https://www.nexusmods.com/baldursgate3/mods/19296,19296,19296
2,Infernal Fire Dice Set,John Zyxx,Dice,1.0,110,2024-10-13T07:10:03.000+00:00,published,,https://www.nexusmods.com/baldursgate3/mods/13062,13062,13062
2,The Duo (Dream Guardian Class),Cheek,Classes,2.1.0.5,110,2026-02-27T02:16:25.000+00:00,published,,https://www.nexusmods.com/baldursgate3/mods/13448,13448,13448
2,Justice For Wraithwyn - Wearable Moonlanterns And Better Shadow Lantern Wraith,K_Constantine,Gameplay,2.4,110,2025-08-24T08:04:59.000+00:00,published,,https://www.nexusmods.com/baldursgate3/mods/16935,16935,16935
2,Just a Moment More Poses,Jessiemeows,Photo Mode,1.0.0.20,110,2025-11-29T21:05:29.000+00:00,published,,https://www.nexusmods.com/baldursgate3/mods/19868,19868,19868
2,Ezuneo's Draconic Neck Scales,Ezu,Character Customisation,1.0,110,2026-02-20T18:21:23.000+00:00,published,,https://www.nexusmods.com/baldursgate3/mods/21564,21564,21564
2,Sword of the Rising Dawn - Lathander-themed Finesse Long sword,koboldJuno,Equipment,1.0,109,2024-10-30T15:43:01.000+00:00,published,,https://www.nexusmods.com/baldursgate3/mods/13491,13491,13491
2,Flosilvanus Outfit - Dryad-Inspired Armour Set,BerrySemifreddo,Armor,1.0.0.10,109,2025-08-16T16:09:03.000+00:00,published,,https://www.nexusmods.com/baldursgate3/mods/18146,18146,18146
2,Prismatic Plates,Maelle,Clothing,1.0.0,109,2025-09-15T19:24:30.000+00:00,published,,https://www.nexusmods.com/baldursgate3/mods/18677,18677,18677
2,Shadowheart and her pets,deleted3792625,Gameplay,1.0.0.18,108,2025-08-02T16:08:04.000+00:00,published,,https://www.nexusmods.com/baldursgate3/mods/17943,17943,17943
2,Orchestra of the Evening - Dhampir Prince Armour,baeator,Equipment,2.0.1,107,2025-02-24T16:36:32.000+00:00,published,,https://www.nexusmods.com/baldursgate3/mods/9758,9758,9758
2,Better Wavemother Set - Umberlee equipment rework,koboldJuno,Equipment,1.2,107,2024-11-16T12:32:49.000+00:00,published,,https://www.nexusmods.com/baldursgate3/mods/12365,12365,12365
2,Stomp that Tadpole,whatsontheflip,Gameplay,1.0.0.1,107,2026-04-12T22:44:55.000+00:00,published,,https://www.nexusmods.com/baldursgate3/mods/17485,17485,17485
2,Grimoire Familiar,Sailor Cat,Spells,1.00.01,107,2025-07-22T04:20:11.000+00:00,published,,https://www.nexusmods.com/baldursgate3/mods/17704,17704,17704
2,THE REALTOR - Player Housing,For_Kiramay,Maps,1.0.0.43,107,2025-07-26T02:46:33.000+00:00,published,,https://www.nexusmods.com/baldursgate3/mods/17705,17705,17705
2,Baldurs Ink Body Tattoos - Week 4,copperleaves - jerinski - champagne26 - EvilSnail0fDestruktion - MadMicky10,Character Customisation,1.0.0.1,107,2025-10-11T04:21:28.000+00:00,published,,https://www.nexusmods.com/baldursgate3/mods/17857,17857,17857
2,Even Better Romance,loregamer and Kowe,Companions,0.2.0,107,2026-03-09T23:19:26.000+00:00,published,,https://www.nexusmods.com/baldursgate3/mods/21826,21826,21826
2,College of Cantors - Bard Subclass,Lumaterian,Classes,1.6.0,106,2025-11-01T12:02:40.000+00:00,published,,https://www.nexusmods.com/baldursgate3/mods/11330,11330,11330
2,Harmony Habiliment,spek7re,Armor,2.8.0.10,106,2025-06-12T07:50:32.000+00:00,published,,https://www.nexusmods.com/baldursgate3/mods/12650,12650,12650
2,Scratch Shovel Owlbear Redux. And Us,Ninjoma,Companions,1.2.3.0,106,2026-02-14T20:51:24.000+00:00,published,,https://www.nexusmods.com/baldursgate3/mods/15881,15881,15881
2,Goon's Wizard Overhaul,BaldursGoonsack,Classes,1.0.2.3,106,2026-01-11T18:43:59.000+00:00,published,,https://www.nexusmods.com/baldursgate3/mods/17659,17659,17659
2,Moonlight Slivers Redone - Guardians of the Moonmaiden,PoisonValentineXIII - AardiHenrietta,Visuals,1.0.0.12,106,2026-04-12T16:29:53.000+00:00,published,,https://www.nexusmods.com/baldursgate3/mods/18494,18494,18494
2,Be My Bhaalentine - Romance partner can be abducted,Nikjima,Gameplay,1.0.0.7,106,2025-10-31T21:16:08.000+00:00,published,,https://www.nexusmods.com/baldursgate3/mods/19470,19470,19470
2,Duskblade,BG3DuskbladeClass,Classes,1.0.332.0,105,2026-05-30T18:22:24.000+00:00,published,,https://www.nexusmods.com/baldursgate3/mods/13069,13069,13069
2,Naked Dreams (patch 8),Seijax,Miscellaneous,1.0.0,105,2025-06-11T21:37:19.000+00:00,published,,https://www.nexusmods.com/baldursgate3/mods/17105,17105,17105
2,Priestess Gut Gonna Knock You Out,whatsontheflip,Gameplay,1.0.0.3,105,2026-04-12T22:40:40.000+00:00,published,,https://www.nexusmods.com/baldursgate3/mods/17344,17344,17344
2,5eSpells Icon fixes,nazguleater,User Interface,2,105,2025-09-01T18:40:16.000+00:00,published,,https://www.nexusmods.com/baldursgate3/mods/18435,18435,18435
2,Lady Isobel Redux - Ketheric's Remembrance,PoisonValentineXIII,Visuals,1.0.0.2,105,2025-12-20T15:34:52.000+00:00,published,,https://www.nexusmods.com/baldursgate3/mods/19725,19725,19725
2,More Battle Master Maneuvers,drkekyll,Classes,1.1.3.2,104,2025-09-26T20:51:08.000+00:00,published,,https://www.nexusmods.com/baldursgate3/mods/3387,3387,3387
2,RAW Prone Paralyzed and Unconscious Patch,drkekyll,Gameplay,1.0.3.1,104,2026-04-25T19:52:40.000+00:00,published,,https://www.nexusmods.com/baldursgate3/mods/8983,8983,8983
2,The Boneyard - Resources,Eldritch Archlich,Resources,1.1,104,2024-09-02T09:02:36.000+00:00,published,,https://www.nexusmods.com/baldursgate3/mods/11680,11680,11680
2,Boo Dice,SultryShea,Dice,1.0,104,2024-11-20T04:00:32.000+00:00,published,,https://www.nexusmods.com/baldursgate3/mods/13899,13899,13899
2,Wyll Kiss Dialogue,Sinus23,Companions,1.0.0.1,104,2025-08-21T20:23:40.000+00:00,published,,https://www.nexusmods.com/baldursgate3/mods/18278,18278,18278
2,Precious Hair Pack I,preciouslittle-bhaalbabe,Character Customisation,1.0,104,2026-02-12T19:51:18.000+00:00,published,,https://www.nexusmods.com/baldursgate3/mods/20751,20751,20751
2,Lily Hanfu - Traditional Clothes,Lynia,Clothing,1.0,103,2026-02-16T21:28:12.000+00:00,published,,https://www.nexusmods.com/baldursgate3/mods/21136,21136,21136
2,Karlach Infernal Beauty (Head Replacer),VolTes8,Character Customisation,1.0.0.6,103,2026-03-06T20:40:39.000+00:00,published,,https://www.nexusmods.com/baldursgate3/mods/21483,21483,21483
2,Ever Lasting Camp Provisions,SFR,Gameplay,2.1.8.10,102,2026-05-29T12:38:25.000+00:00,published,,https://www.nexusmods.com/baldursgate3/mods/10859,10859,10859
2,Better Poison Equipment,ChizFreak,Gameplay,3.1,102,2025-05-22T08:24:33.000+00:00,published,,https://www.nexusmods.com/baldursgate3/mods/12413,12413,12413
2,Oath of the Moon - Paladin Subclass. Selune-inspired oath.,koboldJuno,Classes,2.0,102,2026-06-17T19:13:07.000+00:00,published,,https://www.nexusmods.com/baldursgate3/mods/19534,19534,19534
2,NPC Redesign - Paladins of Tyr (Zariel) by AzazeL,AzazeL,Visuals,1.8,102,2026-03-27T22:05:05.000+00:00,published,,https://www.nexusmods.com/baldursgate3/mods/21684,21684,21684
2,SilverShade,arideyya,Clothing,1.0,101,2026-01-31T17:23:53.000+00:00,published,,https://www.nexusmods.com/baldursgate3/mods/21170,21170,21170
2,BG3 NSFW,InterestedNinja,Visuals,2.0,101,2026-05-05T01:32:55.000+00:00,published,,https://www.nexusmods.com/baldursgate3/mods/22089,22089,22089
2,ToTF Nautiloid Overhaul - A Nautiloid in Actual Hell,XirlioMerazul,Gameplay,1.0.1.117,100,2026-06-18T15:58:40.000+00:00,published,,https://www.nexusmods.com/baldursgate3/mods/15489,15489,15489
2,Deity Domains and Alignment,MaxStrengthWizard,Character Customisation,1.0.0,100,2026-01-27T11:42:27.000+00:00,published,,https://www.nexusmods.com/baldursgate3/mods/16607,16607,16607
2,Inquisitor Class,JL935JL,Classes,2.2.0,100,2026-05-28T00:00:34.000+00:00,published,,https://www.nexusmods.com/baldursgate3/mods/18318,18318,18318
2,Deepsea Covenant,Askew,Clothing,1.0.0,100,2025-10-29T23:41:46.000+00:00,published,,https://www.nexusmods.com/baldursgate3/mods/19429,19429,19429
2,Merchant's Chest,SwissFred,Gameplay,2.4.8.2,100,2026-06-03T11:31:06.000+00:00,published,,https://www.nexusmods.com/baldursgate3/mods/19441,19441,19441
2,Bernard Evolved,Exaen,Companions,1.1.2.0,100,2026-06-12T07:21:29.000+00:00,published,,https://www.nexusmods.com/baldursgate3/mods/20056,20056,20056
2,Violet's Head Boutique - Lyanna,ViLottie,Character Customisation,2,100,2026-01-03T22:21:14.000+00:00,published,,https://www.nexusmods.com/baldursgate3/mods/20471,20471,20471
2,Malice Head Preset,manuliparoni,Character Customisation,1.0,100,2026-05-01T16:03:11.000+00:00,published,,https://www.nexusmods.com/baldursgate3/mods/22566,22566,22566
2,Debug Spells (AKA Fun Spells),claravel,Spells,1.1.1,99,2024-01-02T15:57:03.000+00:00,published,,https://www.nexusmods.com/baldursgate3/mods/4819,4819,4819
2,Forge of Everlasting,KryptoHack,Utilities,1.0.6.0,99,2025-07-14T07:38:23.000+00:00,published,,https://www.nexusmods.com/baldursgate3/mods/10734,10734,10734
2,Aura of Murder Rebalanced (Bhaalist Armour and Bhaalist Cultists),Cahoot,Gameplay,1.0.2,99,2025-05-21T17:44:50.000+00:00,published,,https://www.nexusmods.com/baldursgate3/mods/14890,14890,14890
2,The Tyrant Of Flavour Town - Gort Fieri (Gortash Appearance Overhaul),Volno,Miscellaneous,1.0.10,99,2026-05-05T04:51:16.000+00:00,published,,https://www.nexusmods.com/baldursgate3/mods/17433,17433,17433
2,Baldurs Ink Body Tattoos - Part 2,champagne26 - copperleaves - EvilSnail0fDestruktion - jerinski - MadMicky10,Character Customisation,1.0.0.2,99,2025-10-11T04:25:58.000+00:00,published,,https://www.nexusmods.com/baldursgate3/mods/17549,17549,17549
2,Goon's Monk Overhaul,BaldursGoonsack,Classes,1.0.2.0,99,2026-01-08T05:38:27.000+00:00,published,,https://www.nexusmods.com/baldursgate3/mods/17706,17706,17706
2,Embrace your Desires,CatastrophicalCat,Photo Mode,1.0.0.11,99,2025-10-11T18:25:59.000+00:00,published,,https://www.nexusmods.com/baldursgate3/mods/18488,18488,18488
2,Mithridatism - poison resistance for Minthara,koboldJuno,Companions,1.0,99,2026-01-22T16:01:33.000+00:00,published,,https://www.nexusmods.com/baldursgate3/mods/20901,20901,20901
2,Vicious Mockery Enhanced - DND 5R (2024),Lumaterian,Spells,1.3.0,98,2025-11-24T21:18:51.000+00:00,published,,https://www.nexusmods.com/baldursgate3/mods/6562,6562,6562
2,Dragonborn Heirlooms,Headbobbie,Equipment,2.0.1,98,2025-06-15T11:45:19.000+00:00,published,,https://www.nexusmods.com/baldursgate3/mods/9775,9775,9775
2,New Game Plus (NGP),Gui Montag,Gameplay,1.05,98,2026-06-26T04:46:44.000+00:00,published,,https://www.nexusmods.com/baldursgate3/mods/14032,14032,14032
2,Shadowheart's Twilight Dice,sabs on behalf of Evelyn Morgana,Dice,1.0,98,2025-01-28T01:53:20.000+00:00,published,,https://www.nexusmods.com/baldursgate3/mods/14812,14812,14812
2,Bane's Cane - A Cane Weapon For Archduke Gortash,Poesielibre,Weapons,1.0,98,2025-03-23T15:02:45.000+00:00,published,,https://www.nexusmods.com/baldursgate3/mods/15360,15360,15360
2,Lunomi heads,Lunomi,Character Customisation,1.0.0.1,98,2026-03-16T21:01:50.000+00:00,published,,https://www.nexusmods.com/baldursgate3/mods/18861,18861,18861
2,Mild Mockery (New Voiced Vicious Mockery Cantrip - Insult Anyone),Ariefel,Spells,1.1.0.0,97,2026-04-03T21:15:32.000+00:00,published,,https://www.nexusmods.com/baldursgate3/mods/10050,10050,10050
2,Hexblade's Curse BUGFIX,ChizFreak,Gameplay,1.0,97,2025-04-16T11:42:24.000+00:00,published,,https://www.nexusmods.com/baldursgate3/mods/15820,15820,15820
2,She-Devil Red Sonja Outfit (1985 Movie),Lynia,Armor,1.0,97,2025-07-30T14:58:16.000+00:00,published,,https://www.nexusmods.com/baldursgate3/mods/17894,17894,17894
2,Goon's Fighter Overhaul,BaldursGoonsack,Classes,1.0.2.1,97,2026-02-18T05:38:17.000+00:00,published,,https://www.nexusmods.com/baldursgate3/mods/17926,17926,17926
2,NSFW Poly-3 Some- Pose Galore by LifeofaSin,LifeofaSin,Photo Mode,1.0.0,97,2025-12-09T22:59:43.000+00:00,published,,https://www.nexusmods.com/baldursgate3/mods/20060,20060,20060
2,Spirit Guardians Fixes,koboldJuno,Spells,1.0.0.7,97,2025-12-23T15:46:16.000+00:00,published,,https://www.nexusmods.com/baldursgate3/mods/20232,20232,20232
2,Death is Your Gift Pose Pack,LittleHouseofImagination and Goblin,Photo Mode,1.0,97,2026-01-01T22:09:38.000+00:00,published,,https://www.nexusmods.com/baldursgate3/mods/20446,20446,20446
2,Auntie Ethel Always Surrenders,whatsontheflip,Gameplay,1.1.0.2,97,2026-04-09T07:28:38.000+00:00,published,,https://www.nexusmods.com/baldursgate3/mods/22300,22300,22300
2,Skip Intro,Saigofu,User Interface,1.0.1,96,2026-03-17T17:50:01.000+00:00,published,,https://www.nexusmods.com/baldursgate3/mods/16665,16665,16665
2,Angel Photoshoot,Aardi,Photo Mode,1.0.0.29,96,2025-08-28T19:47:18.000+00:00,published,,https://www.nexusmods.com/baldursgate3/mods/17146,17146,17146
2,Additional Spell Interactions,KowboyBebop,Spells,2.3,96,2025-10-19T18:10:52.000+00:00,published,,https://www.nexusmods.com/baldursgate3/mods/17910,17910,17910
2,Kith'rak Voss' New Look,Khloii1,Visuals,1.1,96,2025-10-20T17:04:15.000+00:00,published,,https://www.nexusmods.com/baldursgate3/mods/18428,18428,18428
2,Ritual Blood Cleanup,Kelocena,Miscellaneous,1.0.0,96,2026-02-05T01:57:03.000+00:00,published,,https://www.nexusmods.com/baldursgate3/mods/21301,21301,21301
2,Lae'zel Astral Beauty (Head Replacer),VolTes8,Character Customisation,1.0.0.7,96,2026-03-06T20:55:30.000+00:00,published,,https://www.nexusmods.com/baldursgate3/mods/21477,21477,21477
2,Cone of Cold Resized,Qeldrona,Spells,1.0.0.0,95,2025-08-31T18:48:45.000+00:00,published,,https://www.nexusmods.com/baldursgate3/mods/7221,7221,7221
2,5e Harm,Siael,Spells,1.0,95,2025-02-14T06:41:08.000+00:00,published,,https://www.nexusmods.com/baldursgate3/mods/14987,14987,14987
2,Valuables Collector,SwissFred,Gameplay,2.0.8.26,95,2025-06-08T11:16:26.000+00:00,published,,https://www.nexusmods.com/baldursgate3/mods/16088,16088,16088
2,Shadowheart's New Fit,xJustAdam,Companions,2.1,95,2026-03-10T16:12:28.000+00:00,published,,https://www.nexusmods.com/baldursgate3/mods/16560,16560,16560
2,Naked Creatures,PseudoStalker_LeGrandVide_rebelionman,Miscellaneous,1.0,95,2025-09-10T13:08:19.000+00:00,published,,https://www.nexusmods.com/baldursgate3/mods/17677,17677,17677
2,Flora Lunaris - Moonlit Circlets,BerrySemifreddo,Armor,1.0.0.11,95,2025-08-04T19:00:09.000+00:00,published,,https://www.nexusmods.com/baldursgate3/mods/17953,17953,17953
2,Githyanki Can Parry,xJustAdam,Gameplay,1.0,95,2025-11-18T14:59:23.000+00:00,published,,https://www.nexusmods.com/baldursgate3/mods/19713,19713,19713
2,Precious Head Presets - Hecate,preciouslittle-bhaalbabe,Character Customisation,1.0,95,2025-11-28T14:47:09.000+00:00,published,,https://www.nexusmods.com/baldursgate3/mods/19851,19851,19851
2,Vampire Poses,HastursQueen,Photo Mode,1.0.0.19,95,2026-02-04T21:33:34.000+00:00,published,,https://www.nexusmods.com/baldursgate3/mods/21273,21273,21273
2,Ninjoma's Rogue QOL Buffs,Ninjoma,Classes,1.2.1.0,94,2026-02-14T20:17:26.000+00:00,published,,https://www.nexusmods.com/baldursgate3/mods/14386,14386,14386
2,XRX Stockings and Boots Campwear Reworked,EzioMaverick,Clothing,1.0,94,2025-10-11T13:15:13.000+00:00,published,,https://www.nexusmods.com/baldursgate3/mods/19124,19124,19124
2,Real Men Nipples,VinTheMan,Character Customisation,1.0.0.17,94,2026-06-20T22:52:00.000+00:00,published,,https://www.nexusmods.com/baldursgate3/mods/19772,19772,19772
2,(OLD) LN Patch 8 Load Order Dividers,lonelynipple,Utilities,1.0.0.7,94,2026-01-31T21:53:50.000+00:00,published,,https://www.nexusmods.com/baldursgate3/mods/20096,20096,20096
2,Maeve CC Head Preset by cedastarions,cedastarions,Character Customisation,1.0,94,2026-02-19T17:01:43.000+00:00,published,,https://www.nexusmods.com/baldursgate3/mods/21546,21546,21546
2,Dark Ranger (Necro Ranger),Haytur,Classes,4.0.21,93,2026-06-25T04:26:20.000+00:00,published,,https://www.nexusmods.com/baldursgate3/mods/12095,12095,12095
2,Mantle of Holy Light - New Unique Cloak,ChizFreak,Equipment,1.1,93,2024-10-23T01:15:13.000+00:00,published,,https://www.nexusmods.com/baldursgate3/mods/13157,13157,13157
2,New Content - Rise of the Goldmembers,ItIsMeWaldo,Gameplay,1.0.2.21,93,2025-11-23T17:10:44.000+00:00,published,,https://www.nexusmods.com/baldursgate3/mods/14288,14288,14288
2,Arcane Hextech Dice,Jenevelle Hallowleaf,Dice,1.0.1,93,2025-02-02T06:26:47.000+00:00,published,,https://www.nexusmods.com/baldursgate3/mods/14732,14732,14732
2,Origin Astarion - Docks Scene Edit,HyperspaceTowel,Gameplay,1.0.0.6,93,2025-10-05T18:12:36.000+00:00,published,,https://www.nexusmods.com/baldursgate3/mods/14852,14852,14852
2,Goblin Leaders' New Look,Khloii1,Visuals,3.2,93,2026-01-26T11:24:10.000+00:00,published,,https://www.nexusmods.com/baldursgate3/mods/18516,18516,18516
2,Better Shroom Glow - Upscaled Myconid Glow Textures,halfadder,Visuals,1.1,93,2025-10-31T00:16:03.000+00:00,published,,https://www.nexusmods.com/baldursgate3/mods/19436,19436,19436
2,Sickles Plus,robogena,Weapons,3.1,92,2025-08-12T02:48:46.000+00:00,published,,https://www.nexusmods.com/baldursgate3/mods/9563,9563,9563
2,Precious Head Presets - Briar,preciouslittle-bhaalbabe,Character Customisation,1.0,92,2025-09-25T23:08:26.000+00:00,published,,https://www.nexusmods.com/baldursgate3/mods/18850,18850,18850
2,Miam's Couple Pose Pack (BT4 x BT2),Miam,Photo Mode,1.1.0.0,92,2026-04-03T10:58:14.000+00:00,published,,https://www.nexusmods.com/baldursgate3/mods/21378,21378,21378
2,Truly Legendary - Blood Of Lathander,VargrNekrodes,Weapons,1.0.0,91,2025-01-10T20:27:54.000+00:00,published,,https://www.nexusmods.com/baldursgate3/mods/14596,14596,14596
2,Night Orchid Hair Accessory for Shadowheart and CC,marten9,Character Customisation,2.1,91,2026-05-11T18:27:37.000+00:00,published,,https://www.nexusmods.com/baldursgate3/mods/18350,18350,18350
2,Moonrise Towers' New Look,Khloii1,Visuals,2.0,91,2025-12-23T13:39:21.000+00:00,published,,https://www.nexusmods.com/baldursgate3/mods/18961,18961,18961
2,Walk and Run Swap - Female (Body Type 1),JayDiligent,Animations,1.0,91,2025-10-06T11:04:18.000+00:00,published,,https://www.nexusmods.com/baldursgate3/mods/19026,19026,19026
2,Painterly Presets - Heads For CC,lumadaire,Character Customisation,1.2,91,2026-05-14T23:13:14.000+00:00,published,,https://www.nexusmods.com/baldursgate3/mods/21670,21670,21670
2,Stone Sorcery - Subclass for Sorcerer,magroth12345,Classes,1.0.0.6,90,2025-04-19T07:44:19.000+00:00,published,,https://www.nexusmods.com/baldursgate3/mods/8299,8299,8299
2,Eternal Lockpick,SwissFred,Gameplay,2.0.8.8,90,2025-05-29T16:06:38.000+00:00,published,,https://www.nexusmods.com/baldursgate3/mods/15080,15080,15080
2,Silverwings,Askew,Armor,1.0.0,90,2026-01-31T17:20:55.000+00:00,published,,https://www.nexusmods.com/baldursgate3/mods/20524,20524,20524
2,Potent Sluts,Beeeast,Classes,1.2.0.0,90,2026-03-17T15:58:02.000+00:00,published,,https://www.nexusmods.com/baldursgate3/mods/21035,21035,21035
2,Champion of Selune - Equipment Mod,MapleResolve,Equipment,1.0.0.9,89,2024-10-20T18:07:34.000+00:00,published,,https://www.nexusmods.com/baldursgate3/mods/12859,12859,12859
2,Attunement (And Rarity Limits),osirisofinternet,Gameplay,1.3.5,89,2025-06-09T20:00:43.000+00:00,published,,https://www.nexusmods.com/baldursgate3/mods/14576,14576,14576
2,True Vision,SwissFred,Gameplay,3.0.8.4,89,2026-02-28T20:12:37.000+00:00,published,,https://www.nexusmods.com/baldursgate3/mods/14649,14649,14649
2,Void Step - New Spell,IceQuinn,Spells,1.0,89,2025-05-12T20:59:27.000+00:00,published,,https://www.nexusmods.com/baldursgate3/mods/15560,15560,15560
2,Divine Soul - Sorcerer,xarara,Classes,1.11,89,2025-11-12T16:19:46.000+00:00,published,,https://www.nexusmods.com/baldursgate3/mods/16468,16468,16468
2,Goon's Sorcerer Overhaul,BaldursGoonsack,Classes,1.1.2.0,89,2026-01-15T03:01:53.000+00:00,published,,https://www.nexusmods.com/baldursgate3/mods/17657,17657,17657
2,Ciri Witcher 4 Sword,EzioMaverick,Weapons,1.0,88,2025-02-15T08:26:00.000+00:00,published,,https://www.nexusmods.com/baldursgate3/mods/14993,14993,14993
2,Tharchiate Ascendency,Siael,Gameplay,1.2,88,2026-03-10T01:10:23.000+00:00,published,,https://www.nexusmods.com/baldursgate3/mods/18949,18949,18949
2,Abdirak Redone - The Gift of Pain,PoisonValentineXIII - SacredKorok,Visuals,1.0.0.3,88,2025-10-25T14:10:48.000+00:00,published,,https://www.nexusmods.com/baldursgate3/mods/19376,19376,19376
2,Flind Evolved,Exaen,Companions,2.0.1.0,88,2026-06-13T15:48:33.000+00:00,published,,https://www.nexusmods.com/baldursgate3/mods/19472,19472,19472
2,Beautiful Tragedy Couples Pose Pack,OrilaissAncunin,Photo Mode,1.0.0.4,88,2025-12-07T17:46:13.000+00:00,published,,https://www.nexusmods.com/baldursgate3/mods/20005,20005,20005
2,Bambi's Anahita,Bambi,Character Customisation,1.0,88,2026-03-18T21:54:11.000+00:00,published,,https://www.nexusmods.com/baldursgate3/mods/21980,21980,21980
2,Poesielibre's Iris Atelier - Eye Colors,Poesielibre,Character Customisation,1.0,88,2026-03-24T23:03:22.000+00:00,published,,https://www.nexusmods.com/baldursgate3/mods/22059,22059,22059
2,Commoner Class,The Wailing Bard,Classes,1.0.1.35,87,2026-05-26T09:59:38.000+00:00,published,,https://www.nexusmods.com/baldursgate3/mods/12581,12581,12581
2,Everybody Moves Fast,hawchangJA,Gameplay,1.0.3,87,2026-01-04T07:02:55.000+00:00,published,,https://www.nexusmods.com/baldursgate3/mods/14155,14155,14155
2,Paired Weapons and Improved Dual Wielding,KowboyBebop and KiwiLifter,Gameplay,1.4,87,2026-04-04T17:07:27.000+00:00,published,,https://www.nexusmods.com/baldursgate3/mods/18562,18562,18562
2,My King Your Lionheart,Aardi,Photo Mode,1.0.0.8,87,2025-11-10T07:33:41.000+00:00,published,,https://www.nexusmods.com/baldursgate3/mods/19464,19464,19464
2,Liber Tempestas - Symbo's Thunder and Lightning Spells - Volume 1,SymboJones,Spells,1.1.6,87,2026-01-11T09:40:20.000+00:00,published,,https://www.nexusmods.com/baldursgate3/mods/20255,20255,20255
2,Pumpkin Tailor Outfit BT2 and TMTS,Ayuro,Clothing,1.0,87,2026-02-22T16:14:20.000+00:00,published,,https://www.nexusmods.com/baldursgate3/mods/21597,21597,21597
2,Languages of the Sword Coast,MaxStrengthWizard,Gameplay,3.3.1,86,2026-05-13T14:52:17.000+00:00,published,,https://www.nexusmods.com/baldursgate3/mods/17594,17594,17594
2,Succubus Spells,Freja,Spells,1.0.0.1,86,2025-12-11T13:27:57.000+00:00,published,,https://www.nexusmods.com/baldursgate3/mods/19034,19034,19034
2,Reactions while Invisible BUGFIX,ChizFreak,Gameplay,1.2,86,2026-03-02T19:11:25.000+00:00,published,,https://www.nexusmods.com/baldursgate3/mods/19493,19493,19493
2,Elegant Poses for BT2,HastursQueen,Photo Mode,1.0.0.6.,86,2026-02-13T00:01:02.000+00:00,published,,https://www.nexusmods.com/baldursgate3/mods/19864,19864,19864
2,AxiAU - Zen,axianaa,Maps,1.0.0.18,86,2026-03-03T14:28:32.000+00:00,published,,https://www.nexusmods.com/baldursgate3/mods/20472,20472,20472
2,Flora Dress and Long Nature Hair,Lyniara,Character Customisation,1,86,2026-05-29T16:24:17.000+00:00,published,,https://www.nexusmods.com/baldursgate3/mods/23059,23059,23059
2,Ninjoma's- Ranger QOL Buffs,Ninjoma,Classes,1.0.6.1,85,2025-04-27T16:59:15.000+00:00,published,,https://www.nexusmods.com/baldursgate3/mods/14047,14047,14047
2,Cat's Library,CatDude55,Utilities,v1.43,85,2026-05-17T20:06:14.000+00:00,published,,https://www.nexusmods.com/baldursgate3/mods/17245,17245,17245
2,BG3 Crafting Overhaul Mod,NottaDocter,Gameplay,1.8,85,2025-08-05T00:32:53.000+00:00,published,,https://www.nexusmods.com/baldursgate3/mods/17280,17280,17280
2,Z'rell Ogre Execution Restored,Seristiina,Gameplay,1.0.0.1,85,2025-09-11T18:28:05.000+00:00,published,,https://www.nexusmods.com/baldursgate3/mods/18567,18567,18567
2,Automatic Magical Secrets Extender,mikeshardmind,Gameplay,1.1.2,85,2026-01-20T08:57:32.000+00:00,published,,https://www.nexusmods.com/baldursgate3/mods/20247,20247,20247
2,Camp Caster Helper,adriant1978,Gameplay,1.0.2.0,84,2026-05-05T11:31:06.000+00:00,published,,https://www.nexusmods.com/baldursgate3/mods/11512,11512,11512
2,Red Witch,Sadika,Classes,1.70,84,2025-12-02T20:09:07.000+00:00,published,,https://www.nexusmods.com/baldursgate3/mods/16699,16699,16699
2,Hardcore Help,BaldursGoonsack,Spells,5.0.0.4,83,2026-01-12T07:56:38.000+00:00,published,,https://www.nexusmods.com/baldursgate3/mods/10340,10340,10340
2,Mushroom Servants - Glut's Animating Spores,imCioco,Gameplay,1.5,83,2025-12-11T11:48:30.000+00:00,published,,https://www.nexusmods.com/baldursgate3/mods/12389,12389,12389
2,Champion fighter PHB 2024,Chugumbius,Classes,2.0.0.0,83,2026-04-09T04:31:47.000+00:00,published,,https://www.nexusmods.com/baldursgate3/mods/14957,14957,14957
2,Axi and Cay's Storytelling Pose Sets,axianaa and fateseeker cay,Photo Mode,1.0.0.12,83,2026-06-13T00:35:33.000+00:00,published,,https://www.nexusmods.com/baldursgate3/mods/20188,20188,20188
2,Midsize BT1 Custom Body,Haarlepspup,Character Customisation,1.0.1,83,2026-04-16T19:35:21.000+00:00,published,,https://www.nexusmods.com/baldursgate3/mods/20708,20708,20708
2,Knight Of Lunar Eclipse Armor,AeehyehssReeper,Armor,1.0.1,83,2026-01-31T15:18:18.000+00:00,published,,https://www.nexusmods.com/baldursgate3/mods/21068,21068,21068
2,Smart Ability Override,Siael,Gameplay,1.11,82,2026-06-22T01:08:27.000+00:00,published,,https://www.nexusmods.com/baldursgate3/mods/15723,15723,15723
2,Duplication Chest,SwissFred,Gameplay,7.0.8.10,82,2025-09-25T12:07:00.000+00:00,published,,https://www.nexusmods.com/baldursgate3/mods/16670,16670,16670
2,Dirt B Gone - NPC Edition,whatsontheflip,Visuals,1.0.5.0,82,2026-03-26T15:00:15.000+00:00,published,,https://www.nexusmods.com/baldursgate3/mods/18263,18263,18263
2,Origin Gods SE - MCM,wtfbengt,Gameplay,1.1.0.1,82,2026-05-28T20:26:33.000+00:00,published,,https://www.nexusmods.com/baldursgate3/mods/20583,20583,20583
2,Dignify,orinEsque,Clothing,3.10,82,2026-02-09T22:19:04.000+00:00,published,,https://www.nexusmods.com/baldursgate3/mods/21396,21396,21396
2,Astarion Act 3 Rivington Romance Fix,Magnetuning,Companions,1.0.0.0,82,2026-02-11T20:07:06.000+00:00,published,,https://www.nexusmods.com/baldursgate3/mods/21436,21436,21436
2,The Marine - An extremely out-of-place class and equipment mod,tacticalmem3 and jstricks24,Classes,2.1.0.2,81,2026-05-04T06:44:51.000+00:00,published,,https://www.nexusmods.com/baldursgate3/mods/11182,11182,11182
2,4 Hag Hairs,gasior,Gameplay,1.00,81,2024-09-08T12:45:44.000+00:00,published,,https://www.nexusmods.com/baldursgate3/mods/12048,12048,12048
2,Hollowborne - Satyr Inspired Presets,Alahria,Character Customisation,1.1,81,2025-11-10T23:11:03.000+00:00,published,,https://www.nexusmods.com/baldursgate3/mods/18643,18643,18643
2,Ziva Heels And Chain Stockings Campwear,EzioMaverick,Clothing,1.0,81,2025-11-22T14:24:34.000+00:00,published,,https://www.nexusmods.com/baldursgate3/mods/19752,19752,19752
2,Big and Small Poses,Munchy,Photo Mode,1.0.05,81,2026-02-20T04:07:05.000+00:00,published,,https://www.nexusmods.com/baldursgate3/mods/19934,19934,19934
2,Nia' Heads Pack 1,Nia1004,Character Customisation,1.0.0,81,2026-01-11T03:34:30.000+00:00,published,,https://www.nexusmods.com/baldursgate3/mods/20570,20570,20570
2,Kagha Redux - The Viper in the Grass,PosionvalentineXIII and Elledwyn,Visuals,1.0.0.2,81,2026-01-24T16:39:26.000+00:00,published,,https://www.nexusmods.com/baldursgate3/mods/20967,20967,20967
2,Slightly Deadlier Allies and Equipment,0CH,Gameplay,0.53,80,2025-08-06T21:25:29.000+00:00,published,,https://www.nexusmods.com/baldursgate3/mods/12264,12264,12264
2,Necromancy Heals Undead,ChizFreak,Spells,2.0.0,80,2026-05-12T12:57:20.000+00:00,published,,https://www.nexusmods.com/baldursgate3/mods/12666,12666,12666
2,Ninjoma's Paladin QOL Buffs,Ninjoma,Classes,1.0.4.0,80,2025-06-20T19:58:19.000+00:00,published,,https://www.nexusmods.com/baldursgate3/mods/13876,13876,13876
2,LootAura - Loot Pickup Aura with In-World Tooltips,pokersillo,Gameplay,8.4.2.6,80,2026-06-05T22:36:36.000+00:00,published,,https://www.nexusmods.com/baldursgate3/mods/20343,20343,20343
2,Little Mirror of Expressions (Full Collection),LittleHouseofImagination,Photo Mode,1.0,80,2026-01-28T01:37:59.000+00:00,published,,https://www.nexusmods.com/baldursgate3/mods/21059,21059,21059
2,Warlock and Patrons DnD 5R PHB2024,chizfreak,Classes,3.1.2,80,2026-06-22T01:26:25.000+00:00,published,,https://www.nexusmods.com/baldursgate3/mods/22677,22677,22677
2,Nyxra Head Preset,manuliparoni,Character Customisation,1,80,2026-06-03T16:08:19.000+00:00,published,,https://www.nexusmods.com/baldursgate3/mods/23014,23014,23014
2,Run On All Fours (animation replacer),FluffySpider,Animations,1.0,79,2024-11-01T09:21:11.000+00:00,published,,https://www.nexusmods.com/baldursgate3/mods/9527,9527,9527
2,Wyll Devil Form Portrait Fix,xJustAdam,Companions,1.3,79,2026-03-06T01:12:22.000+00:00,published,,https://www.nexusmods.com/baldursgate3/mods/19614,19614,19614
2,Lunomi's Heads - Part 2,Lunomi,Character Customisation,1.0.0.0,79,2026-04-15T18:58:11.000+00:00,published,,https://www.nexusmods.com/baldursgate3/mods/19678,19678,19678
2,Stepping Softly Poses by Echo,Echo20,Photo Mode,1.0.0,79,2025-12-06T16:28:53.000+00:00,published,,https://www.nexusmods.com/baldursgate3/mods/19970,19970,19970
2,Check Out Of The Elfsong - Act 3 Camp Swapper,Magnetuning,Gameplay,1.0.0.0,79,2025-12-26T21:12:09.000+00:00,published,,https://www.nexusmods.com/baldursgate3/mods/20316,20316,20316
2,Roah Moonglow Always Escapes,whatsontheflip,Gameplay,1.0.0.5,79,2026-04-26T06:47:56.000+00:00,published,,https://www.nexusmods.com/baldursgate3/mods/22529,22529,22529
2,Dark Urge has Urges (in combat).,Me,Gameplay,0.1,78,2024-11-20T18:03:04.000+00:00,published,,https://www.nexusmods.com/baldursgate3/mods/13072,13072,13072
2,Extra Attack for Rogue CF,BaldursGoonsack,Classes,1.1.0.0,78,2026-04-21T09:03:01.000+00:00,published,,https://www.nexusmods.com/baldursgate3/mods/13487,13487,13487
2,Listonomicon Again,Ajax,Miscellaneous,10,78,2026-06-01T00:58:20.000+00:00,published,,https://www.nexusmods.com/baldursgate3/mods/15237,15237,15237
2,Better Deva Summon,AzazeL and koboldJuno,Gameplay,2.2,78,2026-04-06T23:31:57.000+00:00,published,,https://www.nexusmods.com/baldursgate3/mods/15586,15586,15586
2,Arcane Recovery - Spell Balance Intent and Flavor,Sailor Cat,Spells,1.03.01,78,2026-04-28T05:08:38.000+00:00,published,,https://www.nexusmods.com/baldursgate3/mods/19623,19623,19623
2,Gale's Extended Tower,Seraphine,Maps,1.0.0.10,78,2025-12-17T10:35:51.000+00:00,published,,https://www.nexusmods.com/baldursgate3/mods/20165,20165,20165
2,SweetGenerous' Sassy Face - New heads,SweetGenerousThing,Character Customisation,2.1.01,78,2026-04-28T06:24:08.000+00:00,published,,https://www.nexusmods.com/baldursgate3/mods/21069,21069,21069
2,Origin Class Selection Unlocker,GaiusRomulus,Character Customisation,1.0,77,2025-06-05T14:06:21.000+00:00,published,,https://www.nexusmods.com/baldursgate3/mods/14454,14454,14454
2,Ajax Presents Again - Most Comprehensive Combat Extender Config for UNSO,Ajax,Miscellaneous,6.0,77,2025-08-09T02:19:23.000+00:00,published,,https://www.nexusmods.com/baldursgate3/mods/15626,15626,15626
2,Better Races All in One (Half Elves at last),CaptainsShieldMedia,Races,2.0c,77,2026-02-11T06:08:53.000+00:00,published,,https://www.nexusmods.com/baldursgate3/mods/18503,18503,18503
2,Thematic Items,Soles,Equipment,2.0.1,76,2024-06-05T11:00:42.000+00:00,published,,https://www.nexusmods.com/baldursgate3/mods/8542,8542,8542
2,Low or No VFX Infernal Fury,Nikjima,Visuals,1.0.0.5,76,2026-01-31T12:50:21.000+00:00,published,,https://www.nexusmods.com/baldursgate3/mods/17222,17222,17222
2,Extremely Literal Mirror Scene Line For All Races,EmeraldTechno,Gameplay,1.0.0,76,2025-08-11T00:30:56.000+00:00,published,,https://www.nexusmods.com/baldursgate3/mods/18057,18057,18057
2,Dragonborn Hatchlings - Children of the Gate,AkELkA,Companions,1.0.0.5,76,2025-11-06T03:24:15.000+00:00,published,,https://www.nexusmods.com/baldursgate3/mods/19555,19555,19555
2,Gloomy moon - Shadowheart edit,SweetGenerousThing,Companions,1.3,76,2026-04-14T19:30:43.000+00:00,published,,https://www.nexusmods.com/baldursgate3/mods/22270,22270,22270
2,Miria Head Preset,manuliparoni,Character Customisation,1.0,76,2026-04-28T17:13:43.000+00:00,published,,https://www.nexusmods.com/baldursgate3/mods/22584,22584,22584
2,Luna Head Preset New,manuliparoni,Character Customisation,1.0,76,2026-05-08T18:08:58.000+00:00,published,,https://www.nexusmods.com/baldursgate3/mods/22760,22760,22760
2,Giant Soul - Sorcerer Subclass,magroth12345,Classes,1.1.0.1,75,2025-04-18T06:34:04.000+00:00,published,,https://www.nexusmods.com/baldursgate3/mods/9960,9960,9960
2,Frostbound Legendaries,Cordelliia,Equipment,1.0,75,2025-12-23T20:05:50.000+00:00,published,,https://www.nexusmods.com/baldursgate3/mods/13543,13543,13543
2,Gale and His Netherese Orb - A Magical Appetite,BaldursGoonsack,Gameplay,2.3.0.1,75,2026-01-06T05:01:33.000+00:00,published,,https://www.nexusmods.com/baldursgate3/mods/14442,14442,14442
2,Pixie Blessing Plus,SwissFred,Gameplay,2.1.8.0,75,2026-03-06T13:45:19.000+00:00,published,,https://www.nexusmods.com/baldursgate3/mods/14655,14655,14655
2,Tarot Feat -  Major Arcana,yoonmoonsik43,Gameplay,1.0.0.2,75,2025-04-16T04:47:14.000+00:00,published,,https://www.nexusmods.com/baldursgate3/mods/15280,15280,15280
2,Florrick Restyled,whatsontheflip,Visuals,2.0.0.1,75,2026-03-29T23:47:56.000+00:00,published,,https://www.nexusmods.com/baldursgate3/mods/17039,17039,17039
2,Tail of The Frontier - A devil Wyll exclusive equipment,Poesielibre,Equipment,1.0,75,2025-06-19T13:19:15.000+00:00,published,,https://www.nexusmods.com/baldursgate3/mods/17071,17071,17071
2,Permanent Spells - No Concentration or VFX (AOE Option Included),Freja,Spells,1.0.0,75,2025-09-17T16:40:11.000+00:00,published,,https://www.nexusmods.com/baldursgate3/mods/17682,17682,17682
2,Bhaalist Hair Accessory For All Races and Body Types,VarisiaBG3,Clothing,2.0.0,75,2025-12-12T13:54:35.000+00:00,published,,https://www.nexusmods.com/baldursgate3/mods/18993,18993,18993
2,Custom Female Body (Type 1),MidnightLance,Character Customisation,1.01,75,2026-04-21T10:13:31.000+00:00,published,,https://www.nexusmods.com/baldursgate3/mods/19601,19601,19601
2,Winter Wonderland - Cold Damage Armour for Casters,copperleaves,Armor,1.0.0.24,75,2026-01-13T06:43:21.000+00:00,published,,https://www.nexusmods.com/baldursgate3/mods/20171,20171,20171
2,Clawstep - Dragonborn Body - Breast CC Selector,AkELkA,Character Customisation,1.0.0.8,75,2026-02-21T20:08:14.000+00:00,published,,https://www.nexusmods.com/baldursgate3/mods/20548,20548,20548
2,Akm Tiefling Body,Akumu22,Character Customisation,1.3.3.0,75,2026-06-22T08:41:13.000+00:00,published,,https://www.nexusmods.com/baldursgate3/mods/23058,23058,23058
2,Eternal Trap Disarm Kit,SwissFred,Gameplay,3.0.8.10,74,2026-02-17T22:34:07.000+00:00,published,,https://www.nexusmods.com/baldursgate3/mods/15085,15085,15085
2,Dark Urge - True Origin Immersion,RadicalEdwardXII,Gameplay,1.0.0.1,74,2025-11-12T12:08:41.000+00:00,published,,https://www.nexusmods.com/baldursgate3/mods/19437,19437,19437
2,Artemis' Sweet Collection BT1xBT4,ArtemisTheCat,Photo Mode,1.0,74,2025-11-17T00:00:01.000+00:00,published,,https://www.nexusmods.com/baldursgate3/mods/19692,19692,19692
2,Sinners Pose Pack,Jessiemeows,Photo Mode,1.0.0.14,74,2026-01-24T22:33:52.000+00:00,published,,https://www.nexusmods.com/baldursgate3/mods/20934,20934,20934
2,Unsoiled,Nzx,Visuals,1.0.3,74,2026-06-01T12:55:51.000+00:00,published,,https://www.nexusmods.com/baldursgate3/mods/22472,22472,22472
2,Ultimate Tactical AI Companions,Vercadi,Gameplay,1.1.3,74,2026-05-18T15:23:59.000+00:00,published,,https://www.nexusmods.com/baldursgate3/mods/22558,22558,22558
2,Auto-Knockout Story NPCs,whatsontheflip,Gameplay,1.0.1.5,74,2026-05-22T20:16:34.000+00:00,published,,https://www.nexusmods.com/baldursgate3/mods/22662,22662,22662
2,Chains of Cania,crowwithasword,Classes,1.0.3,73,2026-01-08T23:11:59.000+00:00,published,,https://www.nexusmods.com/baldursgate3/mods/11720,11720,11720
2,Wearable Harper Pin,xJustAdam,Equipment,1.0,73,2024-12-19T17:39:24.000+00:00,published,,https://www.nexusmods.com/baldursgate3/mods/14350,14350,14350
2,PF2e Spells Updated and Reduced,Gycicada,Spells,2.0,73,2026-02-11T05:00:20.000+00:00,published,,https://www.nexusmods.com/baldursgate3/mods/15367,15367,15367
2,Mod Conflict Identifier,Cowpuncher,Utilities,hurrdurr10,73,2026-06-14T15:59:38.000+00:00,published,,https://www.nexusmods.com/baldursgate3/mods/17965,17965,17965
2,Mizora Redux - The Fury of Avernus,PosionvalentineXIII,Visuals,1.0.0.3,73,2025-12-21T22:39:27.000+00:00,published,,https://www.nexusmods.com/baldursgate3/mods/20202,20202,20202
2,Overlove (BT2) (BT1),Mary,Photo Mode,20875335,73,2026-01-27T19:04:30.000+00:00,published,,https://www.nexusmods.com/baldursgate3/mods/20819,20819,20819
2,The Viltrumite Race,ukmerked,Races,1.2.1,73,2026-04-25T20:26:54.000+00:00,published,,https://www.nexusmods.com/baldursgate3/mods/21785,21785,21785
2,FTSortingBags,Fox_Tek,User Interface,2,73,2026-04-18T17:30:56.000+00:00,published,,https://www.nexusmods.com/baldursgate3/mods/22369,22369,22369
2,No Emperor Romance,koboldJuno,Gameplay,1.0,73,2026-05-06T13:09:07.000+00:00,published,,https://www.nexusmods.com/baldursgate3/mods/22734,22734,22734
2,Divine Equipment Set,StuWil,Equipment,1,72,2024-11-15T18:19:11.000+00:00,published,,https://www.nexusmods.com/baldursgate3/mods/13821,13821,13821
2,Regalia of Karsus,koboldJuno,Equipment,1.1,72,2025-08-22T11:04:34.000+00:00,published,,https://www.nexusmods.com/baldursgate3/mods/15529,15529,15529
2,DVQR - Really Shadowheart Compatibility Patch,ims21c and Aj942,Audio,1.1,72,2025-05-01T03:11:01.000+00:00,published,,https://www.nexusmods.com/baldursgate3/mods/15822,15822,15822
2,Ninjoma's College of Swords (Bard) QOL Buffs,Ninjoma,Classes,1.0.1.0,72,2025-06-21T19:33:15.000+00:00,published,,https://www.nexusmods.com/baldursgate3/mods/16753,16753,16753
2,Astarion's Ponytail,preciouslittle-bhaalbabe,Companions,1.0,72,2025-06-06T09:30:44.000+00:00,published,,https://www.nexusmods.com/baldursgate3/mods/16920,16920,16920
2,Immediate Tutorial Chest,For_Kiramay,Utilities,1.0.0.5,72,2026-02-20T22:10:47.000+00:00,published,,https://www.nexusmods.com/baldursgate3/mods/18360,18360,18360
2,Celestial Might - Playable Aasimar,Tepkunset and MaxStrengthWizard,Races,2.1,72,2026-05-05T13:56:47.000+00:00,published,,https://www.nexusmods.com/baldursgate3/mods/20083,20083,20083
2,Crimson Hair Catalog Part 3,SweetGenerousThing,Character Customisation,1,72,2026-06-08T07:51:54.000+00:00,published,,https://www.nexusmods.com/baldursgate3/mods/23257,23257,23257
2,Enweaved Feat,Ajax - Baldurs Goonsack - Yoesph,Gameplay,1.1.1,71,2024-10-28T02:01:26.000+00:00,published,,https://www.nexusmods.com/baldursgate3/mods/13310,13310,13310
2,Treasure Hunter's Shovel,YourCloud,Equipment,2.0,71,2024-11-21T11:56:30.000+00:00,published,,https://www.nexusmods.com/baldursgate3/mods/13922,13922,13922
2,ASE Cat Backpack - Summon 4 Unique Cats,ase243,Companions,1.0.0.9,71,2025-05-25T02:33:39.000+00:00,published,,https://www.nexusmods.com/baldursgate3/mods/16669,16669,16669
2,Everburn Blade Upgrade Path,ZeAtzuul,Equipment,1.0.1.14,71,2025-05-26T20:44:36.000+00:00,published,,https://www.nexusmods.com/baldursgate3/mods/16816,16816,16816
2,Dyes of the Deities,kldexter,Equipment,1.0.0.3,71,2025-06-13T17:11:19.000+00:00,published,,https://www.nexusmods.com/baldursgate3/mods/17138,17138,17138
2,Crimson Sorceress Armour and Crown,Beaned Sprout,Armor,1.0,71,2025-10-15T10:01:25.000+00:00,published,,https://www.nexusmods.com/baldursgate3/mods/19204,19204,19204
2,Cady's Tiefling Poses,cadyplays,Photo Mode,1.0.0.7,71,2025-12-02T09:54:41.000+00:00,published,,https://www.nexusmods.com/baldursgate3/mods/19907,19907,19907
2,Small Heath Attire - Suit Clothes Outfit,Maelle,Clothing,1.0.0,71,2025-12-18T16:07:24.000+00:00,published,,https://www.nexusmods.com/baldursgate3/mods/20190,20190,20190
2,Tavern Tales (a platonic pose pack for all body types),rdekarios,Photo Mode,1.0.0.12,71,2026-02-14T14:14:41.000+00:00,published,,https://www.nexusmods.com/baldursgate3/mods/21465,21465,21465
2,Pale Oak Faithwarden Enhanced,ChizFreak,Weapons,1.0.1,70,2025-11-12T19:53:06.000+00:00,published,,https://www.nexusmods.com/baldursgate3/mods/13809,13809,13809
2,Quil to Pearl - NPC Dragonborn replacer,AkELkA,Character Customisation,1.0.0.7,70,2025-12-15T07:54:17.000+00:00,published,,https://www.nexusmods.com/baldursgate3/mods/15717,15717,15717
2,Jadeci Masculine Hairstyles,Elledwyn,Character Customisation,1.0.0.16,70,2026-01-02T00:16:24.000+00:00,published,,https://www.nexusmods.com/baldursgate3/mods/20448,20448,20448
2,No Sense of Personal Space,Utrennyaya,Photo Mode,1.0.0.16,70,2026-01-18T18:28:21.000+00:00,published,,https://www.nexusmods.com/baldursgate3/mods/20506,20506,20506
2,Precious Vampy Presets,preciouslittle-bhaalbabe,Character Customisation,1.0,70,2026-03-12T18:04:58.000+00:00,published,,https://www.nexusmods.com/baldursgate3/mods/20916,20916,20916
2,Sea Sorcery - Sorcerer Subclass,magroth12345,Classes,1.0.0.2,69,2025-04-26T21:55:47.000+00:00,published,,https://www.nexusmods.com/baldursgate3/mods/10402,10402,10402
2,A Hot Pink Dye Named Breakfast,Magnetuning,Equipment,1.0.0.0,69,2025-01-29T20:27:03.000+00:00,published,,https://www.nexusmods.com/baldursgate3/mods/14831,14831,14831
2,Meaningful Skills - Combat Bonuses and Spells,KowboyBebop,Gameplay,2.2,69,2026-06-21T09:06:50.000+00:00,published,,https://www.nexusmods.com/baldursgate3/mods/18442,18442,18442
2,Body Tattoo For Halsin,benben1205,Companions,1.0.0.2,69,2026-05-25T12:32:35.000+00:00,published,,https://www.nexusmods.com/baldursgate3/mods/19691,19691,19691
2,Dragonborn and Tiefling Tails with Accessories Series 2,Petrigrof99,Character Customisation,2.0.0,69,2026-02-15T03:40:13.000+00:00,published,,https://www.nexusmods.com/baldursgate3/mods/20329,20329,20329
2,Realm Builder,RingoIp,Utilities,1.1.5.0,69,2026-05-20T06:03:41.000+00:00,published,,https://www.nexusmods.com/baldursgate3/mods/21486,21486,21486
2,Bambi's Fawn,Bambi,Character Customisation,1.0,69,2026-03-25T15:28:12.000+00:00,published,,https://www.nexusmods.com/baldursgate3/mods/21858,21858,21858
2,Verdym Casual Collection,Aruless,Equipment,1.1,68,2025-04-19T06:05:05.000+00:00,published,,https://www.nexusmods.com/baldursgate3/mods/12394,12394,12394
2,Barbarian of our Heart - Endgame Barbarian Legendaries,Cordelliia,Equipment,1.1,68,2024-11-22T02:57:24.000+00:00,published,,https://www.nexusmods.com/baldursgate3/mods/13929,13929,13929
2,Wyll of Baldur's Gate,lumadaire,Visuals,1.0,68,2025-12-03T19:14:05.000+00:00,published,,https://www.nexusmods.com/baldursgate3/mods/19915,19915,19915
2,Marksman - A Gunslinger class,maradi,Classes,1.2.1.0,68,2026-06-24T09:17:37.000+00:00,published,,https://www.nexusmods.com/baldursgate3/mods/20477,20477,20477
2,Jennie Kim Head Preset,Vespertilio,Character Customisation,1.0.0.0,68,2026-03-05T20:50:12.000+00:00,published,,https://www.nexusmods.com/baldursgate3/mods/21689,21689,21689
2,Invulnerable Gondians,koboldJuno,Gameplay,1.0,68,2026-03-10T23:34:12.000+00:00,published,,https://www.nexusmods.com/baldursgate3/mods/21851,21851,21851
2,Lunomi's Heads - Part IV,Lunomi,Character Customisation,1,68,2026-06-01T14:23:00.000+00:00,published,,https://www.nexusmods.com/baldursgate3/mods/22085,22085,22085
2,Fresh Loot,undernier,Equipment,1.0,67,2024-12-17T06:58:38.000+00:00,published,,https://www.nexusmods.com/baldursgate3/mods/13947,13947,13947
2,Soul Exchange- A Soul Coin economy mod,Ninjoma,Equipment,1.2.0.0,67,2025-04-28T23:49:43.000+00:00,published,,https://www.nexusmods.com/baldursgate3/mods/14285,14285,14285
2,Useful Rings,Naixee,Equipment,2.0,67,2025-05-19T15:38:36.000+00:00,published,,https://www.nexusmods.com/baldursgate3/mods/14768,14768,14768
2,Radiant burst - homebrew spell,koboldJuno,Gameplay,2.1,67,2025-11-28T03:18:03.000+00:00,published,,https://www.nexusmods.com/baldursgate3/mods/14778,14778,14778
2,Longstrider AoE - Patch 8 Compatible,ChizFreak,Gameplay,1.2.1,67,2025-10-21T23:04:37.000+00:00,published,,https://www.nexusmods.com/baldursgate3/mods/16032,16032,16032
2,True Invisible Shield (Patch 8 Compatible),DumbleeDee,Equipment,1.1,67,2025-05-03T19:45:47.000+00:00,published,,https://www.nexusmods.com/baldursgate3/mods/16097,16097,16097
2,Kagha Sells Broodmother's Revenge,xJustAdam,Gameplay,1.0,67,2025-05-14T15:42:20.000+00:00,published,,https://www.nexusmods.com/baldursgate3/mods/16576,16576,16576
2,Arcane Shots Consolidated,Muffel,User Interface,1.0.0,67,2025-06-05T17:30:14.000+00:00,published,,https://www.nexusmods.com/baldursgate3/mods/17011,17011,17011
2,Curvy Goblins (Nude Enhancement),Dee,Visuals,1.0.0,67,2025-08-06T01:30:22.000+00:00,published,,https://www.nexusmods.com/baldursgate3/mods/18001,18001,18001
2,Human Females and Shadowheart Hand Texture Fix,Nzx,Visuals,1.0.1,67,2026-04-09T18:56:18.000+00:00,published,,https://www.nexusmods.com/baldursgate3/mods/20646,20646,20646
2,Valentine's Kiss Game,Utrennyaya,Photo Mode,1.0,67,2026-02-14T18:41:03.000+00:00,published,,https://www.nexusmods.com/baldursgate3/mods/21476,21476,21476
2,The Beauty and the Hunk - Meaty Boys Lover Edition Poses,La Vakariana_CatastrophicalCat,Photo Mode,1.0,67,2026-02-19T13:42:26.000+00:00,published,,https://www.nexusmods.com/baldursgate3/mods/21545,21545,21545
2,Fatebound - Approval Rating Reforged,Siael,Gameplay,1.3,67,2026-06-21T23:27:15.000+00:00,published,,https://www.nexusmods.com/baldursgate3/mods/22458,22458,22458
2,Dungeon Master's Gathering (DMG) - Flame Tongue (5e - SRD - DMG),Monsamoai,Weapons,2.0.1,66,2024-06-22T18:37:30.000+00:00,published,,https://www.nexusmods.com/baldursgate3/mods/9910,9910,9910
2,Way of the Four Elements Monk Overhaul,Hackedmojo,Classes,2.3.0.54,66,2026-06-05T00:20:43.000+00:00,published,,https://www.nexusmods.com/baldursgate3/mods/15266,15266,15266
2,Skill Actions 2 Consolidated,nemid,User Interface,2.0.4,66,2026-05-01T22:20:47.000+00:00,published,,https://www.nexusmods.com/baldursgate3/mods/16911,16911,16911
2,Blade Flourishes Consolidated,Muffel,User Interface,1.0.1,66,2025-10-16T17:18:52.000+00:00,published,,https://www.nexusmods.com/baldursgate3/mods/17106,17106,17106
2,Cahoot's Absolute's Laboratory Config,Cahoot,Gameplay,1.1.3,66,2026-05-01T13:26:00.000+00:00,published,,https://www.nexusmods.com/baldursgate3/mods/19790,19790,19790
2,Elegant Women's Pajamas and Glitter Socks (Camp Clothes),Elledwyn,Clothing,1.0.0.10,66,2025-12-31T14:02:41.000+00:00,published,,https://www.nexusmods.com/baldursgate3/mods/20413,20413,20413
2,The Frozen Shadow - Warlock Subclass,GIGeorge95,Classes,1.0.0.48,66,2026-04-08T04:31:42.000+00:00,published,,https://www.nexusmods.com/baldursgate3/mods/22324,22324,22324
2,All-In-One Collector,SwissFred,Gameplay,2.1.8.20,65,2025-08-09T11:44:09.000+00:00,published,,https://www.nexusmods.com/baldursgate3/mods/16939,16939,16939
2,Lightbringer Reforged - Paladin Overhaul and Smite Rework (Necrotic Smite Update),Muffel,Spells,3.3.0,65,2026-06-22T10:47:20.000+00:00,published,,https://www.nexusmods.com/baldursgate3/mods/17291,17291,17291
2,Goon's Coffee Lock - Use Warlock Spell Slots First,BaldursGoonsack,Classes,1.2.0.1,65,2026-01-07T07:37:11.000+00:00,published,,https://www.nexusmods.com/baldursgate3/mods/17634,17634,17634
2,Spell Smith Class,longbonecologne,Classes,2.3,65,2026-01-13T10:05:42.000+00:00,published,,https://www.nexusmods.com/baldursgate3/mods/18256,18256,18256
2,Cervidae Head Pack,AdrasteaMoon,Character Customisation,1.0,65,2026-01-24T18:24:13.000+00:00,published,,https://www.nexusmods.com/baldursgate3/mods/19162,19162,19162
2,Nia' Heads Pack 2,Nia1004,Character Customisation,1.0.1,65,2026-01-12T19:33:55.000+00:00,published,,https://www.nexusmods.com/baldursgate3/mods/20599,20599,20599
2,SoloLeveling - Shadow Monarch MCM,iNoah,Classes,2.80,65,2026-06-26T22:23:11.000+00:00,published,,https://www.nexusmods.com/baldursgate3/mods/23139,23139,23139
2,Skeleton Shortbow Nerf,Sailor Cat,Gameplay,1.00.01,64,2025-11-23T17:22:11.000+00:00,published,,https://www.nexusmods.com/baldursgate3/mods/14001,14001,14001
2,Bloody Inheritance - Dark Urge Passive,koboldJuno,Gameplay,1.1,64,2026-01-19T14:05:51.000+00:00,published,,https://www.nexusmods.com/baldursgate3/mods/20094,20094,20094
2,Goblin Leaders' New Look Revamped,Khloii1,Visuals,3.1,64,2026-05-03T15:48:40.000+00:00,published,,https://www.nexusmods.com/baldursgate3/mods/20095,20095,20095
2,Better Dialogue Controls - SE,wtfbengt,Utilities,1.1.2.3,64,2026-05-29T14:14:08.000+00:00,published,,https://www.nexusmods.com/baldursgate3/mods/20908,20908,20908
2,Attitude Adjuster - Approval Gains SE,wtfbengt,Gameplay,1.2.0.1,64,2026-06-17T18:07:05.000+00:00,published,,https://www.nexusmods.com/baldursgate3/mods/20933,20933,20933
2,Tyrant Alive - Saving Gortash mod,nuage12,Gameplay,2.0.32,64,2026-05-10T17:30:12.000+00:00,published,,https://www.nexusmods.com/baldursgate3/mods/21318,21318,21318
2,Prismortalis,nvlliel,Classes,5.4.1,64,2026-06-14T16:42:34.000+00:00,published,,https://www.nexusmods.com/baldursgate3/mods/21344,21344,21344
2,Precious Head Presets - Juniper,preciouslittle-bhaalbabe,Character Customisation,1.0,64,2026-02-21T10:31:59.000+00:00,published,,https://www.nexusmods.com/baldursgate3/mods/21573,21573,21573
2,Isobel Survivability Overhaul,koboldJuno,Gameplay,1.1.0.0,64,2026-04-17T12:40:57.000+00:00,published,,https://www.nexusmods.com/baldursgate3/mods/22470,22470,22470
2,Native Camera Tweaks with GUI,3phedra,Gameplay,2.5.1,64,2026-05-27T00:16:29.000+00:00,published,,https://www.nexusmods.com/baldursgate3/mods/22892,22892,22892
2,Double Subclass (choose two subclasses),icefalls,Gameplay,1.3,63,2026-06-25T15:56:07.000+00:00,published,,https://www.nexusmods.com/baldursgate3/mods/13636,13636,13636
2,Dirty Fighting Feat,CatDude55,Gameplay,2.01,63,2025-08-13T05:21:25.000+00:00,published,,https://www.nexusmods.com/baldursgate3/mods/14049,14049,14049
2,PlayBunny Poses,Munchy,Photo Mode,1.0.08,63,2026-04-19T18:15:16.000+00:00,published,,https://www.nexusmods.com/baldursgate3/mods/19936,19936,19936
2,Ziva Pointy Heels And Stockings Dress Campwear,EzioMaverick,Clothing,1.0,63,2026-02-01T11:35:30.000+00:00,published,,https://www.nexusmods.com/baldursgate3/mods/21190,21190,21190
2,Props 2 U - Modern VP Props Starter Pack,ObsessedWhyYes,Photo Mode,1.0.0,63,2026-03-10T16:29:21.000+00:00,published,,https://www.nexusmods.com/baldursgate3/mods/21837,21837,21837
2,LMDR's Trio Head Pack,lumadaire,Character Customisation,1.1,63,2026-06-14T13:49:16.000+00:00,published,,https://www.nexusmods.com/baldursgate3/mods/22726,22726,22726
2,Vampiric Head Pack,manuliparoni,Character Customisation,1,63,2026-06-25T15:20:22.000+00:00,published,,https://www.nexusmods.com/baldursgate3/mods/23138,23138,23138
2,Stormlord's Arsenal Of Lightning And Thunder Spells,LeKarentor,Spells,1.0.0.5,62,2025-06-18T13:07:50.000+00:00,published,,https://www.nexusmods.com/baldursgate3/mods/17052,17052,17052
2,Weapons Of The Feywild,SultryShea,Weapons,1.0,62,2025-07-23T20:36:56.000+00:00,published,,https://www.nexusmods.com/baldursgate3/mods/17718,17718,17718
2,Dark Urge Bhaalspawn Lineage,ChizFreak,Gameplay,1.4.1,62,2026-01-28T03:41:33.000+00:00,published,,https://www.nexusmods.com/baldursgate3/mods/18740,18740,18740
2,Wyll You Sit With Me,HyperspaceTowel,Companions,1.0.0.20,62,2026-05-30T14:36:18.000+00:00,published,,https://www.nexusmods.com/baldursgate3/mods/18972,18972,18972
2,Dragonborn Walk to Idle Animation Bug Fix - Male and Female,JayDiligent,Animations,1.0,62,2025-11-14T17:16:12.000+00:00,published,,https://www.nexusmods.com/baldursgate3/mods/19663,19663,19663
2,Kiss Gortash,nuage12,Gameplay,1.2,62,2025-12-19T17:05:10.000+00:00,published,,https://www.nexusmods.com/baldursgate3/mods/20146,20146,20146
2,Missed Opportunity,SEVNC3,Gameplay,V2.4.9HF-Final,62,2026-02-16T14:30:23.000+00:00,published,,https://www.nexusmods.com/baldursgate3/mods/20601,20601,20601
2,Diamon's Mystic Manual - Spellblade Class,Backburner26,Classes,1.2,61,2025-12-22T12:02:09.000+00:00,published,,https://www.nexusmods.com/baldursgate3/mods/3998,3998,3998
2,Robe of Winter (Balanced) and cold frost frozen passives (Upgraded),darcyy77,Equipment,1.1,61,2025-09-21T17:04:36.000+00:00,published,,https://www.nexusmods.com/baldursgate3/mods/14842,14842,14842
2,Degreaser 2.0 - new equipment and creature rebalances,Ajax,Miscellaneous,9,61,2026-02-19T04:03:02.000+00:00,published,,https://www.nexusmods.com/baldursgate3/mods/15258,15258,15258
2,Pool Floaties,baeator,Equipment,1.0.0,61,2025-06-21T13:51:44.000+00:00,published,,https://www.nexusmods.com/baldursgate3/mods/17242,17242,17242
2,Downed Condition DnD 5e,ChizFreak,Gameplay,1.3,61,2026-05-02T02:11:45.000+00:00,published,,https://www.nexusmods.com/baldursgate3/mods/19103,19103,19103
2,I Surrender,KowboyBebop,Gameplay,1.4.1,61,2026-06-24T23:41:49.000+00:00,published,,https://www.nexusmods.com/baldursgate3/mods/19112,19112,19112
2,Little Spark Pregnancy Poses,La Vakariana,Photo Mode,1.1,61,2026-04-18T18:19:34.000+00:00,published,,https://www.nexusmods.com/baldursgate3/mods/20150,20150,20150
2,Life of a Faerunian Girl (Revamped Edition),LittleHouseofImagination and Goblin,Photo Mode,1.0,61,2026-02-24T01:32:40.000+00:00,published,,https://www.nexusmods.com/baldursgate3/mods/21629,21629,21629
2,A Dance With Death,LifeofaSin,Photo Mode,1.0.0,61,2026-03-07T02:13:08.000+00:00,published,,https://www.nexusmods.com/baldursgate3/mods/21766,21766,21766
2,Faerie Race,EvilSnail0fDestruktion,Races,5.1.0.0,60,2026-05-15T19:03:05.000+00:00,published,,https://www.nexusmods.com/baldursgate3/mods/14434,14434,14434
2,Feat - Dexterous Weapon Master,IncogneatoBurrito,Gameplay,1.0.0.5,60,2025-10-27T20:27:47.000+00:00,published,,https://www.nexusmods.com/baldursgate3/mods/19197,19197,19197
2,Night Orchid's Grace - Shadowheart Exclusive Buff,koboldJuno,Gameplay,1.1,60,2026-04-20T13:23:20.000+00:00,published,,https://www.nexusmods.com/baldursgate3/mods/19770,19770,19770
2,Real Hot Girl Poses (ah),Mossy the Padlock,Photo Mode,1.0.0.11,60,2026-04-09T18:21:04.000+00:00,published,,https://www.nexusmods.com/baldursgate3/mods/20402,20402,20402
2,Duelist Class - Maelle's 'Class' from Expedition 33.,longbonecologne,Classes,1.1.2,60,2026-03-02T08:28:51.000+00:00,published,,https://www.nexusmods.com/baldursgate3/mods/20587,20587,20587
2,Sapphic Selunites,SolTheWitch,Photo Mode,1,60,2026-02-14T17:59:31.000+00:00,published,,https://www.nexusmods.com/baldursgate3/mods/21478,21478,21478
2,Raw,Utrennyaya,Photo Mode,1.0.0.4,60,2026-03-05T09:42:42.000+00:00,published,,https://www.nexusmods.com/baldursgate3/mods/21716,21716,21716
2,Necribelle - A Summon Mod,M3g4Pint,Companions,1,60,2026-06-28T16:47:09.000+00:00,published,,https://www.nexusmods.com/baldursgate3/mods/22333,22333,22333
2,Pursuit of Jade Head Presets,VespertilioArt,Character Customisation,1,60,2026-04-27T14:41:44.000+00:00,published,,https://www.nexusmods.com/baldursgate3/mods/22561,22561,22561
2,Pride 'n Prejudice - Maps for VP,inkyplz,Maps,1.0.0.14,60,2026-05-11T13:57:01.000+00:00,published,,https://www.nexusmods.com/baldursgate3/mods/22800,22800,22800
2,Ninjoma's Useful Weapon Compendium- N.U.W.C.,Ninjoma,Weapons,1.0.0.0,59,2025-07-01T14:27:05.000+00:00,published,,https://www.nexusmods.com/baldursgate3/mods/17342,17342,17342
2,Dungeon Light Aura Toggle (Lumen Umbra),SwissFred,Gameplay,1.0.8.12,59,2026-01-31T19:46:13.000+00:00,published,,https://www.nexusmods.com/baldursgate3/mods/18343,18343,18343
2,Heavy Weapons RAW,MaxStrengthWizard,Gameplay,1.4.8,59,2026-06-17T10:59:04.000+00:00,published,,https://www.nexusmods.com/baldursgate3/mods/19028,19028,19028
2,Kuo-Toa princess,Orionnix,Armor,1.0,59,2025-12-01T21:40:36.000+00:00,published,,https://www.nexusmods.com/baldursgate3/mods/19898,19898,19898
2,College of Winter Spirit - Ice Mage Holiday Bard,Jasondunna,Classes,1.0,59,2025-12-13T06:37:58.000+00:00,published,,https://www.nexusmods.com/baldursgate3/mods/20114,20114,20114
2,Shadowheart's Elfsong Stool,koboldJuno,Companions,1.0,59,2026-02-19T14:19:54.000+00:00,published,,https://www.nexusmods.com/baldursgate3/mods/21543,21543,21543
2,(DTO) Otherworldy Archetypes,DaelenEverlight,Classes,1.2.0.66,59,2026-06-17T17:15:32.000+00:00,published,,https://www.nexusmods.com/baldursgate3/mods/21822,21822,21822
2,Great Tits - yes they jiggle,ARAFEL,Gameplay,1,59,2026-06-04T06:40:19.000+00:00,published,,https://www.nexusmods.com/baldursgate3/mods/23181,23181,23181
2,Avernus Warhound Armor - Trench Crusade Fan Work,AeehyehssReeper,Armor,3.0.0,58,2026-01-11T13:54:44.000+00:00,published,,https://www.nexusmods.com/baldursgate3/mods/11178,11178,11178
2,Skyward Alchemy - Flight Potions,AkELkA,Spells,1.0.0.5,58,2025-06-12T04:45:04.000+00:00,published,,https://www.nexusmods.com/baldursgate3/mods/17065,17065,17065
2,Shovel Fix,Sailor Cat,Gameplay,1.00.00,58,2025-09-01T16:22:02.000+00:00,published,,https://www.nexusmods.com/baldursgate3/mods/18433,18433,18433
2,Triton Race,IKarl96,Races,1.6,58,2026-05-15T20:29:15.000+00:00,published,,https://www.nexusmods.com/baldursgate3/mods/18449,18449,18449
2,Blood Alchemy,Commissioned - Dawnstar99,Spells,1.0,58,2025-09-12T01:32:00.000+00:00,published,,https://www.nexusmods.com/baldursgate3/mods/18544,18544,18544
2,Wyll's New Look,Khloii1,Visuals,2.2,58,2026-06-28T07:48:42.000+00:00,published,,https://www.nexusmods.com/baldursgate3/mods/18849,18849,18849
2,Oops All Characters with simple NPC enemy spawner,Mazzle,Miscellaneous,1.0.0,58,2026-05-01T01:53:12.000+00:00,published,,https://www.nexusmods.com/baldursgate3/mods/19914,19914,19914
2,Unhelpful Screen Hints,MaxStrengthWizard and the CMTY Think Tank,User Interface,5.4.20.69,58,2026-04-11T04:09:36.000+00:00,published,,https://www.nexusmods.com/baldursgate3/mods/20175,20175,20175
2,Yenna's New Clothes,Poppeii,Visuals,1.0.0.3,58,2026-02-23T10:20:49.000+00:00,published,,https://www.nexusmods.com/baldursgate3/mods/21611,21611,21611
2,Back to Melee,Moondragon85,Utilities,1.2.0.10,58,2026-05-17T19:59:04.000+00:00,published,,https://www.nexusmods.com/baldursgate3/mods/21790,21790,21790
2,Moulin Rouge - Two Sets for BT 1 2 3,ARAFEL,Clothing,1,58,2026-06-06T00:28:30.000+00:00,published,,https://www.nexusmods.com/baldursgate3/mods/23231,23231,23231
2,Oath of the Belmonts Paladin Subclass,nick,Classes,1.3,57,2025-10-13T19:24:44.000+00:00,published,,https://www.nexusmods.com/baldursgate3/mods/14170,14170,14170
2,Mordenkainen's Tome of Tieflings,divaroma,Races,1.0,57,2025-12-01T20:55:59.000+00:00,published,,https://www.nexusmods.com/baldursgate3/mods/14885,14885,14885
2,Regent and Consort's Wedding Gifts - Weapons and Rings for Lord Astarion and Consort Tav,Iracebeth,Equipment,1.2,57,2025-05-01T16:12:17.000+00:00,published,,https://www.nexusmods.com/baldursgate3/mods/16236,16236,16236
2,Corrupting Bolt - A Necrotic Guiding Bolt Alternative - Multiple Versions,SymboJones,Spells,3.0,57,2025-09-20T23:12:36.000+00:00,published,,https://www.nexusmods.com/baldursgate3/mods/18508,18508,18508
2,Poison x Vesp Cazador Szarr 'Lord Of The Night' Head Preset,Vespertilio and PoisonValentine XIII,Character Customisation,1.0.0.0,57,2025-12-06T10:32:33.000+00:00,published,,https://www.nexusmods.com/baldursgate3/mods/19942,19942,19942
2,Silk and Shadow,Lunomi,Character Customisation,1.0.0.0,57,2026-01-31T19:36:09.000+00:00,published,,https://www.nexusmods.com/baldursgate3/mods/21169,21169,21169
2,Gale's Borrowed Shirt,meep_megan_meep,Clothing,1.0,57,2026-02-15T02:11:29.000+00:00,published,,https://www.nexusmods.com/baldursgate3/mods/21487,21487,21487
2,LittleTeafling's SailorMoon hair,LittleTeafling,Character Customisation,2.0,57,2026-03-26T10:05:14.000+00:00,published,,https://www.nexusmods.com/baldursgate3/mods/21513,21513,21513
2,Starry Sapphics Poses,La Vakariana,Photo Mode,1.0,57,2026-03-04T02:36:32.000+00:00,published,,https://www.nexusmods.com/baldursgate3/mods/21725,21725,21725
2,Orion's Tears (Earrings Accessory with physics),Elledwyn,Character Customisation,1.0.0.5,57,2026-06-23T11:43:56.000+00:00,published,,https://www.nexusmods.com/baldursgate3/mods/23408,23408,23408
2,Buff Exploit Fix - MCM,wtfbengt,Spells,2.3.0.0,56,2026-04-02T18:34:21.000+00:00,published,,https://www.nexusmods.com/baldursgate3/mods/13652,13652,13652
2,Cull The Weak Fixes,Nightingale75,Miscellaneous,1.0.0.8,56,2025-12-18T19:22:40.000+00:00,published,,https://www.nexusmods.com/baldursgate3/mods/16499,16499,16499
2,Invisible Party,SwissFred,Gameplay,2.2.8.6,56,2026-06-23T03:32:21.000+00:00,published,,https://www.nexusmods.com/baldursgate3/mods/16606,16606,16606
2,Huffman's Magus - A Class of Spell and Steel,The Wailing Bard,Classes,1.0.0.15,56,2026-05-25T02:38:38.000+00:00,published,,https://www.nexusmods.com/baldursgate3/mods/17765,17765,17765
2,Lenores Grotto - Sharran Grotto Edit,theladyofloss,Photo Mode,V2,56,2025-10-26T18:48:49.000+00:00,published,,https://www.nexusmods.com/baldursgate3/mods/19395,19395,19395
2,Goon's Vendor Overhaul - Trader Exploit Prevention,BaldursGoonsack,Gameplay,1.0.1.0,56,2026-04-06T12:15:56.000+00:00,published,,https://www.nexusmods.com/baldursgate3/mods/19741,19741,19741
2,Ferrety's Spells - Elemental Cantrips,Ferrety,Spells,1.1.0.5,56,2026-02-14T07:38:27.000+00:00,published,,https://www.nexusmods.com/baldursgate3/mods/20924,20924,20924
2,Ferrety's Spells - Healing Cantrips,Ferrety,Spells,1.0.1.5,56,2026-02-25T10:53:08.000+00:00,published,,https://www.nexusmods.com/baldursgate3/mods/21401,21401,21401
2,Nature's Guardian (BT4 x all body types pose pack),rdekarios,Photo Mode,1.0.0.17,56,2026-04-10T14:29:25.000+00:00,published,,https://www.nexusmods.com/baldursgate3/mods/22318,22318,22318
2,Luxperviance - Shadowheart's Selune Tattoo,mouch30,Companions,1,56,2026-04-19T16:15:36.000+00:00,published,,https://www.nexusmods.com/baldursgate3/mods/22468,22468,22468
2,Blood Hunt Outfit for BT1,Ayuro,Clothing,1,56,2026-06-10T10:06:08.000+00:00,published,,https://www.nexusmods.com/baldursgate3/mods/23306,23306,23306
2,Twinkle and Icingdeath New Verison,Haytur,Weapons,1.7,55,2025-12-18T06:08:43.000+00:00,published,,https://www.nexusmods.com/baldursgate3/mods/14010,14010,14010
2,Dress That Devil - turn into Raphael or Haarlep,Nikjima,Spells,1.1.0.10,55,2025-10-13T21:56:02.000+00:00,published,,https://www.nexusmods.com/baldursgate3/mods/14878,14878,14878
2,Vanilla Treasures,Aurie,Miscellaneous,1.0,55,2025-11-16T14:30:15.000+00:00,published,,https://www.nexusmods.com/baldursgate3/mods/16201,16201,16201
2,Recruit any NPC,Zolla,Gameplay,0.1.0,55,2025-09-17T22:25:30.000+00:00,published,,https://www.nexusmods.com/baldursgate3/mods/18471,18471,18471
2,Life Drain Spell (Larloch's Minor Drain),ChizFreak,Spells,2.0.0,55,2026-04-26T13:54:58.000+00:00,published,,https://www.nexusmods.com/baldursgate3/mods/18702,18702,18702
2,Wall Fixer - Fire Ice Thorns and Blade Barrier,Lumaterian,Spells,1.1.0,55,2025-11-14T21:34:15.000+00:00,published,,https://www.nexusmods.com/baldursgate3/mods/19669,19669,19669
2,Universal Max Stack GUI Fix,Focus,User Interface,2.0.0.1,55,2026-01-31T10:14:45.000+00:00,published,,https://www.nexusmods.com/baldursgate3/mods/21020,21020,21020
2,Disciple Z'rell Redux - Dark Judgement,PosionvalentineXIII,Visuals,1.0.0.3,55,2026-02-08T22:30:11.000+00:00,published,,https://www.nexusmods.com/baldursgate3/mods/21387,21387,21387
2,Miam's NSFW Pose Pack (BT4 x BT2),Miam,Photo Mode,1.1.0.0,55,2026-05-01T08:46:18.000+00:00,published,,https://www.nexusmods.com/baldursgate3/mods/21578,21578,21578
2,Your Little Nugget Poses,The Crew - Catastrophical Cat _Baddie Cady_ Bitchy Lenore_ Sweet Seraphine_ Your Mom Vak,Photo Mode,1.0,55,2026-03-07T18:13:24.000+00:00,published,,https://www.nexusmods.com/baldursgate3/mods/21769,21769,21769
2,The Best Hair Pack Ever,mouch30,Character Customisation,1.0,55,2026-04-01T15:53:21.000+00:00,published,,https://www.nexusmods.com/baldursgate3/mods/22172,22172,22172
2,Creative Mode,InterestedNinja,Utilities,1.0,55,2026-04-20T02:59:11.000+00:00,published,,https://www.nexusmods.com/baldursgate3/mods/22440,22440,22440
2,Transformer Flute,LiuNimaEgg,Visuals,1.10,55,2026-06-18T05:56:42.000+00:00,published,,https://www.nexusmods.com/baldursgate3/mods/22866,22866,22866
2,Kaine at home a Nier Replicant homage,Aruless,Equipment,1.1a,54,2026-05-11T20:26:52.000+00:00,published,,https://www.nexusmods.com/baldursgate3/mods/8891,8891,8891
2,Githyanki Frog Eyes,TheCobaltCactus,Character Customisation,1.0.0.2,54,2026-05-28T21:17:24.000+00:00,published,,https://www.nexusmods.com/baldursgate3/mods/17647,17647,17647
2,Berry's Head - Hyacinth,BerrySemifreddo,Character Customisation,1.0.0.15,54,2026-05-26T15:24:45.000+00:00,published,,https://www.nexusmods.com/baldursgate3/mods/19563,19563,19563
2,Luna's Sitting Casually Poses,Lunalaplays,Photo Mode,1.0.0.10,54,2026-03-08T14:19:52.000+00:00,published,,https://www.nexusmods.com/baldursgate3/mods/21581,21581,21581
2,Yir'eh Head Preset,Nzx,Character Customisation,1.1.1,54,2026-03-22T22:20:47.000+00:00,published,,https://www.nexusmods.com/baldursgate3/mods/21900,21900,21900
2,LN P8 Load Order Dividers v2,lonely_nipple,Utilities,2.0.0.0,54,2026-04-16T22:01:38.000+00:00,published,,https://www.nexusmods.com/baldursgate3/mods/22457,22457,22457
2,Lootable Clothes,interestedninja,Gameplay,1,54,2026-04-27T17:17:33.000+00:00,published,,https://www.nexusmods.com/baldursgate3/mods/22593,22593,22593
2,Dynamic Difficulty Scaling,GraphicFade,Gameplay,1.0.0.8,54,2026-06-14T15:43:41.000+00:00,published,,https://www.nexusmods.com/baldursgate3/mods/23013,23013,23013
2,Killer Queen - Head preset,SweetGenerousThing,Character Customisation,1.1,54,2026-06-10T14:29:48.000+00:00,published,,https://www.nexusmods.com/baldursgate3/mods/23112,23112,23112
2,Lae'zel - Warrior Male Voice,Arbitality,Audio,2.1,53,2026-04-12T09:12:57.000+00:00,published,,https://www.nexusmods.com/baldursgate3/mods/8478,8478,8478
2,Order of the Kraken Cloak,WhiskeyInferno,Equipment,1.1,53,2024-07-13T01:55:23.000+00:00,published,,https://www.nexusmods.com/baldursgate3/mods/10818,10818,10818
2,Necrotic and Necromancy Spells for Clerics,xarara,Spells,1.03,53,2026-03-16T23:40:03.000+00:00,published,,https://www.nexusmods.com/baldursgate3/mods/16747,16747,16747
2,Kith'rak Photoshoot,Aardi,Photo Mode,1.0.0.11,53,2026-02-13T21:17:55.000+00:00,published,,https://www.nexusmods.com/baldursgate3/mods/17397,17397,17397
2,Combat Speed MOD,Jkm,Miscellaneous,0.8.7,53,2026-02-05T13:39:02.000+00:00,published,,https://www.nexusmods.com/baldursgate3/mods/18862,18862,18862
2,Polymorph Improved,MaxStrengthWizard,Spells,2.5.4,53,2026-05-06T19:27:46.000+00:00,published,,https://www.nexusmods.com/baldursgate3/mods/19883,19883,19883
2,Frost Resolve,OneEyeAskew,Clothing,1.0,53,2026-04-04T19:15:44.000+00:00,published,,https://www.nexusmods.com/baldursgate3/mods/22148,22148,22148
2,VP Hairstyles,suro,Character Customisation,1,53,2026-05-04T22:54:59.000+00:00,published,,https://www.nexusmods.com/baldursgate3/mods/22634,22634,22634
2,Elven Deathknight Equipment Set,StuWil,Equipment,1.1,52,2026-01-21T15:59:08.000+00:00,published,,https://www.nexusmods.com/baldursgate3/mods/15814,15814,15814
2,The Shadar-Kai,TheCobaltCactus,Races,1.1.0.33,52,2025-12-13T00:45:35.000+00:00,published,,https://www.nexusmods.com/baldursgate3/mods/15930,15930,15930
2,Moby's Vorpal Blade from Alice Madness Returns,Moby,Weapons,1.0.0,52,2025-06-20T20:20:27.000+00:00,published,,https://www.nexusmods.com/baldursgate3/mods/17232,17232,17232
2,Murderous Intent - Bhaalist Daggers for Spellcasters,RevolutionScribe,Weapons,1.0.0.6,52,2025-07-13T20:42:13.000+00:00,published,,https://www.nexusmods.com/baldursgate3/mods/17370,17370,17370
2,Witnessed Vows - A Deepspace Ring Mod,OneEyeAskew,Accessories,1.0.0,52,2025-08-10T06:08:27.000+00:00,published,,https://www.nexusmods.com/baldursgate3/mods/17590,17590,17590
2,Choose Again - Change abilities and skills,KowboyBebop,Gameplay,1.3,52,2026-05-10T19:06:33.000+00:00,published,,https://www.nexusmods.com/baldursgate3/mods/18829,18829,18829
2,Elminster Eats All Your Cheese,HyperspaceTowel,Gameplay,1.0.0.11,52,2026-02-22T19:31:16.000+00:00,published,,https://www.nexusmods.com/baldursgate3/mods/19148,19148,19148
2,The Exsanguinist - Blood Mage and Deathknight,James Scholte,Classes,V1.1,52,2026-01-06T16:01:38.000+00:00,published,,https://www.nexusmods.com/baldursgate3/mods/20023,20023,20023
2,A letter from Gortash,nuage12,Miscellaneous,1.0,52,2026-03-28T16:15:02.000+00:00,published,,https://www.nexusmods.com/baldursgate3/mods/20208,20208,20208
2,Followers of Ao - Spacelings,Kaz,Races,1.0.2,52,2026-02-25T23:33:54.000+00:00,published,,https://www.nexusmods.com/baldursgate3/mods/21491,21491,21491
2,Model Mischief,Utrennyaya,Photo Mode,1.0.0.2,52,2026-02-23T16:37:11.000+00:00,published,,https://www.nexusmods.com/baldursgate3/mods/21617,21617,21617
2,No Friendly Fire Nyrulna,koboldJuno,Gameplay,1.0,52,2026-03-14T10:46:14.000+00:00,published,,https://www.nexusmods.com/baldursgate3/mods/21855,21855,21855
2,Props 2 U - Elysia's Garden Paradise,ObsessedWhyYes,Photo Mode,1,52,2026-03-30T19:29:49.000+00:00,published,,https://www.nexusmods.com/baldursgate3/mods/22222,22222,22222
2,Pack Rats,VahnSmash,Gameplay,1.0,52,2026-05-03T18:43:58.000+00:00,published,,https://www.nexusmods.com/baldursgate3/mods/22449,22449,22449
2,Solo Poses,lycanicorn,Photo Mode,1.0,52,2026-05-05T14:53:21.000+00:00,published,,https://www.nexusmods.com/baldursgate3/mods/22643,22643,22643
2,Throw Anything,Cioco,Gameplay,2.0,51,2026-03-12T05:49:17.000+00:00,published,,https://www.nexusmods.com/baldursgate3/mods/15556,15556,15556
2,Cooler Blood of Lathander,wingsofhegemon KConstantineK copperleaves,Weapons,1.0.1,51,2025-07-28T08:46:44.000+00:00,published,,https://www.nexusmods.com/baldursgate3/mods/17732,17732,17732
2,Weapon Revamp - Selune's Spear of Night,Beaned Sprout,Weapons,1.0,51,2025-08-14T03:03:32.000+00:00,published,,https://www.nexusmods.com/baldursgate3/mods/18127,18127,18127
2,Ferrety's Features - Lycanthropy,Ferrety,Gameplay,1.0.5.0,51,2026-06-17T16:39:22.000+00:00,published,,https://www.nexusmods.com/baldursgate3/mods/21632,21632,21632
2,Zevlor Can Punch Aradin Every Time,Magnetuning,Gameplay,1.0.0.0,51,2026-03-10T02:44:42.000+00:00,published,,https://www.nexusmods.com/baldursgate3/mods/21834,21834,21834
2,Leather and Loincloths,DarofSula,Armor,1,51,2026-04-24T22:45:52.000+00:00,published,,https://www.nexusmods.com/baldursgate3/mods/22549,22549,22549
2,Mizora always joins Gather Your Allies,koboldJuno,Gameplay,1.0,51,2026-05-07T13:35:32.000+00:00,published,,https://www.nexusmods.com/baldursgate3/mods/22744,22744,22744
2,Myrmidon's Armor,BerrySemifreddo,Armor,1.0.0.6,51,2026-05-10T17:33:41.000+00:00,published,,https://www.nexusmods.com/baldursgate3/mods/22788,22788,22788
2,axi and rakor assets,axianaa and rakor,Photo Mode,1.0.0.63,51,2026-06-17T13:24:10.000+00:00,published,,https://www.nexusmods.com/baldursgate3/mods/23378,23378,23378
2,GOT Sword collection (Blackfyre's and Dark Sister swords included),Lord Cobra,Weapons,1.0,50,2026-01-04T19:41:41.000+00:00,published,,https://www.nexusmods.com/baldursgate3/mods/13644,13644,13644
2,Infernal Coronet - Lava-Forged Crown,BerrySemifreddo,Armor,1.0.1.31,50,2026-01-17T04:28:21.000+00:00,published,,https://www.nexusmods.com/baldursgate3/mods/20747,20747,20747
2,Baldur's Gate 3 Enhanced Edition,reyqune,Miscellaneous,7.0.1.8,49,2026-05-19T17:09:32.000+00:00,published,,https://www.nexusmods.com/baldursgate3/mods/15305,15305,15305
2,Voice Swaps 2 - Wyll,Arkien,Audio,1.0,49,2025-05-22T14:50:44.000+00:00,published,,https://www.nexusmods.com/baldursgate3/mods/16742,16742,16742
2,Late game items in Early acts,koboldJuno,Gameplay,1.2,49,2026-03-28T22:23:00.000+00:00,published,,https://www.nexusmods.com/baldursgate3/mods/17290,17290,17290
2,The Elder,Orhyne,Classes,4.2.1.5,49,2026-05-25T09:36:55.000+00:00,published,,https://www.nexusmods.com/baldursgate3/mods/17301,17301,17301
2,Better Whip (Deprecated),CaptainsShieldMedia,Weapons,1.0a,49,2025-10-03T03:09:44.000+00:00,published,,https://www.nexusmods.com/baldursgate3/mods/18952,18952,18952
2,Fractured Fates - Assorted Defeat Scenarios,Tripulah,Gameplay,1.0.1.0,49,2025-10-12T00:07:33.000+00:00,published,,https://www.nexusmods.com/baldursgate3/mods/18987,18987,18987
2,Creature Photo Mode Fix,CatastrophicalCat,Photo Mode,1.0.0.6,49,2026-06-13T10:39:12.000+00:00,published,,https://www.nexusmods.com/baldursgate3/mods/18997,18997,18997
2,A moment to remember - Gortash kiss mod,nuage12,Gameplay,1.0,49,2025-12-23T20:59:46.000+00:00,published,,https://www.nexusmods.com/baldursgate3/mods/20272,20272,20272
2,Emerald Lake - A Map for VP,inkyplz,Maps,1.0.0.6,49,2026-05-19T13:29:59.000+00:00,published,,https://www.nexusmods.com/baldursgate3/mods/22965,22965,22965
2,Pan King Astarion Poses,LaVakariana,Photo Mode,1,49,2026-05-30T13:31:43.000+00:00,published,,https://www.nexusmods.com/baldursgate3/mods/23116,23116,23116
2,Profane Flame - A Necrotic Sacred Flame Alternative - Multiple Versions,SymboJones,Spells,2.0.0,48,2026-03-09T18:30:09.000+00:00,published,,https://www.nexusmods.com/baldursgate3/mods/18511,18511,18511
2,Ranged Weapons Rebalance,ChizFreak,Gameplay,3.0,48,2026-03-29T21:10:02.000+00:00,published,,https://www.nexusmods.com/baldursgate3/mods/18804,18804,18804
2,Ascended Kushigo - Monk Equipment Set,Zeigst,Equipment,1,48,2025-10-01T17:27:20.000+00:00,published,,https://www.nexusmods.com/baldursgate3/mods/18939,18939,18939
2,All Summons have Help Action,ChizFreak,Gameplay,1.0,48,2025-10-10T03:06:07.000+00:00,published,,https://www.nexusmods.com/baldursgate3/mods/19088,19088,19088
2,Elixir of Experience,SwissFred,Gameplay,2.1.8.0,48,2026-03-22T12:42:17.000+00:00,published,,https://www.nexusmods.com/baldursgate3/mods/19183,19183,19183
2,Modified NPC Heads For Character Creation,Psychotter,Character Customisation,1,48,2026-06-25T13:06:28.000+00:00,published,,https://www.nexusmods.com/baldursgate3/mods/19506,19506,19506
2,Respec Tadpoles - Integrated UI,wtfbengt,Utilities,1.0.0.2,48,2026-04-25T23:28:01.000+00:00,published,,https://www.nexusmods.com/baldursgate3/mods/20538,20538,20538
2,DragonLord's Breasty Clothes,DragonLord99719,Clothing,1.5,48,2026-04-18T19:03:44.000+00:00,published,,https://www.nexusmods.com/baldursgate3/mods/21480,21480,21480
2,Fix Your Incubus - Tail Animations Restored,Nikjima,Animations,1.0.0.3,48,2026-03-10T16:26:35.000+00:00,published,,https://www.nexusmods.com/baldursgate3/mods/21846,21846,21846
2,JoJo's Bizarre Lingerie,BerrySemifreddo,Clothing,1.0.0.11,48,2026-04-12T23:33:51.000+00:00,published,,https://www.nexusmods.com/baldursgate3/mods/22417,22417,22417
2,New Vanilla Earring Sets,manuliparoni,Character Customisation,1.0,48,2026-05-01T16:44:30.000+00:00,published,,https://www.nexusmods.com/baldursgate3/mods/22657,22657,22657
2,Adaine's Furious Fist - A Dimension 20 Spell,Sailor Cat,Spells,1.00.02,47,2025-06-15T20:46:24.000+00:00,published,,https://www.nexusmods.com/baldursgate3/mods/6554,6554,6554
2,Order of the Kraken Trident,WhiskeyInferno,Weapons,1.1,47,2024-07-13T02:29:15.000+00:00,published,,https://www.nexusmods.com/baldursgate3/mods/10914,10914,10914
2,DnD 5R Pact of the Chain Warlock,ChizFreak,Gameplay,3.3,47,2025-11-26T02:23:33.000+00:00,published,,https://www.nexusmods.com/baldursgate3/mods/18881,18881,18881
2,Eyevan's Ghoulish Goods,Magnetuning,Gameplay,1.0.0.0,47,2025-10-31T22:17:39.000+00:00,published,,https://www.nexusmods.com/baldursgate3/mods/19468,19468,19468
2,The Necrobroker Patron - Warlock Subclass,Sailor Cat,Classes,1.02.00,47,2026-05-16T04:09:17.000+00:00,published,,https://www.nexusmods.com/baldursgate3/mods/19848,19848,19848
2,Fix for Patch 8 Osiris Scripts Error and Crash (formerly known as Script Fix),ybeast,Resources,1.0,46,2025-05-24T05:56:25.000+00:00,published,,https://www.nexusmods.com/baldursgate3/mods/16664,16664,16664
2,Shadow Blade Redone - Seamless Dual Wielding,K_Constantine,Spells,2.4.1,46,2025-08-28T21:55:30.000+00:00,published,,https://www.nexusmods.com/baldursgate3/mods/17178,17178,17178
2,Halsin's Gift - Wooden Duck Earrings,RevolutionScribe,Accessories,1.0.0.5,46,2025-07-01T16:15:44.000+00:00,published,,https://www.nexusmods.com/baldursgate3/mods/17355,17355,17355
2,Mourning Frost Tweaks,ChizFreak,Gameplay,2.0,46,2026-01-11T14:00:21.000+00:00,published,,https://www.nexusmods.com/baldursgate3/mods/18908,18908,18908
2,Auntie Ethel's Death Rewards Hag Hair - BG3SE,Aurie,Miscellaneous,1.2,46,2026-01-24T16:34:35.000+00:00,published,,https://www.nexusmods.com/baldursgate3/mods/20930,20930,20930
2,Inquisitor Armor (Dragon Age Inquisition),olddude1993,Armor,1.0.1,46,2026-02-26T23:04:13.000+00:00,published,,https://www.nexusmods.com/baldursgate3/mods/21411,21411,21411
2,Queen Gedren Outfit - Armor - Crown,Lynia,Armor,1.0,46,2026-03-07T04:04:51.000+00:00,published,,https://www.nexusmods.com/baldursgate3/mods/21768,21768,21768
2,Bloodmoon Pose Pack,strawberrium,Photo Mode,1.0.0.18,46,2026-04-01T15:52:42.000+00:00,published,,https://www.nexusmods.com/baldursgate3/mods/22248,22248,22248
2,Skip Act 1,ForKiramay,Utilities,1.2.0.3,46,2026-05-15T01:26:51.000+00:00,published,,https://www.nexusmods.com/baldursgate3/mods/22659,22659,22659
2,(Beta) FeatMaker - MCM,wtfbengt,Gameplay,0.0.1.2,46,2026-06-14T05:59:30.000+00:00,published,,https://www.nexusmods.com/baldursgate3/mods/23113,23113,23113
2,Baldur's City - A Custom Map for VP,inkyplz,Maps,1.0.0.11,46,2026-06-14T21:58:21.000+00:00,published,,https://www.nexusmods.com/baldursgate3/mods/23209,23209,23209
2,Duskfang (Dagger),Haytur,Weapons,1.1,45,2025-09-21T16:09:42.000+00:00,published,,https://www.nexusmods.com/baldursgate3/mods/17372,17372,17372
2,Naturist Feat,TheBareJade,Gameplay,1.0,45,2025-11-11T05:25:28.000+00:00,published,,https://www.nexusmods.com/baldursgate3/mods/19311,19311,19311
2,Lustrous Bolt - A Moonlight-Themed Cold and Radiant Guiding Bolt Alternative - Multiple Versions,SymboJones,Spells,2.0.0,45,2026-01-16T14:00:12.000+00:00,published,,https://www.nexusmods.com/baldursgate3/mods/20673,20673,20673
2,Fire Chosen One - A Crazy Martial Artist,Yosa,Classes,1.0.0.0,45,2026-06-23T23:09:54.000+00:00,published,,https://www.nexusmods.com/baldursgate3/mods/20798,20798,20798
2,Familiars - poses,Cadyplays,Photo Mode,1,45,2026-05-07T20:14:00.000+00:00,published,,https://www.nexusmods.com/baldursgate3/mods/22753,22753,22753
2,Immersive Deathstalker Mantle,xJustAdam,Equipment,1.0,44,2025-05-30T06:52:01.000+00:00,published,,https://www.nexusmods.com/baldursgate3/mods/16902,16902,16902
2,The Star Patron for Warlock,veenab,Classes,1.0.2,44,2025-10-24T11:25:26.000+00:00,published,,https://www.nexusmods.com/baldursgate3/mods/17843,17843,17843
2,Pact of the Heart and Additional Invocations,The Wailing Bard,Gameplay,1.0.0.4,44,2026-01-08T21:29:56.000+00:00,published,,https://www.nexusmods.com/baldursgate3/mods/18429,18429,18429
2,Enemy of Shar - Selune helps you more,koboldJuno,Gameplay,1.1,44,2026-01-08T09:52:30.000+00:00,published,,https://www.nexusmods.com/baldursgate3/mods/19218,19218,19218
2,Fiend Hunter Class,Crystic,Classes,1.6.5.3,44,2026-05-19T10:28:21.000+00:00,published,,https://www.nexusmods.com/baldursgate3/mods/19335,19335,19335
2,Jill Valentine head mod -v1,xxhh,Character Customisation,V1,44,2025-11-04T07:47:12.000+00:00,published,,https://www.nexusmods.com/baldursgate3/mods/19412,19412,19412
2,Poesielibre's Lash Bar - Custom Eyelash Texture Resource,Poesielibre,Resources,1.0,44,2026-01-11T18:45:10.000+00:00,published,,https://www.nexusmods.com/baldursgate3/mods/20598,20598,20598
2,Pooldripp Evolved,Exaen,Companions,1.1.2.0,44,2026-06-13T16:10:33.000+00:00,published,,https://www.nexusmods.com/baldursgate3/mods/21343,21343,21343
2,The Swift Iai Swordman - Vergil,Viper_Rogue,Classes,1.01.12,44,2026-04-05T15:29:53.000+00:00,published,,https://www.nexusmods.com/baldursgate3/mods/22096,22096,22096
2,A Taste Of You Pose Pack,rdekarios,Photo Mode,1.0,44,2026-04-18T15:50:09.000+00:00,published,,https://www.nexusmods.com/baldursgate3/mods/22484,22484,22484
2,Perfume of Elegance,koboldJuno,Miscellaneous,1.2,43,2026-04-20T13:36:36.000+00:00,published,,https://www.nexusmods.com/baldursgate3/mods/19413,19413,19413
2,Female Planar Ally,Wlasiuk,Spells,1.0.0.1,43,2025-11-21T16:18:44.000+00:00,published,,https://www.nexusmods.com/baldursgate3/mods/19745,19745,19745
2,Auto Toggle Dual Wield,NutritiousCookie,Gameplay,1.2,43,2026-06-01T22:33:04.000+00:00,published,,https://www.nexusmods.com/baldursgate3/mods/20726,20726,20726
2,K-Pop Poses (Bard Poses Part 1),HastursQueen,Photo Mode,1.0.0.3,43,2026-05-08T14:46:36.000+00:00,published,,https://www.nexusmods.com/baldursgate3/mods/21322,21322,21322
2,Instrument Poses - Violin Cello and Lyre (Bard Poses Part 3),HastursQueen,Photo Mode,1.0.0.1,43,2026-04-05T17:42:39.000+00:00,published,,https://www.nexusmods.com/baldursgate3/mods/22266,22266,22266
2,Props 2 U - Neon Dreams,ObsessedWhyYes,Photo Mode,1.0,43,2026-05-02T21:14:35.000+00:00,published,,https://www.nexusmods.com/baldursgate3/mods/22495,22495,22495
2,Netherlords' Finery,OneEyeAskew,Clothing,1.1,43,2026-05-30T20:00:42.000+00:00,published,,https://www.nexusmods.com/baldursgate3/mods/23091,23091,23091
2,Shadowheart Missed Memories and Parent's Choice (Story Fix),Max_Rob,Quests,1.01,42,2024-08-08T23:02:42.000+00:00,published,,https://www.nexusmods.com/baldursgate3/mods/11477,11477,11477
2,5R Circle of the Moon Spells,ShadyDax,Spells,1.4.0.0,42,2026-06-13T18:46:48.000+00:00,published,,https://www.nexusmods.com/baldursgate3/mods/11657,11657,11657
2,Duellist's Prerogative Overhaul,CatDude55,Weapons,1.00,42,2025-07-19T22:15:17.000+00:00,published,,https://www.nexusmods.com/baldursgate3/mods/17680,17680,17680
2,Better Bows,CaptainsShieldMedia,Weapons,1.0,42,2025-08-30T23:11:36.000+00:00,published,,https://www.nexusmods.com/baldursgate3/mods/17846,17846,17846
2,Marching Band - Perform while moving,For_Kiramay,Spells,1.0.0.1,42,2025-11-16T02:26:18.000+00:00,published,,https://www.nexusmods.com/baldursgate3/mods/19681,19681,19681
2,Couple and Friendship Poses for BT1,HastursQueen,Photo Mode,1.0.0.1,42,2026-04-15T21:03:57.000+00:00,published,,https://www.nexusmods.com/baldursgate3/mods/22323,22323,22323
2,Githyanki Phrases in-dialogue translations - WIP,koboldJuno,Utilities,1.1,42,2026-04-29T10:22:05.000+00:00,published,,https://www.nexusmods.com/baldursgate3/mods/22612,22612,22612
2,Fallen Midas Outfit,Lyniara,Armor,1,42,2026-05-21T22:55:36.000+00:00,published,,https://www.nexusmods.com/baldursgate3/mods/22999,22999,22999
2,Dragon Age Origins Camp Music - Elfsong Tavern Replacer,CelestialZ,Audio,1.0,41,2025-04-20T19:51:19.000+00:00,published,,https://www.nexusmods.com/baldursgate3/mods/15937,15937,15937
2,Lillth's Thorn (Magical Staff),Haytur,Weapons,1.2,41,2025-09-21T16:14:03.000+00:00,published,,https://www.nexusmods.com/baldursgate3/mods/17930,17930,17930
2,Cleaned Night Orchid cave,koboldJuno,Maps,1.0,41,2025-09-13T06:20:44.000+00:00,published,,https://www.nexusmods.com/baldursgate3/mods/18594,18594,18594
2,Hallowed Flame - A Moonlight-Themed Cold and Radiant Sacred Flame Alternative - Multiple Versions,SymboJones,Spells,1.1.0,41,2026-01-09T07:30:07.000+00:00,published,,https://www.nexusmods.com/baldursgate3/mods/20575,20575,20575
2,Sunny Slums - Remove Rain From Act 3 Camp,Kelocena,Miscellaneous,1.0.0,41,2026-02-05T02:22:41.000+00:00,published,,https://www.nexusmods.com/baldursgate3/mods/21302,21302,21302
2,Jason Momoa Head Preset Body Model and Tattoos,Vespertilio and Mouch30,Character Customisation,1.0.0.0,41,2026-04-07T16:04:36.000+00:00,published,,https://www.nexusmods.com/baldursgate3/mods/22078,22078,22078
2,His Majesty's Plot Armor,actualsailorcat,Gameplay,1.00.00,41,2026-03-23T23:11:12.000+00:00,published,,https://www.nexusmods.com/baldursgate3/mods/22088,22088,22088
2,Lenore's Uncursed Moonrise Towers,theladyofloss,Maps,1,41,2026-05-14T12:41:26.000+00:00,published,,https://www.nexusmods.com/baldursgate3/mods/22852,22852,22852
2,Pretty Boys - Head presets (BT2_MB1_TRM1_TMTS),SweetGenerousThing,Character Customisation,1.3,41,2026-06-16T16:55:51.000+00:00,published,,https://www.nexusmods.com/baldursgate3/mods/22992,22992,22992
2,Lord Protector - Corvo Attano's outfit,yonhi,Armor,1,41,2026-05-22T23:48:18.000+00:00,published,,https://www.nexusmods.com/baldursgate3/mods/23015,23015,23015
2,Thief's Trinkets,Naixee,Equipment,1.0,40,2025-05-29T15:32:43.000+00:00,published,,https://www.nexusmods.com/baldursgate3/mods/16692,16692,16692
2,Ingredient Collector Cheat,SwissFred,Gameplay,2.1.8.2,40,2026-03-29T10:19:10.000+00:00,published,,https://www.nexusmods.com/baldursgate3/mods/17211,17211,17211
2,Fire and Smoke Dice,SultryShea,Dice,1.0,40,2025-07-05T00:22:24.000+00:00,published,,https://www.nexusmods.com/baldursgate3/mods/17402,17402,17402
2,Lunar Spells for Paladins and Clerics,Shadowfaart,Spells,1.0.0.10,40,2025-08-16T05:38:26.000+00:00,published,,https://www.nexusmods.com/baldursgate3/mods/18114,18114,18114
2,TealRabbit's (Trans)Masculine Body 1 (TRM1),TealRabbit19,Character Customisation,2.1,40,2025-12-23T00:28:24.000+00:00,published,,https://www.nexusmods.com/baldursgate3/mods/18497,18497,18497
2,No More Wound Chatter - Disable Shadowheart Wound Dialogue,halfadder,Gameplay,1.0,40,2026-01-10T21:09:24.000+00:00,published,,https://www.nexusmods.com/baldursgate3/mods/20609,20609,20609
2,Savage Sortilege,SEVNCE,Gameplay,V2.0.1-FINAL,40,2026-01-25T15:36:45.000+00:00,published,,https://www.nexusmods.com/baldursgate3/mods/20718,20718,20718
2,Ferrety's Features - Vampirism,Ferrety,Gameplay,1.0.11.2,40,2026-06-18T08:56:16.000+00:00,published,,https://www.nexusmods.com/baldursgate3/mods/21653,21653,21653
2,No Persistent Sold Items,steinsgatesx,Gameplay,1,40,2026-05-05T20:43:26.000+00:00,published,,https://www.nexusmods.com/baldursgate3/mods/22730,22730,22730
2,Refit Patch for Modular Equipment,MissRen,Gameplay,1,40,2026-05-31T00:42:08.000+00:00,published,,https://www.nexusmods.com/baldursgate3/mods/23125,23125,23125
2,Mazzle's RangeFinder,Mazzle,Gameplay,2.2.0,39,2026-04-23T18:41:41.000+00:00,published,,https://www.nexusmods.com/baldursgate3/mods/18219,18219,18219
2,Automatic Spell Sniper List Modifier,mikeshardmind,Spells,1.1.0,39,2026-01-22T15:27:37.000+00:00,published,,https://www.nexusmods.com/baldursgate3/mods/20821,20821,20821
2,Dyable Viconia's Walking Fortress,koboldJuno,Resources,1.0,39,2026-03-05T20:39:46.000+00:00,published,,https://www.nexusmods.com/baldursgate3/mods/21742,21742,21742
2,Fiamma Volante - Flaming Wings Ensemble,BerrySemifreddo,Armor,1.0.0.5,39,2026-03-21T23:59:06.000+00:00,published,,https://www.nexusmods.com/baldursgate3/mods/22051,22051,22051
2,Alida's BT1 Solo Poses,alidaa,Photo Mode,1.0,39,2026-05-17T10:14:17.000+00:00,published,,https://www.nexusmods.com/baldursgate3/mods/22777,22777,22777
2,Spartan Equipment Set,StuWil,Equipment,1.1,38,2026-04-12T19:21:54.000+00:00,published,,https://www.nexusmods.com/baldursgate3/mods/14671,14671,14671
2,Homebrew Fighting Styles,The Wailing Bard,Gameplay,1.0.0.5,38,2026-05-30T08:50:23.000+00:00,published,,https://www.nexusmods.com/baldursgate3/mods/16008,16008,16008
2,Fade's Fabled Creations,GraphicFade,Equipment,1.0.0.1,38,2025-05-24T15:32:39.000+00:00,published,,https://www.nexusmods.com/baldursgate3/mods/16803,16803,16803
2,Better Daggers,CaptainsShieldMedia,Weapons,1.1,38,2025-09-03T06:33:48.000+00:00,published,,https://www.nexusmods.com/baldursgate3/mods/17847,17847,17847
2,Falling Prone on Ice - Rebalanced,KowboyBebop,Gameplay,1.3,38,2026-05-12T21:31:22.000+00:00,published,,https://www.nexusmods.com/baldursgate3/mods/17868,17868,17868
2,Better Sussur Weapons - Magus Beware,auracrest,Weapons,1.0,38,2025-09-29T22:03:22.000+00:00,published,,https://www.nexusmods.com/baldursgate3/mods/18912,18912,18912
2,Nomads of El Rahalat,Elledwyn,Armor,1.0.0.76,38,2026-06-16T14:25:10.000+00:00,published,,https://www.nexusmods.com/baldursgate3/mods/22972,22972,22972
2,Goon's Inheritance Fixes,BaldursGoonsack,Miscellaneous,1.2.0.0,38,2026-06-25T10:58:33.000+00:00,published,,https://www.nexusmods.com/baldursgate3/mods/23439,23439,23439
2,The Game Is Afoot,Magnetuning,Quests,1.0.0.0,37,2025-01-27T10:18:22.000+00:00,published,,https://www.nexusmods.com/baldursgate3/mods/10837,10837,10837
2,Book Collector,SwissFred,Gameplay,2.0.8.6,37,2025-10-04T09:11:19.000+00:00,published,,https://www.nexusmods.com/baldursgate3/mods/16808,16808,16808
2,Invisibility Overhaul - Invisibility Mechanics and Spells Reworked,Muffel-Eolaloe,Spells,2.0.5,37,2026-06-24T19:07:47.000+00:00,published,,https://www.nexusmods.com/baldursgate3/mods/20425,20425,20425
2,Spells Reworked - Hex and Hunter's Mark,Muffel,Spells,1.1.0,37,2026-03-13T23:09:58.000+00:00,published,,https://www.nexusmods.com/baldursgate3/mods/20688,20688,20688
2,Sea Soul - Sorcerer,zx10rx,Classes,1.0.6,37,2026-04-17T11:48:47.000+00:00,published,,https://www.nexusmods.com/baldursgate3/mods/21868,21868,21868
2,Voice Swaps 2 - Shadowheart,Arkien,Audio,1.0,36,2025-05-23T15:35:17.000+00:00,published,,https://www.nexusmods.com/baldursgate3/mods/16549,16549,16549
2,Stealable Potion of Everlasting Vigour,IvoryDrake,Equipment,1.00,36,2025-12-19T03:35:07.000+00:00,published,,https://www.nexusmods.com/baldursgate3/mods/20205,20205,20205
2,5eSpells and Expansion Patch,hawchangJA,Gameplay,2.4.3.0,36,2026-05-26T11:21:28.000+00:00,published,,https://www.nexusmods.com/baldursgate3/mods/22565,22565,22565
2,MoonShadow Pose Pack,Marymeeee,Photo Mode,1,36,2026-05-11T16:53:24.000+00:00,published,,https://www.nexusmods.com/baldursgate3/mods/22806,22806,22806
2,Miam's Best Enemies Pose Pack (BT2xBT2 BT2xBT4 BT4xBT4),Miam,Photo Mode,1.0.0.18,36,2026-05-28T18:45:30.000+00:00,published,,https://www.nexusmods.com/baldursgate3/mods/23038,23038,23038
2,Photobooth (PB) - Mini Sets,sp4rr0wsw3nch,Maps,1.0.0.11,36,2026-05-29T15:31:02.000+00:00,published,,https://www.nexusmods.com/baldursgate3/mods/23092,23092,23092
2,Zesty Bloom - Dyes,amethystinam,Equipment,1.0,35,2025-06-28T20:37:27.000+00:00,published,,https://www.nexusmods.com/baldursgate3/mods/17316,17316,17316
2,Dancing Bone Drums,Ariefel,Equipment,v1.0.3.0,35,2025-11-02T21:15:02.000+00:00,published,,https://www.nexusmods.com/baldursgate3/mods/19456,19456,19456
2,Custom Titles,adriant1978,Gameplay,2.0.0.0,35,2026-01-22T14:05:44.000+00:00,published,,https://www.nexusmods.com/baldursgate3/mods/20380,20380,20380
2,Gunner Feat - Immersive Firearms Series,maradi,Gameplay,1.0.0.0,35,2026-01-07T13:49:30.000+00:00,published,,https://www.nexusmods.com/baldursgate3/mods/20566,20566,20566
2,Mass Healing Word for Neutral Allies,saphire2689,Spells,1.0.0.1,35,2026-02-28T07:05:07.000+00:00,published,,https://www.nexusmods.com/baldursgate3/mods/21520,21520,21520
2,Vlaakith Portrait Dialogue Fix,ChromiumEarth,Miscellaneous,10.66,35,2026-03-13T10:59:20.000+00:00,published,,https://www.nexusmods.com/baldursgate3/mods/21874,21874,21874
2,Choose Your Camp,For_Kiramay,Gameplay,1.0.0.10,35,2026-03-16T23:42:54.000+00:00,published,,https://www.nexusmods.com/baldursgate3/mods/21914,21914,21914
2,Purgatory - A Map for VP,inky_plz,Photo Mode,1.0.0.10,35,2026-04-14T16:37:51.000+00:00,published,,https://www.nexusmods.com/baldursgate3/mods/22322,22322,22322
2,Sofa So Good Pose Pack,rdekarios,Photo Mode,1.0.0.12,35,2026-05-29T10:26:15.000+00:00,published,,https://www.nexusmods.com/baldursgate3/mods/22498,22498,22498
2,Sunvale Cottage - VP Map,theladyofloss,Maps,1,35,2026-05-29T16:56:05.000+00:00,published,,https://www.nexusmods.com/baldursgate3/mods/23081,23081,23081
2,Upcastable Elemental Weapon for Druid and Ranger,ChizFreak,Spells,4.0,34,2026-05-14T17:35:09.000+00:00,published,,https://www.nexusmods.com/baldursgate3/mods/12320,12320,12320
2,Red Dyes of Thay,kldexter,Equipment,1.0.0.1,34,2025-06-21T00:00:01.000+00:00,published,,https://www.nexusmods.com/baldursgate3/mods/17236,17236,17236
2,Body Tattoo Templates,Rob Silt,Resources,0,34,2025-07-09T00:09:32.000+00:00,published,,https://www.nexusmods.com/baldursgate3/mods/17497,17497,17497
2,Better Shields,CaptainsShieldMedia,Weapons,1.1,34,2025-11-22T04:30:53.000+00:00,published,,https://www.nexusmods.com/baldursgate3/mods/18543,18543,18543
2,Sacred Wind - A Thunder (and Lightning) Sacred Flame Alternative - Multiple Versions,SymboJones,Spells,3.0,34,2025-12-26T17:10:42.000+00:00,published,,https://www.nexusmods.com/baldursgate3/mods/18775,18775,18775
2,Unique Falataeric Cli Lyre,Foxhead,Equipment,1.0,34,2025-09-27T23:29:48.000+00:00,published,,https://www.nexusmods.com/baldursgate3/mods/18887,18887,18887
2,Additional Unarmed Attacks for Monks,Sarymsak,Gameplay,2.1,34,2026-04-22T08:42:17.000+00:00,published,,https://www.nexusmods.com/baldursgate3/mods/20540,20540,20540
2,The Gilded Blade Pt II - Infernal Boogaloo,preciouslittle-bhaalbabe,Accessories,1.0,34,2026-01-12T11:40:19.000+00:00,published,,https://www.nexusmods.com/baldursgate3/mods/20665,20665,20665
2,Zenin Path - A Jujutsu Kaisen Class,Yosaruu99,Classes,1.0.0.1,34,2026-06-25T16:43:12.000+00:00,published,,https://www.nexusmods.com/baldursgate3/mods/23171,23171,23171
2,Hells Hath No Fury (BT3 x all body types pose pack),rdekarios,Photo Mode,1,34,2026-06-13T08:36:58.000+00:00,published,,https://www.nexusmods.com/baldursgate3/mods/23205,23205,23205
2,CHAR's Ribbon Requiem Outfit,char,Clothing,1,34,2026-06-04T20:46:07.000+00:00,published,,https://www.nexusmods.com/baldursgate3/mods/23211,23211,23211
2,Voice Swaps 2 - Astarion,Arkien,Audio,1.0,33,2025-05-24T17:27:29.000+00:00,published,,https://www.nexusmods.com/baldursgate3/mods/16626,16626,16626
2,Ahsokas Lightsabers (Scimitar),Haytur,Weapons,1.1,33,2025-11-11T07:00:04.000+00:00,published,,https://www.nexusmods.com/baldursgate3/mods/19444,19444,19444
2,Incubus Underwear for All,baeator,Equipment,1.0.0,33,2025-12-23T01:35:28.000+00:00,published,,https://www.nexusmods.com/baldursgate3/mods/20258,20258,20258
2,No More Junk,Dio,Miscellaneous,1,33,2026-02-02T03:21:05.000+00:00,published,,https://www.nexusmods.com/baldursgate3/mods/21220,21220,21220
2,Bloodtrail - Path of Undeath Chapter 2,Siael,Gameplay,1.3.1,33,2026-06-27T02:55:57.000+00:00,published,,https://www.nexusmods.com/baldursgate3/mods/21304,21304,21304
2,Haarlep Unleashed,Jefedo6425,Quests,1.0.1,32,2024-11-25T07:34:25.000+00:00,published,,https://www.nexusmods.com/baldursgate3/mods/13967,13967,13967
2,Silent Vocal Sounds,Arkien,Audio,1.0,32,2025-05-19T20:10:50.000+00:00,published,,https://www.nexusmods.com/baldursgate3/mods/16693,16693,16693
2,Galvanic Bolt - A Thunder and Lightning Guiding Bolt Alternative - Multiple Versions,SymboJones,Spells,2.0,32,2025-12-26T23:00:20.000+00:00,published,,https://www.nexusmods.com/baldursgate3/mods/18851,18851,18851
2,Shadow Sorcerer - Shadow Curse Immunity Passive,vialliance,Miscellaneous,1.1,32,2026-03-05T02:03:53.000+00:00,published,,https://www.nexusmods.com/baldursgate3/mods/20585,20585,20585
2,Eat Your Heart Out - Dark Urge consumable,koboldJuno,Gameplay,1.0,32,2026-03-28T15:32:14.000+00:00,published,,https://www.nexusmods.com/baldursgate3/mods/22160,22160,22160
2,Bladesinger Animations BUGFIX,chizfreak,Gameplay,1.0,32,2026-04-14T08:03:25.000+00:00,published,,https://www.nexusmods.com/baldursgate3/mods/22424,22424,22424
2,Better Starting Equipment,ChizFreak,Equipment,1.1,31,2025-10-19T19:26:04.000+00:00,published,,https://www.nexusmods.com/baldursgate3/mods/19303,19303,19303
2,Sandi's Waypoint Only Fast Travel,Sandi,Gameplay,6,31,2026-05-03T17:08:44.000+00:00,published,,https://www.nexusmods.com/baldursgate3/mods/19884,19884,19884
2,Little Secrets with Quil (Dark Urge Spoilers),Poppeii,Gameplay,1.0.1.1,31,2026-02-15T18:23:15.000+00:00,published,,https://www.nexusmods.com/baldursgate3/mods/20101,20101,20101
2,Sanctified Flame - A Sunlight-Themed Fire and Radiant Sacred Flame Alternative,SymboJones,Spells,1.0,31,2025-12-31T00:40:43.000+00:00,published,,https://www.nexusmods.com/baldursgate3/mods/20381,20381,20381
2,No Unlimited Arrows,For_Kiramay,Gameplay,1.0.0.12,31,2026-01-10T16:56:52.000+00:00,published,,https://www.nexusmods.com/baldursgate3/mods/20404,20404,20404
2,The Backpack Urge,Elledwyn,Equipment,1.0.0.17,31,2026-01-07T09:30:05.000+00:00,published,,https://www.nexusmods.com/baldursgate3/mods/20517,20517,20517
2,Historically Accurate Cabbage Vendor,clloudiie,Miscellaneous,1.0.0.2,31,2026-01-07T05:38:49.000+00:00,published,,https://www.nexusmods.com/baldursgate3/mods/20558,20558,20558
2,Ferrety's Feats - Spellbreaker Adept,Ferrety,Spells,1.0.2.0,31,2026-01-31T00:13:33.000+00:00,published,,https://www.nexusmods.com/baldursgate3/mods/20928,20928,20928
2,Missed Opportunity - Reborn,SEVNC3 and The BG3 Campaign Modding Team,Gameplay,V1.2,31,2026-02-16T03:34:34.000+00:00,published,,https://www.nexusmods.com/baldursgate3/mods/21502,21502,21502
2,Act 1 Day to Night Cycling,A Human,Gameplay,1,31,2026-06-15T09:08:04.000+00:00,published,,https://www.nexusmods.com/baldursgate3/mods/23047,23047,23047
2,Consort's Ensemble,Elledwyn,Clothing,1.0.0.13,31,2026-06-25T13:25:17.000+00:00,published,,https://www.nexusmods.com/baldursgate3/mods/23539,23539,23539
2,Auto Digger Balanced,SwissFred,Gameplay,2.1.8.8,30,2026-06-14T06:32:19.000+00:00,published,,https://www.nexusmods.com/baldursgate3/mods/17137,17137,17137
2,Better Scimitars (and Belm),CaptainsShieldMedia,Weapons,1.2,30,2025-08-24T09:04:41.000+00:00,published,,https://www.nexusmods.com/baldursgate3/mods/18049,18049,18049
2,Necrotic Armament and Curios,Cordelliia,Equipment,1.0,30,2026-03-06T18:54:14.000+00:00,published,,https://www.nexusmods.com/baldursgate3/mods/18790,18790,18790
2,Pouch of Collars,JimmyJohn3216,Equipment,1.0.0.22,30,2025-10-22T23:50:56.000+00:00,published,,https://www.nexusmods.com/baldursgate3/mods/19096,19096,19096
2,Hide Equipment Slots,For_Kiramay,Gameplay,1.0.0.14,30,2025-11-28T18:46:58.000+00:00,published,,https://www.nexusmods.com/baldursgate3/mods/19854,19854,19854
2,Additional Divination Spells,oaklei_ch,Spells,1.3,30,2026-01-09T03:06:33.000+00:00,published,,https://www.nexusmods.com/baldursgate3/mods/20466,20466,20466
2,Lunar Barrier - A Buffed Moonlight-Themed Blade Ward Alternative - Multiple Versions - 2024 PHB RAW and Vanilla,SymboJones,Spells,2.0.0,30,2026-01-08T06:30:34.000+00:00,published,,https://www.nexusmods.com/baldursgate3/mods/20553,20553,20553
2,Shadar-Kai Race,Highly-Curious,Races,1.0.1.25,30,2026-03-13T21:36:07.000+00:00,published,,https://www.nexusmods.com/baldursgate3/mods/21859,21859,21859
2,Elderblood Deep Voice 5,MandalfBaldog,Audio,1.4,29,2025-10-21T21:49:12.000+00:00,published,,https://www.nexusmods.com/baldursgate3/mods/18420,18420,18420
2,Chasten - A Necrotic-Themed Bless Alternative - Multiple Versions,SymboJones,Spells,2.0.0,29,2026-03-04T14:15:10.000+00:00,published,,https://www.nexusmods.com/baldursgate3/mods/18531,18531,18531
2,Flame Blade PHB2024,ChizFreak,Spells,1.1.1,29,2025-12-22T09:57:05.000+00:00,published,,https://www.nexusmods.com/baldursgate3/mods/19243,19243,19243
2,Dusk's Favour - A Buffed Moonlight-Themed Cold and Radiant Divine Favour - Multiple Versions,SymboJones,Spells,1.1.0,29,2026-01-11T04:30:10.000+00:00,published,,https://www.nexusmods.com/baldursgate3/mods/20608,20608,20608
2,Githyanki PC Dialogue Overhaul,cravecruncher,Gameplay,1.63,29,2026-06-09T01:27:25.000+00:00,published,,https://www.nexusmods.com/baldursgate3/mods/21397,21397,21397
2,Grimoire - Reborn,SEVNC3 and The BG3 Campaign Modding Team,Resources,V1.6,29,2026-02-15T22:11:53.000+00:00,published,,https://www.nexusmods.com/baldursgate3/mods/21499,21499,21499
2,Combat Stealth-check bug fixes,joow,Gameplay,0.1.0,29,2026-03-10T15:57:43.000+00:00,published,,https://www.nexusmods.com/baldursgate3/mods/21840,21840,21840
2,Biomancer and Blood Cultist Original Classes,RussWZ,Classes,2.3,29,2026-06-28T01:06:44.000+00:00,published,,https://www.nexusmods.com/baldursgate3/mods/22058,22058,22058
2,Guardian of Faith Fixes,koboldJuno,Gameplay,1.0,29,2026-06-06T14:40:16.000+00:00,published,,https://www.nexusmods.com/baldursgate3/mods/23236,23236,23236
2,Shadowheart Missed Memories Noblestalk (Story Fix),Max_Rob,Quests,1.01,28,2024-08-08T23:18:27.000+00:00,published,,https://www.nexusmods.com/baldursgate3/mods/11376,11376,11376
2,Lion's Magic OP Undies,LevelOneLion,Equipment,1.0.0.13,28,2025-12-10T02:02:34.000+00:00,published,,https://www.nexusmods.com/baldursgate3/mods/16657,16657,16657
2,Faerun's Firearms,DazedMika and Ninjoma,Equipment,1.0.1.2,28,2025-12-15T05:36:29.000+00:00,published,,https://www.nexusmods.com/baldursgate3/mods/17917,17917,17917
2,Simple Spell Damage Feats - Toggleable,SpaceHealthcare,Spells,1.0,28,2025-11-15T15:05:54.000+00:00,published,,https://www.nexusmods.com/baldursgate3/mods/19671,19671,19671
2,Garments of the Supreme Necromancer,Khloii1,Equipment,3.2,28,2026-02-12T18:34:14.000+00:00,published,,https://www.nexusmods.com/baldursgate3/mods/20463,20463,20463
2,Talassan's Robe - Outfit Ensemble,BerrySemifreddo,Armor,1.0.0.9,28,2026-06-09T12:41:40.000+00:00,published,,https://www.nexusmods.com/baldursgate3/mods/23261,23261,23261
2,Kaya's Convenient Rituals,kaya137,Spells,2.1.1.0,27,2026-06-23T03:04:46.000+00:00,published,,https://www.nexusmods.com/baldursgate3/mods/16163,16163,16163
2,Traveling Merchant - Fade,GraphicFade,Gameplay,1.0.0.3,27,2026-04-06T15:03:07.000+00:00,published,,https://www.nexusmods.com/baldursgate3/mods/22257,22257,22257
2,Fashion in the streets - Dishonored 2 outfits,yonhi,Armor,1,27,2026-06-03T15:28:37.000+00:00,published,,https://www.nexusmods.com/baldursgate3/mods/23189,23189,23189
2,Better Armor,CaptainsShieldMedia,Armor,1.0,26,2025-09-14T05:05:47.000+00:00,published,,https://www.nexusmods.com/baldursgate3/mods/18636,18636,18636
2,Shadowheart Epilogue Outfit Tweak,xJustAdam,Equipment,1.0,26,2025-10-28T17:57:37.000+00:00,published,,https://www.nexusmods.com/baldursgate3/mods/19418,19418,19418
2,Dawn's Favour - A Fire and Radiant Divine Favour Alternative,SymboJones,Spells,1.1.0,26,2026-01-12T23:40:21.000+00:00,published,,https://www.nexusmods.com/baldursgate3/mods/20447,20447,20447
2,Spells Reworked - Light and Daylight,Muffel-Eolaloe,Spells,1.0.0,26,2026-01-05T15:56:05.000+00:00,published,,https://www.nexusmods.com/baldursgate3/mods/20480,20480,20480
2,Ferrety's Feats - The Dead Three,Ferrety,Spells,1.0.8.4,26,2026-02-27T05:39:09.000+00:00,published,,https://www.nexusmods.com/baldursgate3/mods/21233,21233,21233
2,Shadow Blade On Weapon,Sam,Gameplay,1.0.0,26,2026-03-13T09:16:14.000+00:00,published,,https://www.nexusmods.com/baldursgate3/mods/21872,21872,21872
2,Mirror of Loss Fixes for Shadowheart,koboldJuno,Gameplay,1.0.0.1,26,2026-04-09T04:53:38.000+00:00,published,,https://www.nexusmods.com/baldursgate3/mods/22355,22355,22355
2,Umbral Barrier - A Buffed Necrotic-Themed Blade Ward Alternative - Multiple Versions - 2024 PHB RAW and Vanilla,SymboJones,Spells,2.0.0,25,2026-02-15T02:25:43.000+00:00,published,,https://www.nexusmods.com/baldursgate3/mods/18542,18542,18542
2,Forbidden Arcana - Dunamancy Feats,Lumaterian,Spells,1.0.0,25,2026-01-16T23:03:28.000+00:00,published,,https://www.nexusmods.com/baldursgate3/mods/20756,20756,20756
2,Missing Toolkit Tags - Toolkit Error Reducer,Magnetuning,Resources,1.0.0.0,25,2026-02-11T00:54:39.000+00:00,published,,https://www.nexusmods.com/baldursgate3/mods/21418,21418,21418
2,The Herbalist,SwissFred,Gameplay,3.0.8.10,25,2026-04-20T18:41:19.000+00:00,published,,https://www.nexusmods.com/baldursgate3/mods/21641,21641,21641
2,Party Manager,SwissFred,Gameplay,4.3.8.0,25,2026-04-27T11:55:14.000+00:00,published,,https://www.nexusmods.com/baldursgate3/mods/21666,21666,21666
2,Muscular Dragonborn Body Type 3 and 4,AbrahamtheHeavy and AkELkA,Character Customisation,1.0.0.8,25,2026-06-08T02:53:54.000+00:00,published,,https://www.nexusmods.com/baldursgate3/mods/23029,23029,23029
2,Better Warpicks,CaptainsShieldMedia,Weapons,1.1,24,2025-08-24T08:23:09.000+00:00,published,,https://www.nexusmods.com/baldursgate3/mods/17990,17990,17990
2,Muffel's Pedantic Fixes and Tooltip Improvements,Mueffel,Gameplay,1.0.6,24,2026-06-24T00:18:26.000+00:00,published,,https://www.nexusmods.com/baldursgate3/mods/23201,23201,23201
2,Draco's Fantasy Gunslinger,dracotunes,Classes,12,24,2026-06-25T10:39:15.000+00:00,published,,https://www.nexusmods.com/baldursgate3/mods/23356,23356,23356
2,Better Slings,CaptainsShieldMedia,Weapons,1.1,23,2025-10-23T06:40:51.000+00:00,published,,https://www.nexusmods.com/baldursgate3/mods/18928,18928,18928
2,Progressive Fantasy Weapons,For_Kiramay,Weapons,1.0.0.7,23,2026-01-18T16:05:12.000+00:00,published,,https://www.nexusmods.com/baldursgate3/mods/20356,20356,20356
2,Airy Tona Inspired,Aruless,Equipment,1.0,23,2026-03-18T07:33:39.000+00:00,published,,https://www.nexusmods.com/baldursgate3/mods/21940,21940,21940
2,Clean Thy Mess,Siaell,Spells,1,23,2026-04-24T04:44:32.000+00:00,published,,https://www.nexusmods.com/baldursgate3/mods/22541,22541,22541
2,Daisy's Headband,BerrySemifreddo,Accessories,1.0.0.4,23,2026-05-03T16:41:24.000+00:00,published,,https://www.nexusmods.com/baldursgate3/mods/22686,22686,22686
2,A Bloody Inheritance - Dark Urge Equipment,auracrest,Equipment,1.1,22,2025-09-23T19:18:14.000+00:00,published,,https://www.nexusmods.com/baldursgate3/mods/18773,18773,18773
2,Variable Soul Branding_AiO,Eola,Spells,2.0.0.0,22,2026-02-24T10:55:41.000+00:00,published,,https://www.nexusmods.com/baldursgate3/mods/19063,19063,19063
2,Ranks of the Devoted - Armors of the Absolute,Khloii1,Equipment,2.1,22,2026-04-26T09:13:21.000+00:00,published,,https://www.nexusmods.com/baldursgate3/mods/20351,20351,20351
2,Solar Barrier - A Buffed Sunlight-Themed Blade Ward Alternative - Multiple Versions - 2024 PHB RAW and Vanilla,SymboJones,Spells,2.0.1,22,2026-01-05T18:30:17.000+00:00,published,,https://www.nexusmods.com/baldursgate3/mods/20467,20467,20467
2,Larger areolas and new female pubic texture,mcdyn,Miscellaneous,1.0,22,2026-03-14T21:20:27.000+00:00,published,,https://www.nexusmods.com/baldursgate3/mods/21893,21893,21893
2,Gleaming Bolt - A Sunlight-Themed Fire and Radiant Guiding Bolt Alternative - Multiple Versions,SymboJones,Spells,1.1.0,22,2026-03-30T01:15:36.000+00:00,published,,https://www.nexusmods.com/baldursgate3/mods/21999,21999,21999
2,Psionic Empowerment for Githyanki,koboldJuno,Gameplay,1.0,22,2026-05-21T14:23:35.000+00:00,published,,https://www.nexusmods.com/baldursgate3/mods/22997,22997,22997
2,Less Magic Items,Laurent,Gameplay,1.5.0,21,2026-03-20T22:20:43.000+00:00,published,,https://www.nexusmods.com/baldursgate3/mods/17947,17947,17947
2,Clumped Eyelashes Modding Resource,Lynia,Resources,1.0,21,2025-11-07T03:21:51.000+00:00,published,,https://www.nexusmods.com/baldursgate3/mods/19564,19564,19564
2,Gunhalberd and Borepikes,AeehyehssReeper,Weapons,1.0.1,21,2026-01-11T13:59:38.000+00:00,published,,https://www.nexusmods.com/baldursgate3/mods/20093,20093,20093
2,Mobile Mistletoe,ARAFEL,Equipment,1.0.0.3,21,2025-12-20T23:52:48.000+00:00,published,,https://www.nexusmods.com/baldursgate3/mods/20229,20229,20229
2,Vecna's Afterthought,Foxhead and Siaell,Weapons,1.0,21,2026-03-09T14:55:18.000+00:00,published,,https://www.nexusmods.com/baldursgate3/mods/21818,21818,21818
2,Better Darts,CaptainsShieldMedia,Weapons,1.1,20,2025-10-20T07:00:46.000+00:00,published,,https://www.nexusmods.com/baldursgate3/mods/18931,18931,18931
2,Nostalgia Music Pack,Indefiance,Audio,0.2,20,2025-12-30T20:54:03.000+00:00,published,,https://www.nexusmods.com/baldursgate3/mods/20298,20298,20298
2,Shortbow Expert (Bonus Action and Feat),JaqXL,Weapons,1.0.0.10,20,2026-01-22T13:14:39.000+00:00,published,,https://www.nexusmods.com/baldursgate3/mods/20783,20783,20783
2,Glamdring - (Gandalf Sword),Zuurm,Weapons,1.0,20,2026-02-12T17:26:26.000+00:00,published,,https://www.nexusmods.com/baldursgate3/mods/21452,21452,21452
2,Egypt-Stargate Deities Artifacts,Cayssac,Equipment,4.3,20,2026-03-22T18:14:47.000+00:00,published,,https://www.nexusmods.com/baldursgate3/mods/21850,21850,21850
2,Pee Mod,Beeeast,Gameplay,1.0.0.0,20,2026-04-15T21:24:11.000+00:00,published,,https://www.nexusmods.com/baldursgate3/mods/22451,22451,22451
2,Wye Fey Potions,Nzx,Gameplay,1.0.3,20,2026-06-17T16:25:49.000+00:00,published,,https://www.nexusmods.com/baldursgate3/mods/23323,23323,23323
2,Infinite Combat - Create Your Encounters and Zombies,Jasondunna,Gameplay,1,20,2026-06-18T16:25:53.000+00:00,published,,https://www.nexusmods.com/baldursgate3/mods/23445,23445,23445
2,Camp Activities (Fixed),GabeCamomescro,Miscellaneous,1.0.0.79,20,2026-06-23T14:12:11.000+00:00,published,,https://www.nexusmods.com/baldursgate3/mods/23456,23456,23456
2,Vorpal Sword,OwlsRMajestic,Weapons,1.0,19,2026-03-10T01:45:42.000+00:00,published,,https://www.nexusmods.com/baldursgate3/mods/19734,19734,19734
2,Concentrated Sussur Sap,For_Kiramay,Equipment,1.0.0.3,19,2025-12-19T13:52:18.000+00:00,published,,https://www.nexusmods.com/baldursgate3/mods/20210,20210,20210
2,BG3 Posing Bake and Export Tool,rdekarios,Resources,1,19,2026-01-18T01:29:00.000+00:00,published,,https://www.nexusmods.com/baldursgate3/mods/20767,20767,20767
2,Practical 5e Spells,KJ,Spells,0.1.13.1,19,2026-03-09T06:48:52.000+00:00,published,,https://www.nexusmods.com/baldursgate3/mods/20940,20940,20940
2,Karmic Consequence - All Enemies Instant Die,For_Kiramay,Gameplay,1.0.0.2,19,2026-02-08T15:17:38.000+00:00,published,,https://www.nexusmods.com/baldursgate3/mods/21380,21380,21380
2,Band of the Shifting Star - experimental ring,koboldJuno,Accessories,1.0.0.1,19,2026-03-13T23:01:48.000+00:00,published,,https://www.nexusmods.com/baldursgate3/mods/21883,21883,21883
2,Barn Scene Astarion Priority plus Bard and Barbarian lines unlocked,Seristina,Gameplay,1,19,2026-05-14T17:30:41.000+00:00,published,,https://www.nexusmods.com/baldursgate3/mods/22851,22851,22851
2,Mazzle and Moxi's Group Climbing Fix,Mazzle23,Gameplay,1.2.1,19,2026-06-15T23:02:16.000+00:00,published,,https://www.nexusmods.com/baldursgate3/mods/23262,23262,23262
2,Melinaheart (Shadowheart's Voice),ToxicDrake,Audio,1,18,2025-10-07T17:58:52.000+00:00,published,,https://www.nexusmods.com/baldursgate3/mods/18717,18717,18717
2,Cheat Spells,ChizFreak,Spells,2.1,18,2026-04-12T23:24:20.000+00:00,published,,https://www.nexusmods.com/baldursgate3/mods/22003,22003,22003
2,Ascended Transforms,moxifer3,Gameplay,1.1,18,2026-06-05T06:46:14.000+00:00,published,,https://www.nexusmods.com/baldursgate3/mods/22925,22925,22925
2,Sights of the Seelie Overhaul,MaxStrengthWizard,Spells,1.5.4,18,2026-06-20T14:57:15.000+00:00,published,,https://www.nexusmods.com/baldursgate3/mods/23318,23318,23318
2,For Dulcet Body A - Alvenias Wardrobe - Refits and Custom Outfits,Tamtiy,Equipment,1.0.0.79,17,2026-03-24T18:50:05.000+00:00,published,,https://www.nexusmods.com/baldursgate3/mods/18915,18915,18915
2,Spells Reworked - Enhance Ability,Muffel,Spells,2,17,2026-04-27T22:08:55.000+00:00,published,,https://www.nexusmods.com/baldursgate3/mods/20441,20441,20441
2,Glacial-Necrotic Werewolf Shapeshift Ring (vfx),Cayssac,Equipment,2.0,17,2026-04-06T17:12:33.000+00:00,published,,https://www.nexusmods.com/baldursgate3/mods/21111,21111,21111
2,Mystra Navel Piercing for Gale,RevolutionScribe,Accessories,1.0.0.3,17,2026-03-04T20:01:11.000+00:00,published,,https://www.nexusmods.com/baldursgate3/mods/21732,21732,21732
2,A Perfect Disguise,mons,Equipment,1.0.0,17,2026-05-19T01:52:57.000+00:00,published,,https://www.nexusmods.com/baldursgate3/mods/22929,22929,22929
2,Spells Reworked - Protection from Energy,Muffel-Eolaloe,Spells,1.1.0,16,2026-06-26T13:28:12.000+00:00,published,,https://www.nexusmods.com/baldursgate3/mods/20547,20547,20547
2,Ring of Viciousness (Critical Ring),ChizFreak,Equipment,1.0,16,2026-01-24T01:24:58.000+00:00,published,,https://www.nexusmods.com/baldursgate3/mods/20932,20932,20932
2,FATE Patch for HomeBrew,Sir Gameboy,Equipment,1.0.0.4,16,2026-04-20T09:37:19.000+00:00,published,,https://www.nexusmods.com/baldursgate3/mods/21718,21718,21718
2,Myrkul's Blessings - Necrotic Themed Radiating Orb,TrueSoulNatasha,Equipment,1,16,2026-05-14T01:05:12.000+00:00,published,,https://www.nexusmods.com/baldursgate3/mods/22847,22847,22847
2,Cleanse Cantrips,swissfred,Gameplay,9.0.8.0,16,2026-06-10T13:01:10.000+00:00,published,,https://www.nexusmods.com/baldursgate3/mods/23312,23312,23312
2,Spells Reworked - Aid,Muffel,Spells,1.0.0,15,2026-04-27T00:18:34.000+00:00,published,,https://www.nexusmods.com/baldursgate3/mods/20378,20378,20378
2,Spells Reworked - Pass Without Trace,Muffel-Eolaloe,Spells,1.0.0,15,2026-04-25T21:55:16.000+00:00,published,,https://www.nexusmods.com/baldursgate3/mods/20567,20567,20567
2,Clansong - Astarion as Dragonborn,AkELkA,Character Customisation,1.0.0.6,15,2026-04-26T08:03:01.000+00:00,published,,https://www.nexusmods.com/baldursgate3/mods/20920,20920,20920
2,Lyn's Extra Shaders,Lynia,Resources,1.0,15,2026-01-24T19:55:59.000+00:00,published,,https://www.nexusmods.com/baldursgate3/mods/20977,20977,20977
2,No Tortured Screaming,Roxidium,Audio,1.0,15,2026-01-30T13:32:02.000+00:00,published,,https://www.nexusmods.com/baldursgate3/mods/21125,21125,21125
2,Lamp Of Luxury,For_Kiramay,Maps,1.0.0.23,15,2026-05-18T01:34:18.000+00:00,published,,https://www.nexusmods.com/baldursgate3/mods/21809,21809,21809
2,Twitch Items Enabled,MidnightChord,Equipment,1.0.0.4,15,2026-04-14T23:56:52.000+00:00,published,,https://www.nexusmods.com/baldursgate3/mods/22431,22431,22431
2,Updated BG3 IK Animation Rig (finger fix and more body types),rdekarios,Resources,1,15,2026-04-25T17:14:40.000+00:00,published,,https://www.nexusmods.com/baldursgate3/mods/22559,22559,22559
2,5e Magic Items - Modders Resource,Laurent,Resources,1.6.0,14,2026-03-21T15:37:54.000+00:00,published,,https://www.nexusmods.com/baldursgate3/mods/17876,17876,17876
2,Great Old One Warlock Equipment,StuWil,Equipment,1.0,14,2026-02-08T01:58:34.000+00:00,published,,https://www.nexusmods.com/baldursgate3/mods/21371,21371,21371
2,Frostmourne Ultimate,yoonmoonsik and Shadrax,Weapons,1.0.0.10,14,2026-04-15T21:10:05.000+00:00,published,,https://www.nexusmods.com/baldursgate3/mods/22450,22450,22450
2,Wish Spell,actualsailorcat,Spells,1.00.01,14,2026-06-18T23:14:12.000+00:00,published,,https://www.nexusmods.com/baldursgate3/mods/23446,23446,23446
2,Saethos Shared Icon Repository,Saethos,Resources,1,13,2026-02-05T15:09:56.000+00:00,published,,https://www.nexusmods.com/baldursgate3/mods/19737,19737,19737
2,Malevolach (DISPATCH) - Karlach Voice Mod,ToxicDrake,Audio,1,13,2026-05-13T09:14:34.000+00:00,published,,https://www.nexusmods.com/baldursgate3/mods/21614,21614,21614
2,Immersive Nudity Compatibilty Patches,A Human,Character Customisation,1.5,13,2026-04-28T06:38:57.000+00:00,published,,https://www.nexusmods.com/baldursgate3/mods/21652,21652,21652
2,Dream Guardian and Tav Transformation spells,FluffySpider,Spells,1.0,13,2026-03-22T05:52:31.000+00:00,published,,https://www.nexusmods.com/baldursgate3/mods/22063,22063,22063
2,Forest-Sussur Cantrips,cayssac,Spells,1,13,2026-04-20T11:08:55.000+00:00,published,,https://www.nexusmods.com/baldursgate3/mods/22361,22361,22361
2,Lacuna - Scythe,Nevaty,Weapons,1.0,13,2026-04-24T00:03:14.000+00:00,published,,https://www.nexusmods.com/baldursgate3/mods/22519,22519,22519
2,Ring of Magical Arrows,ID10T-B0T,Equipment,v1.0.2,12,2026-02-13T20:11:23.000+00:00,published,,https://www.nexusmods.com/baldursgate3/mods/19871,19871,19871
2,Expanded Armoury,Fondor_Yards,Equipment,1.5,12,2026-03-14T23:40:27.000+00:00,published,,https://www.nexusmods.com/baldursgate3/mods/21830,21830,21830
2,Monarch ring,cayssac,Equipment,1.6,12,2026-04-06T16:57:01.000+00:00,published,,https://www.nexusmods.com/baldursgate3/mods/22146,22146,22146
2,YoRHa Unofficial Ceremonial Attire at Home,aruless,Equipment,1,12,2026-04-06T04:38:05.000+00:00,published,,https://www.nexusmods.com/baldursgate3/mods/22310,22310,22310
2,Loadout Swap,ForKiramay,Gameplay,1.0.0.9,12,2026-04-11T13:34:16.000+00:00,published,,https://www.nexusmods.com/baldursgate3/mods/22386,22386,22386
2,Dread Bow of the Banshee Queen (Sylvanas),haytur,Weapons,1.0R,12,2026-05-29T05:12:50.000+00:00,published,,https://www.nexusmods.com/baldursgate3/mods/23104,23104,23104
2,Shotgun - Crossbore,AeehyehssReeper,Weapons,1.0.0,11,2026-01-11T14:08:12.000+00:00,published,,https://www.nexusmods.com/baldursgate3/mods/20641,20641,20641
2,Taco Bell Divine Smite (Sound Replacer),SkinnySalesman,Audio,1.0,11,2026-01-20T03:12:31.000+00:00,published,,https://www.nexusmods.com/baldursgate3/mods/20784,20784,20784
2,Grymskull Circlet,AdrianModsX,Equipment,1.0,11,2026-02-23T22:48:19.000+00:00,published,,https://www.nexusmods.com/baldursgate3/mods/21623,21623,21623
2,The mercilessness of winter,2Trinkets,Weapons,1.0,11,2026-06-12T14:35:20.000+00:00,published,,https://www.nexusmods.com/baldursgate3/mods/21899,21899,21899
2,Sanguine Devour and Swarm,Cayssac,Equipment,4.1,11,2026-04-28T21:21:12.000+00:00,published,,https://www.nexusmods.com/baldursgate3/mods/22143,22143,22143
2,Coruscation Ring - Spirit Guardians Fix,OsoMoore,Gameplay,1.0.1,11,2026-04-01T12:31:41.000+00:00,published,,https://www.nexusmods.com/baldursgate3/mods/22239,22239,22239
2,Twin Verdicts - Twin Longswords set,Nevaty,Weapons,1.5,11,2026-04-16T22:41:50.000+00:00,published,,https://www.nexusmods.com/baldursgate3/mods/22389,22389,22389
2,Cloud and Vision Overhaul - Mechanics and Spells Reworked (including Hunger of Hadar),Mueffel,Spells,2.0.0,11,2026-06-27T10:36:20.000+00:00,published,,https://www.nexusmods.com/baldursgate3/mods/22798,22798,22798
2,Devil May Cry 5 (DMC5) Nero Clothes,KraytClaw - Lokplart,Equipment,1.1,11,2026-06-15T10:13:11.000+00:00,published,,https://www.nexusmods.com/baldursgate3/mods/22808,22808,22808
2,Tishra's Tossers - More Throwing Weapons for Tavern Brawlers,TrueSoulNatasha,Weapons,1,11,2026-05-16T23:53:40.000+00:00,published,,https://www.nexusmods.com/baldursgate3/mods/22818,22818,22818
2,Shar's Dark Standard,CheapShotUK,Weapons,1,11,2026-06-02T21:25:11.000+00:00,published,,https://www.nexusmods.com/baldursgate3/mods/22975,22975,22975
2,Halsin's Druidic Leather Pants,DieRadian,Equipment,1.0.0.0,10,2026-04-14T17:37:46.000+00:00,published,,https://www.nexusmods.com/baldursgate3/mods/22429,22429,22429
2,Undead Nurses' Surgical Instruments,sarymsak,Weapons,1.0,10,2026-06-03T20:50:48.000+00:00,published,,https://www.nexusmods.com/baldursgate3/mods/23152,23152,23152
2,WoW Action Resources,Royah97,Classes,01.,9,2026-02-18T16:28:07.000+00:00,published,,https://www.nexusmods.com/baldursgate3/mods/21539,21539,21539
2,Shar's Blood - Darkness and necrotic,Cayssac,Equipment,2.0,9,2026-02-19T16:22:34.000+00:00,published,,https://www.nexusmods.com/baldursgate3/mods/21547,21547,21547
2,Mute Main Menu Music,wes47,Audio,1.0,9,2026-03-13T16:08:06.000+00:00,published,,https://www.nexusmods.com/baldursgate3/mods/21876,21876,21876
2,Volo's Cooler Ersatz Eye,jerinski,Spells,1.0.0,9,2026-05-11T16:16:58.000+00:00,published,,https://www.nexusmods.com/baldursgate3/mods/22802,22802,22802
2,Legendary Rings for Durge and Tav,romanxocs,Equipment,1,9,2026-06-14T14:56:38.000+00:00,published,,https://www.nexusmods.com/baldursgate3/mods/23362,23362,23362
2,Load Order Baldurs Gate Mod Collection,bagheera450,Resources,1.7,8,2026-04-05T02:13:14.000+00:00,published,,https://www.nexusmods.com/baldursgate3/mods/21507,21507,21507
2,NoRacialRequirementGear,EtherealTr,Gameplay,1.0.2,8,2026-04-23T16:13:26.000+00:00,published,,https://www.nexusmods.com/baldursgate3/mods/21731,21731,21731
2,Githyanki Equipment,UseYourRifle,Equipment,1,8,2026-05-16T15:36:25.000+00:00,published,,https://www.nexusmods.com/baldursgate3/mods/22345,22345,22345
2,Randomized Disguise Self,djgLXXII,Spells,2.2.0,8,2026-06-19T14:48:57.000+00:00,published,,https://www.nexusmods.com/baldursgate3/mods/23291,23291,23291
2,BG3 IK Animation Rigs - Revised,Echo20 and Hound,Resources,1,8,2026-06-25T01:06:58.000+00:00,published,,https://www.nexusmods.com/baldursgate3/mods/23550,23550,23550
2,Legendary Weapons for Durge and Tav,romanxocs,Equipment,1,7,2026-06-24T16:22:30.000+00:00,published,,https://www.nexusmods.com/baldursgate3/mods/22922,22922,22922
2,Anoint - A Moonlight-Themed Bless Alternative - Multiple Versions,SymboJones,Spells,1.0.0,7,2026-06-12T11:00:26.000+00:00,published,,https://www.nexusmods.com/baldursgate3/mods/23162,23162,23162
2,Ultra Mobility Boots,PookieKunz,Equipment,1,7,2026-06-09T07:55:43.000+00:00,published,,https://www.nexusmods.com/baldursgate3/mods/23301,23301,23301
2,The Dogs That Went to Hell,AeehyehssReeper,Equipment,1.0.0,6,2026-01-11T14:14:40.000+00:00,published,,https://www.nexusmods.com/baldursgate3/mods/20642,20642,20642
2,Cullen Rutherford (Dragon Age inquisition) - Gale's Voice Mod,ToxicDrake,Audio,1.0.0,6,2026-04-11T13:20:00.000+00:00,published,,https://www.nexusmods.com/baldursgate3/mods/22385,22385,22385
2,Ice Cold Murder Dagger,PookieKunz,Weapons,1,6,2026-06-08T23:53:07.000+00:00,published,,https://www.nexusmods.com/baldursgate3/mods/23293,23293,23293
2,Elementally Based Gear,UseYourRifle,Weapons,1,5,2026-04-16T13:33:20.000+00:00,published,,https://www.nexusmods.com/baldursgate3/mods/22460,22460,22460
2,Equinox,bennymp4,Weapons,2.0.0.7,5,2026-06-26T19:28:53.000+00:00,published,,https://www.nexusmods.com/baldursgate3/mods/23558,23558,23558
2,Location Mod Tser Encampment,Spectral Otter,Quests,0.1,4,2025-06-26T06:20:06.000+00:00,published,,https://www.nexusmods.com/baldursgate3/mods/17281,17281,17281
2,Enraging Heart Garb Fix,Adrix973,Gameplay,1,4,2026-06-10T10:48:03.000+00:00,published,,https://www.nexusmods.com/baldursgate3/mods/23305,23305,23305
2,Sheltering Steel - Heavy Armors for Act I,Cordelliia,Armor,1.1,3,2026-05-25T23:15:45.000+00:00,published,,https://www.nexusmods.com/baldursgate3/mods/23041,23041,23041
2,Legendary Amulets for Durge and Tav,romanxocs,Equipment,1,3,2026-06-19T04:00:42.000+00:00,published,,https://www.nexusmods.com/baldursgate3/mods/23454,23454,23454
2,Baldur's Gate 3 Profanity Filter,GameScrubber,Audio,1.0.0,2,2026-05-23T20:02:14.000+00:00,published,,https://www.nexusmods.com/baldursgate3/mods/23024,23024,23024
2,Hag's Rings Collection,blackninjato2,Equipment,1.1,2,2026-06-20T21:37:41.000+00:00,published,,https://www.nexusmods.com/baldursgate3/mods/23477,23477,23477
2,Failed Dice Roll Laughtrack Sound Replacer,Siegemaker AKA Kerstmangang,Audio,2,1,2026-05-30T00:04:58.000+00:00,published,,https://www.nexusmods.com/baldursgate3/mods/23049,23049,23049
2,Illidan Stormrage Voice Mod,ToxicDrake,Audio,1.0,0,2026-06-25T21:37:20.000+00:00,published,,https://www.nexusmods.com/baldursgate3/mods/22758,22758,22758
2,Emotional Narrator - Female (Jane),ToxicDrake,Audio,1.0.1,0,2026-06-23T14:39:16.000+00:00,published,,https://www.nexusmods.com/baldursgate3/mods/23469,23469,23469
2,Cursed Justice for Sorrow,blackninjato2,Weapons,1.1,0,2026-06-27T18:35:51.000+00:00,published,,https://www.nexusmods.com/baldursgate3/mods/23590,23590,23590
2,Legendary Armors for Durge and Tav,romanxocs,Equipment,1,0,2026-06-28T15:26:39.000+00:00,published,,https://www.nexusmods.com/baldursgate3/mods/23611,23611,23611
